date,market_return,cross_sectional_dispersion,breadth,realized_volatility_20d,trend_60d,liquidity_stress,sector_dispersion,sector_return_max_minus_min,market_move_to_dispersion
2021-03-25,-0.005738324149600434,0.012423501885236683,0.31666666666666665,0.008069344646534998,0.09232989884027469,-0.006781018572175057,0.002883967335063174,0.008099170571888964,0.4860121921366521
2021-03-26,0.0017825971170673932,0.012662626732999876,0.5833333333333334,0.007384837937408829,0.09912339887276828,-0.022055990133324377,0.0036690628713206305,0.011160454389044328,0.41809457575966463
2021-03-29,-0.0032277724577178396,0.014192433081165893,0.425,0.00665527332661714,0.09500782565503442,0.04362246570712569,0.0029482920392713443,0.008058675130401876,0.32673965936994137
2021-03-30,-0.008452370189218635,0.01298779581861708,0.2833333333333333,0.006279454761275778,0.08658088415959186,-0.0072434632823039635,0.0028957482421142476,0.007379084617576174,0.3367160139782918
2021-03-31,0.002570240712802927,0.014771868400931464,0.6,0.00629310489024979,0.0862871071998759,0.08379672892846624,0.0036853695232291956,0.011689977751149841,0.2985897895061091
2021-04-01,0.0026504036608924727,0.013235975249555873,0.575,0.00560164492591714,0.0933403900608719,0.023139527262160065,0.0064111378023610395,0.018296865164618106,0.2955927065918287
2021-04-02,-0.00850090239654072,0.013385111176423237,0.24166666666666667,0.005882985965968035,0.08382634091780973,-0.010857006466663544,0.00507852881124801,0.017666474892323175,0.32269598725822074
2021-04-05,-0.0030201706319914986,0.014261257580130573,0.425,0.005823650106962984,0.07889889981511454,0.16526702249810976,0.0038144965932462014,0.010782148964608605,0.3024819494974663
2021-04-06,0.0036621142117867368,0.012382445204735958,0.6416666666666667,0.005451560530761602,0.07524623323882225,-0.1556632518179688,0.002754029445532315,0.008179503699038393,0.3195754385215876
2021-04-07,0.005082654666408786,0.01383072105818763,0.6416666666666667,0.005487307961620209,0.07453450085043471,-0.058028032047620304,0.003776530408408246,0.011437828485828997,0.28871781081061265
2021-04-08,0.0061931294880994015,0.01326483460921787,0.7083333333333334,0.005668150462068761,0.09800569688064584,-0.029139628190138822,0.0028372421911485265,0.008898801584592761,0.3181439814477051
2021-04-09,0.0018026675747440939,0.013173295427393062,0.525,0.004600493773489951,0.12207268780749883,-0.12728369458723043,0.003947488651764526,0.012384235747756728,0.27291227809529556
2021-04-12,-0.006724410250996147,0.012380791124288488,0.26666666666666666,0.004882373246635201,0.10554812556162854,-0.15116711551869155,0.005877091250187232,0.017746542400251406,0.31561586852751417
2021-04-13,-0.007342426437499652,0.013871879669511068,0.275,0.005166784026387468,0.09141614602956254,-0.01978824740732632,0.004189759067303099,0.011928846545504879,0.30414939247369716
2021-04-14,0.0003493028900911577,0.01519199622058384,0.5166666666666667,0.004699643809487784,0.09944944430750097,0.06710680448742834,0.005600320319074133,0.016061899336377358,0.2490838540782156
2021-04-15,0.003281262117446451,0.013321189082371834,0.6083333333333333,0.004585084094348861,0.11948697392383328,0.1586186371605356,0.002484158936835609,0.008135994972127036,0.27634265814640335
2021-04-16,0.01117499415024518,0.013588447803882573,0.8083333333333333,0.005279220472296678,0.12761552910307747,0.03174496636126223,0.0037342013716236957,0.010210172568882181,0.3059912097251343
2021-04-19,0.005465739618664903,0.012036202850379785,0.7416666666666667,0.005422678149102305,0.12585617785066108,-0.01107226263979011,0.004053338039944897,0.012332688572595365,0.3634346298698079
2021-04-20,0.00019838893487227164,0.013086795963324056,0.5,0.005422045119299636,0.10855915663474576,-0.09569367478654689,0.0023514391015401863,0.006683202828969448,0.3337342599144942
2021-04-21,-0.007031264520548518,0.012379930159988776,0.3,0.005649350155798396,0.09365709009840288,-0.08366400403621399,0.0034209171131479995,0.010050273172811666,0.3806610173046431
2021-04-22,-0.0011813597216103525,0.013966450875716805,0.4666666666666667,0.005508228197048736,0.09957259148626758,-0.03323283021449819,0.005010263294662444,0.013184788832194023,0.3211058147392143
2021-04-23,0.0019487060876798802,0.012387762096942373,0.5583333333333333,0.005511282456017933,0.11212127913941988,-0.07060857163209566,0.004914874969614037,0.014208255445450738,0.36269779810365227
2021-04-26,0.0002848699836259094,0.013584325814732756,0.5,0.005460590493949971,0.11157806381121864,-0.06265047330667328,0.003320397001460329,0.009207020407213447,0.31991789445855395
2021-04-27,-0.003982439694369858,0.015125708745974093,0.36666666666666664,0.005175261078979756,0.1138783287516306,0.010223885825611623,0.004521358107346837,0.01386482945643137,0.2725407752309834
2021-04-28,-0.0007830309086849279,0.011954455767645492,0.475,0.005153616768044046,0.12131360692271297,-0.13855944893109662,0.00276311027780264,0.007774011850311655,0.3373647429651475
2021-04-29,-0.002265956326771001,0.01253025788034565,0.4,0.0051466470591572736,0.09645823043654796,-0.032220080822793706,0.004576319987239712,0.014253832647554376,0.3203277673103365
2021-04-30,-0.004372398603618419,0.014298579616921915,0.35833333333333334,0.004865804062792312,0.07768065671516028,0.029308917289799674,0.0051306643963316845,0.014438233205748061,0.2662757031112281
2021-05-03,0.0017616739807083137,0.01387814595455721,0.55,0.0048197690130097025,0.06815104446421065,-0.13458929619940618,0.005844238522402634,0.016936419996960765,0.2698083390017976
2021-05-04,-0.00334187800471245,0.01295583726724458,0.4666666666666667,0.004822895621198529,0.07382073706196278,0.13658976166396197,0.004765295213709552,0.01412765586837646,0.28777975681249335
2021-05-05,0.0013469432028867304,0.012595958829973868,0.5416666666666666,0.004687176322745667,0.06369794723313132,0.043805120535828634,0.002282633121426853,0.007475255104030689,0.2811728882811162
2021-05-06,0.0024097446356631737,0.012594266897895836,0.55,0.004489413471768289,0.057626406513427736,0.04456778518580329,0.003892754690924834,0.009535654915809908,0.2661903951576632
2021-05-07,-0.006683854986348932,0.014911655805562012,0.275,0.004672561461999336,0.04624128453602878,-0.002939184178087695,0.004956443408402819,0.014226076346878136,0.24118932865327497
2021-05-10,-0.004355906952775581,0.012469648890914438,0.3333333333333333,0.004542012757016727,0.023601023575488867,0.12091243626635284,0.003052107149895517,0.008523708136794265,0.2789258236834063
2021-05-11,0.010528401141925796,0.01333661367664987,0.8,0.004901019988489825,0.029983384790311603,0.04703597112057367,0.0047731367076128,0.014147430814198699,0.27273833608384157
2021-05-12,-0.0063248213287268925,0.012793184961653903,0.3,0.0051155367010135,0.016684784514851086,-0.023645860104581473,0.003896470219187114,0.011284350830392975,0.3076780142624786
2021-05-13,-0.015164956600173116,0.01300375908333251,0.10833333333333334,0.006051776463247612,-0.003122840287818309,-0.14147560465405018,0.002894262048754205,0.007559487986887147,0.3483889881532318
2021-05-14,-0.012241528916492802,0.013402570007753488,0.175,0.005829679518601966,-0.020154698848397337,0.012953177456667353,0.005510090070063554,0.0152973480284826,0.3420010643399953
2021-05-17,0.0003088268546731305,0.012971037713355636,0.5,0.0055820670269541356,-0.005515403888338155,0.07113291894475593,0.004441883863490462,0.014638188784091802,0.33350050049498287
2021-05-18,-0.000770428692646005,0.014658375795732783,0.525,0.005562069254738331,-0.005866339649651355,0.20109067945505488,0.003249172801660275,0.00927405435373354,0.29706221329785515
2021-05-19,-0.0023167442226829566,0.013458233847591088,0.44166666666666665,0.005458664976160114,-0.00248860325052636,0.09667752830285115,0.005264131721107687,0.018428637115416542,0.3060374480768908
2021-05-20,0.00784124805375354,0.01209002457525392,0.6916666666666667,0.005906915369176174,0.019297234460876354,0.1380692045483365,0.003427214003330385,0.012566056426401509,0.3682141364756054
2021-05-21,-0.035783629992916725,0.01539223982315792,0.0,0.009547483578988577,-0.03314494931553053,0.12089756966943688,0.004932419356051113,0.013636413716537205,0.39912736708824226
2021-05-24,0.0035996828570330343,0.01444316926676955,0.5666666666666667,0.00964845226130465,-0.045911934943530144,0.03300253389042429,0.0031763392316635237,0.009791469110504582,0.4368296653833599
2021-05-25,0.024069952402137336,0.013488856345395527,0.9583333333333334,0.011449984443303295,-0.03557499097385467,0.05182813564165312,0.004809119959352781,0.012915818429696267,0.542194256206388
2021-05-26,-0.013568900257702542,0.015809088118434244,0.19166666666666668,0.011724646436936324,-0.05096352718361211,0.18206349368374475,0.006979631132679432,0.021481499406476468,0.5030570922964208
2021-05-27,-0.0035843509338442524,0.013973820728327674,0.38333333333333336,0.011725391916346443,-0.06716370833929673,0.07499180767263769,0.005301304500183356,0.014612576080283058,0.5738440321347059
2021-05-28,-0.007077519037090208,0.013212049227178816,0.2833333333333333,0.011759646487790234,-0.07387760332461153,0.04671079587266891,0.005510236736995142,0.017309414671359616,0.617167671156628
2021-05-31,-0.006729235673145542,0.01446231672045903,0.2833333333333333,0.011733171318692994,-0.0837379830400191,0.04392659138405297,0.0061328605354843135,0.019135883671907928,0.5809876729832706
2021-06-01,-0.0051376821314172896,0.014065101000335617,0.35,0.011739637559073082,-0.07808059818264182,0.07771673163055481,0.003981378063285039,0.012807730824406848,0.6037793787260496
2021-06-02,0.015316275350488212,0.014180575231609378,0.8916666666666667,0.012436903369218696,-0.06712597450697938,0.08980711202238412,0.004416682335220878,0.011206512034428368,0.6481178937364437
2021-06-03,0.01723491465448913,0.012682328580125756,0.925,0.01318217659846536,-0.051545153541195404,-0.09821344146433808,0.0039183541559069035,0.012101795563428696,0.783132449949871
2021-06-04,-0.003153985121590482,0.012452897389357486,0.4,0.013140320838305582,-0.040397006473847676,0.09658593649928071,0.004337317363074808,0.014456902192206106,0.7833879340499863
2021-06-07,0.019257444252551437,0.014714944953333073,0.95,0.013941212379839826,-0.02066355354305746,-0.016540813961201106,0.0036720989970388694,0.011549222783745266,0.7135960383865081
2021-06-08,-0.0022194517206667965,0.013319857877758419,0.4083333333333333,0.01369072528126212,-0.023994439097224464,0.0621735904567523,0.0028558448761443283,0.008445903069082075,0.7571461381394465
2021-06-09,0.015680510071523643,0.014649246580144068,0.875,0.014144255620033356,-0.01736408799949825,0.046104436329258314,0.003841669001989604,0.012135839867096062,0.7203690191244719
2021-06-10,-0.001698495465922438,0.013122539683670602,0.4666666666666667,0.01370931221709309,-0.024401208964291703,-0.007364762695226235,0.004052527244291105,0.009603798840892611,0.7528680096454391
2021-06-11,0.002503866781244589,0.013706028525358089,0.6166666666666667,0.013383399078711215,-0.023537680711224418,0.09513390536167765,0.006749399037987975,0.019819337189507576,0.6852938624050154
2021-06-14,0.002430191430928309,0.01360428052164035,0.5333333333333333,0.013384465707027095,-0.022244681975584393,-0.12097362517951527,0.005835234816917888,0.016558505033145987,0.6982159357916125
2021-06-15,0.033230848293413606,0.017365002810668936,0.9666666666666667,0.015151140550509168,0.011321770502576704,-0.19361907228238806,0.005580260419967411,0.015632490724602346,0.6404690259188429
2021-06-16,0.007104898724421934,0.01232390255041819,0.7583333333333333,0.015123747760998982,0.018296297574246466,-0.031079234206807804,0.002651877385411203,0.007430929542441445,0.9218795843146724
2021-06-17,-0.0062580849165201164,0.012974712443707997,0.3,0.015237242868528098,0.01777653680732678,-0.07623212712885552,0.002717627501717855,0.006846202082114755,0.8695372673884201
2021-06-18,0.009051654452765434,0.013033779535465678,0.7833333333333333,0.012278959028580061,0.025045594143024822,-0.0026782047081088667,0.0042598532220150895,0.01125562965616302,0.7630478327013901
2021-06-21,-0.006870862948560699,0.013768930986196195,0.30833333333333335,0.012561875803259322,0.021402503652181964,-0.06589558872963552,0.00500745589467214,0.016838567871288325,0.734185990267201
2021-06-22,-0.0023987679719689715,0.013136799886016286,0.4,0.011757836426257382,0.027456105869431625,-0.06901808444728474,0.00578461535301471,0.016702093078701137,0.6870316277802202
2021-06-23,0.00930449948929345,0.014433477685903235,0.75,0.01114173086430638,0.03419036464592215,-0.12499444391937331,0.0040918722327289,0.011443817488724872,0.6105373329186582
2021-06-24,0.0027168261684311023,0.01301236212034723,0.5333333333333333,0.010995194585490201,0.034256787153460776,-0.13801648283450318,0.0030565857746703037,0.009164168615181104,0.6738823168093385
2021-06-25,0.004504791156046668,0.01358134684949852,0.65,0.010646460996462423,0.04726248070604817,0.0179206416921337,0.0038139110732419946,0.008949595869335737,0.6361787556503297
2021-06-28,0.0001255329849929905,0.013260179115284106,0.5,0.010348604452410625,0.05040818432303265,0.0686394645581293,0.00379310314278626,0.009678841270413005,0.6266867990330174
2021-06-29,0.006210893571792457,0.013261208110118255,0.7166666666666667,0.010039033197299048,0.05295696368303837,-0.14447632021019707,0.002926153858465888,0.009239835265668054,0.6306846033129664
2021-06-30,0.005737857690078589,0.013394188727198887,0.6666666666666666,0.009802083761561938,0.05361216670670818,-0.031268072597416596,0.004394325977243435,0.014820587700723035,0.5886671491606692
2021-07-01,-0.024877824068677012,0.0171856448858452,0.058333333333333334,0.011545045376627459,0.022541213149931766,-0.0066533667769388405,0.00704694178169727,0.021104330741037843,0.4810331191515812
2021-07-02,0.007922585574129299,0.013851348821129384,0.7416666666666667,0.011473537291702966,0.02866113114931697,-0.13284796541112343,0.003666072966110065,0.009635738742219374,0.6140408776452276
2021-07-05,-0.012686638407217697,0.013319669325788423,0.15833333333333333,0.01147191660801534,0.022698902993095425,-6.360283374728937e-05,0.003929254723614643,0.012814920394066892,0.6138856674616273
2021-07-06,-0.021252573446018237,0.01452434276134527,0.058333333333333334,0.012614460476028442,0.008788755984576836,-0.10222517543479848,0.0057865053177779706,0.0178460922775215,0.628490413004538
2021-07-07,-0.0026738762653443727,0.013694791737970127,0.4,0.012190898241665448,0.0057655768291413065,-0.011939059751818082,0.004016588406900276,0.010783984581418604,0.6190731960444577
2021-07-08,0.0019695617704309333,0.013681980391891703,0.5333333333333333,0.012181986662657391,0.00445387648212579,0.07494475477742191,0.004925129942747581,0.013057882261112097,0.6206434713680911
2021-07-09,-0.0070379900452606945,0.013609285917537817,0.3333333333333333,0.012297621744567977,-0.013759107713380085,-0.10824453876899454,0.004279666779903474,0.013169687656971704,0.6406168568756136
2021-07-12,0.006214529603647908,0.011077306395678535,0.7416666666666667,0.012360868759368473,-0.013010317728397081,-0.024392901216378604,0.002082132950454835,0.006864460752839451,0.8041264328416169
2021-07-13,-0.01690918887740111,0.013425992340136163,0.08333333333333333,0.010283585672727474,-0.030117895540670462,0.1314641677332551,0.0035346830495873354,0.008342590564455259,0.6026721676625001
2021-07-14,-0.006892945242241622,0.014029956262789568,0.31666666666666665,0.010105736458535639,-0.029979576262363562,0.002410964512104874,0.005035353922100109,0.014292855174915452,0.5759728741259991
2021-07-15,-0.008591375813946419,0.014139596865588201,0.225,0.010162223826488962,-0.03738959235469963,0.09319713834517251,0.0059883957820621595,0.017129363944203068,0.5797576023799367
2021-07-16,-0.0006727465848616542,0.013864679520179272,0.475,0.009790056704614579,-0.04001104502724116,-0.027735751251614982,0.0012872916530961287,0.0038366143162427042,0.5610366523579419
2021-07-19,0.0039985675857733,0.013682072562123513,0.6666666666666666,0.009883109513624583,-0.03629734742509377,0.1010405386899027,0.0034809864029075824,0.008588966532666591,0.5580279289713652
2021-07-20,-0.014411760618259455,0.012706686749889222,0.14166666666666666,0.010219054969089699,-0.04672666834898337,0.11260138046941226,0.003417838096149178,0.012293721393626845,0.6481334127689933
2021-07-21,0.009932605153305291,0.013914218712867504,0.7916666666666666,0.01026091984293219,-0.03601103228699315,0.08663664932751813,0.0036291412724222503,0.009002023680976324,0.5941428478300189
2021-07-22,0.001156289083589256,0.013528623839160939,0.575,0.010218333743852042,-0.0325887868766329,0.12475150989066275,0.004630592312405154,0.015079546833671943,0.6053096585808124
2021-07-23,-0.028282441110786188,0.015418253418956905,0.041666666666666664,0.011438637923345908,-0.056498829383800665,0.10273508503887108,0.004481495448291364,0.015377144446868513,0.6082329119949158
2021-07-26,-0.02931314527811865,0.01402593220219213,0.008333333333333333,0.012575094358502473,-0.08757364864262762,0.03292392241719788,0.0015958820152713337,0.004838523707313348,0.7726595019367223
2021-07-27,-0.0010342218305556645,0.012912055513677185,0.4166666666666667,0.012290084360609207,-0.08526599246847084,0.0394041053918317,0.002726953548988546,0.0067894970847720264,0.8192681785852676
2021-07-28,-0.002798647992861104,0.013063224607917322,0.38333333333333336,0.011972757233107388,-0.08941158366421867,0.07864880188617362,0.001826844666961166,0.005088810866629058,0.7985375763422926
2021-07-29,-0.0007629344933620864,0.01425188761284044,0.43333333333333335,0.011306379361106633,-0.09258426279324394,0.04431040497338967,0.004615296611949277,0.012467104615792889,0.6473339875725299
2021-07-30,-0.0009368266703523972,0.014934731281311266,0.475,0.010893839707897266,-0.08683723447724741,0.15919131778710605,0.003186640250032964,0.010097618324578936,0.5943490462914679
2021-08-02,-0.0005890991735692827,0.01433162436170989,0.5,0.010870961768004297,-0.0830704266980411,0.08668914534864591,0.0011518626987535607,0.003856484775151196,0.5771548376668038
2021-08-03,0.0011003926070844877,0.013831952285183215,0.55,0.010350909067214881,-0.09249843523288241,0.10378686720124108,0.005197002353011988,0.013559151807736964,0.5251577752924106
2021-08-04,-0.006885546929154527,0.01298541215920218,0.275,0.01034764609837889,-0.09305916083331005,0.09044563451279053,0.0033824881812672715,0.009504432394166012,0.575610595304149
2021-08-05,-0.008358815227793751,0.013455260337338957,0.24166666666666667,0.010236681831606259,-0.08625301946093068,0.08722996129683269,0.004296162046736099,0.012002807578561984,0.5792532660603772
2021-08-06,-0.012136879615380248,0.0134881237157669,0.15,0.010338578704300114,-0.08614837015981813,0.06665230156830515,0.003947262813787117,0.012929018297757226,0.5967433383780004
2021-08-09,-0.0015187557727706763,0.014261536180215228,0.48333333333333334,0.010004454852650158,-0.08797595278726193,0.16948617450038062,0.004646233659160511,0.013591325991189058,0.5479184839778201
2021-08-10,0.005550087112320274,0.014976294505761998,0.675,0.009999058607023277,-0.08165543698229566,-0.0040530319495828415,0.005755580614373352,0.01697789612541955,0.4838449318699231
2021-08-11,-0.0048835356192077255,0.013205795155452614,0.3333333333333333,0.00998989417330284,-0.08422222837882042,0.18101455780881148,0.0031150193267054714,0.009643216014841666,0.5411059030930205
2021-08-12,-0.0160280432864054,0.013664850835651209,0.10833333333333334,0.01026628010309304,-0.10809151971897936,0.11179064647854975,0.005467416828413457,0.01844420959274201,0.5501389790265732
2021-08-13,-0.011670801641067523,0.014220913966161468,0.19166666666666668,0.010297415568259824,-0.08397869136713017,0.08538539062506412,0.0023266751247943414,0.007574766047416267,0.567296156863218
2021-08-16,-0.00866338051670672,0.012605916552266474,0.24166666666666667,0.010043319648665741,-0.09624175474086992,0.19605302584013717,0.003974456315522755,0.014397393057640527,0.6584773469042292
2021-08-17,-0.007105794601805672,0.013919377696767184,0.325,0.009872850871731472,-0.12741750174481292,0.11160435834250282,0.004168727986403888,0.013117803955194409,0.5700982011324306
2021-08-18,-0.005336220429012399,0.015114372489746081,0.3333333333333333,0.009124851220629069,-0.11918482191612279,0.17478875969379015,0.0026448016353237754,0.007099587677938281,0.5098189127483026
2021-08-19,-0.004031922919199444,0.01269239358609708,0.4166666666666667,0.008955189444138829,-0.11963239390147798,0.12672120058823622,0.004819763929070511,0.013450712102969527,0.6184313926392666
2021-08-20,-0.0066023950273227305,0.014857392302710968,0.3,0.007453081076675922,-0.1191572698917105,0.054241980451107175,0.0029740581476344137,0.009711734471043737,0.45535395440612336
2021-08-23,0.002425537249164958,0.013765040358247348,0.5166666666666667,0.005325746778780925,-0.1100024969694,0.08532226435739221,0.004387173102985988,0.01484141830111807,0.39382317775093606
2021-08-24,-0.0044185173813611,0.014289771200839477,0.3416666666666667,0.005262777491165984,-0.10928333221934382,0.18246523672169146,0.005588905245219298,0.016083127795976235,0.3912033744085923
2021-08-25,-0.004911600284043884,0.011930827902429633,0.3333333333333333,0.005244142737155743,-0.1295112078538759,0.041071949144393716,0.0020153090317590826,0.005919503162029986,0.47740646118064806
2021-08-26,0.0004316591335870774,0.012181901040320511,0.5333333333333333,0.005298920286891606,-0.14631446337477796,0.21175576369401916,0.0039062457329868327,0.012525737342591567,0.46620724803688673
2021-08-27,-0.018959770249144973,0.01283589299193799,0.06666666666666667,0.006093148361684751,-0.16212024850233245,0.17612232775024583,0.003932055307392068,0.011362142432195948,0.5126591303727918
2021-08-30,0.004079013413682607,0.012790824913269432,0.625,0.006379095378069141,-0.17729867934120128,0.08748893649986778,0.004501180486821223,0.014515547955746217,0.5281077253901834
2021-08-31,-0.00024668928111603764,0.013631923270091289,0.4583333333333333,0.006313665791868828,-0.1753259169016505,0.17102232220514946,0.006358080823300633,0.017635291216183006,0.4923918768849876
2021-09-01,-0.006804064317168529,0.014977593347228717,0.35,0.006312726166755955,-0.1978104912903427,0.15899792277838676,0.003582576345976178,0.009500441826599466,0.4478806439990768
2021-09-02,0.022912497566438275,0.013249233574166488,0.9833333333333333,0.008899532717578349,-0.17319949825798198,0.07239195083044792,0.003966474932319226,0.013231582931058111,0.5612293140747279
2021-09-03,-0.00826410627534453,0.01237171258365393,0.25833333333333336,0.00875169199321851,-0.1839674713145711,0.036584139383970427,0.00482631026479961,0.013039079998631012,0.5853853744882723
2021-09-06,0.026636519766015745,0.015349914454970904,0.975,0.01107698549561955,-0.15976114297948366,0.03623243409250865,0.0027347780778605875,0.00854619603951207,0.5536257435463271
2021-09-07,-0.00338005016512642,0.012003456079893443,0.35833333333333334,0.010923043450442618,-0.19637204143802367,0.08212459880890133,0.0037752912028532026,0.009260517361002255,0.6989325324561494
2021-09-08,-0.023922861358097278,0.015169006214801274,0.08333333333333333,0.011905101763261023,-0.2273998015205429,-0.5116169596758746,0.004834361683594026,0.015403197624426913,0.6158328443412102
2021-09-09,0.001179175474534468,0.01309372059272424,0.5,0.011584198853645571,-0.21996254112948832,-0.4657342370075692,0.0026294619772348204,0.006952209403526993,0.6567368527227684
2021-09-10,-0.021270921897177743,0.012800763004796203,0.025,0.012154547964561667,-0.2502851174794315,-0.38823282211442356,0.005046687702446596,0.01645229905729959,0.7092651322347543
2021-09-13,-0.011028868536555892,0.014152250264267988,0.18333333333333332,0.012220684389422552,-0.25444312306742667,-0.5144334014885654,0.004592124118728656,0.012837332506923248,0.649890236149715
2021-09-14,0.011559995937792384,0.01522395027343987,0.7916666666666666,0.012631125948754934,-0.2404843591576653,-0.4540934197106885,0.004807496493292826,0.015371633719978803,0.6187697124529452
2021-09-15,0.010773154035161383,0.013768837951464505,0.8,0.012950195328919823,-0.23901570461179739,-0.5777579267555231,0.004320444536871879,0.012715960767929033,0.7039058813507859
2021-09-16,-0.011386180348770836,0.012662851940110085,0.2,0.013123378416983767,-0.2531187111289993,-0.34602049809369717,0.004464105745516658,0.014016267274496376,0.7944244260659726
2021-09-17,0.018213152767673005,0.013215604748524378,0.9083333333333333,0.013825626796311807,-0.239410349517373,-0.48820293380464297,0.003940902100011456,0.013270382018700011,0.8051252269091898
2021-09-20,0.022421639669424415,0.01444762779339939,0.925,0.014763798403972194,-0.21711424283294156,-0.44097639146632006,0.0030079707088658866,0.007349097235771991,0.8056701113402674
2021-09-21,0.028960025983144323,0.012420407317180507,0.975,0.01604732854211367,-0.19436511042158972,-0.6502181985392652,0.003475370958034284,0.011249720580898594,1.035964199435038
2021-09-22,0.008250619446953978,0.01275033477640407,0.7,0.016025334711799878,-0.19185234866471432,-0.040995952541507785,0.005570739641067328,0.01660045876476147,1.022251455331704
2021-09-23,0.015913209688675607,0.014038401982611116,0.8833333333333333,0.01629147277038767,-0.1510613149073617,-0.14152682793268379,0.007525579499769841,0.019502714933330292,0.9835966961199407
2021-09-24,-0.024549710158898334,0.013676779080982552,0.016666666666666666,0.01673504433714245,-0.1835336106403893,-0.13467434806659306,0.004729255639477559,0.01343030236273958,1.0300395086425218
2021-09-27,-0.004263420960534616,0.013656175570951442,0.39166666666666666,0.01681059139017464,-0.17511039319370625,0.09788836817651825,0.0060812783989738824,0.01831687180142011,1.0322687423348678
2021-09-28,-0.01284332058581002,0.013293793617334541,0.15,0.01715472691828836,-0.16670114033349803,-0.058983139420459185,0.003128992480493551,0.009959365526252355,1.1077857209820026
2021-09-29,0.003341391896558367,0.012733885203300247,0.6333333333333333,0.017031636565363443,-0.1606858721715953,-0.06311179248891374,0.002248565971720431,0.005582537921127761,1.142898722077574
2021-09-30,-0.008886521538037382,0.01401025124921674,0.275,0.0164980085267076,-0.1715419554800636,0.07190540477934748,0.0029477804974783043,0.009707930888846767,0.9887219064175428
2021-10-01,-0.004144521968797567,0.014243019385519798,0.4083333333333333,0.016403376744746283,-0.1686484874036005,0.1284223586267338,0.004103141927983656,0.01134345059214248,0.9581018420195719
2021-10-04,0.02561938159365831,0.01576245512286648,0.95,0.01632133835055719,-0.1492436354135901,0.003379280238818616,0.004702776491996573,0.016205342281696726,0.8625183129528063
2021-10-05,-0.0035126855325841853,0.012549887082984807,0.4083333333333333,0.016323250455667866,-0.13584713206877316,-0.057540272302117446,0.002926268620426207,0.008166706595910496,1.0838374782976101
2021-10-06,0.0037693701875704424,0.014319609126207137,0.6416666666666667,0.015234186569403231,-0.12518481663896108,0.30697550546406194,0.005232124749279255,0.017085755013651026,0.8795186586040254
2021-10-07,-0.0045477444119269165,0.01311632494549736,0.31666666666666665,0.015312078251362594,-0.12114118523694159,0.32627055238405567,0.004499694736922529,0.01300208121172809,0.9730463304560446
2021-10-08,0.0036885187369125935,0.01199298418246832,0.6166666666666667,0.014288274997122612,-0.11677991991516734,0.3242264897260444,0.003801013786988041,0.009481969992024246,0.990885297476162
2021-10-11,-0.0007442500561026737,0.01406941208953921,0.425,0.013923297824241364,-0.1215227375570433,0.24610519078394777,0.006310536118323751,0.020506247396559617,0.8080963655690129
2021-10-12,0.004924903194366628,0.013455376630997964,0.6833333333333333,0.013809294710445081,-0.10218607374441722,0.31110376228260705,0.005457449533161689,0.015087659083605678,0.8203178878434287
2021-10-13,0.011742502372776735,0.012425566251592668,0.8333333333333334,0.01383765312543473,-0.10037617652494579,0.2399077396638597,0.005028514414484989,0.01468636322535815,0.8922050979799703
2021-10-14,0.01744449102401839,0.012507732963649838,0.925,0.013695472114807901,-0.08408797458451665,0.2736783053104649,0.002588800870710418,0.005899676519068697,0.9105622195341322
2021-10-15,0.005351009402877233,0.013932627698296217,0.5833333333333334,0.0133417476772646,-0.05045452407085323,0.3391549398226713,0.004174662917758537,0.010752568804164671,0.7712803466208696
2021-10-18,0.00662091022067755,0.014378373697144835,0.6666666666666666,0.012669086499980439,-0.014520468572057032,0.21048578781697047,0.005809252784676149,0.01700351518135069,0.6924236118595998
2021-10-19,-0.003837869456885315,0.012641281780810677,0.39166666666666666,0.011258809885747876,-0.017324116198386683,0.36431844627992005,0.0028952483677010883,0.009669309011656324,0.6882069217804611
2021-10-20,0.00022306485349429656,0.012742425386024105,0.5166666666666667,0.011165707736325834,-0.01430240335203128,-0.0008621617625310662,0.0031978199374880956,0.009345321786372356,0.6512449271360763
2021-10-21,0.004898825683124141,0.013853330570862379,0.725,0.01068194390783018,-0.008640643175545054,0.08669237883918124,0.0020871338710233374,0.005311469097672945,0.5592677264250313
2021-10-22,0.004528994229321387,0.012576355482965335,0.65,0.008839225640262193,-0.0031748222758712693,-0.1335447381559951,0.0031148516443896424,0.008897366763663992,0.5364578716338066
2021-10-25,0.004017247042855261,0.013302057627482246,0.625,0.008700136613585017,0.0014315239405532747,-0.24778863860117473,0.004624940783237715,0.012143769829211197,0.506265751360485
2021-10-26,0.003518475793299433,0.013654657064174892,0.6,0.007873562455618014,0.00384960712676822,0.03203668820675143,0.004732567245272889,0.011727979981812653,0.4590473367681757
2021-10-27,0.002275526389174979,0.012403929658778269,0.575,0.007879727828300702,0.013010680445097726,-0.1025778256231793,0.004501090792134963,0.01356967292985269,0.5010380464407765
2021-10-28,0.01140601212285492,0.012407492230459111,0.8416666666666667,0.007477039683025084,0.032775507795746395,-0.2793111142112752,0.003327040997657297,0.008942994131314087,0.5110472846477311
2021-10-29,0.003183297466944185,0.012500114775792763,0.625,0.007197081379461596,0.04809568487807083,-0.22996551211327887,0.0050700063194553035,0.015260722371478217,0.5034156966908481
2021-11-01,0.001760730789572161,0.012126958592739169,0.5916666666666667,0.005342942868841005,0.051375171440413675,-0.15617760660598545,0.004475880374955404,0.012926586683917302,0.4205359001902102
2021-11-02,0.0017906778124871553,0.014405797844352105,0.5916666666666667,0.005084404483774868,0.04761576214058055,-0.04940368633698933,0.004184208007390732,0.011698997751809121,0.34803494513341265
2021-11-03,-0.012836101181006553,0.012381979119225478,0.15833333333333333,0.006341723708851464,0.03966319657878172,-0.10611772549588538,0.003593388503500143,0.010649709024619116,0.4415334220314775
2021-11-04,0.0026625347765295345,0.01380183063629676,0.5083333333333333,0.006073140014407031,0.058353774641716656,-0.09511893172128394,0.003272456416353063,0.010154636269799816,0.38928148532227314
2021-11-05,-0.019431436539305333,0.012911399728475827,0.075,0.007966781242659813,0.05059313974347886,-0.12188889831929894,0.004923565713323523,0.01596606541642814,0.4770933554785749
2021-11-08,-0.008058535319400437,0.012858449497696064,0.24166666666666667,0.008283906365717656,0.05119798494078514,0.03342530440142244,0.005610497704273987,0.0194362861849841,0.5074995460936272
2021-11-09,0.003800347027785233,0.013031074203554914,0.6,0.008267589520391628,0.062104126570376034,-0.0855083636954932,0.002091138355064495,0.005010098686776692,0.49646171713569337
2021-11-10,0.00239991637885489,0.011956847937497869,0.5833333333333334,0.00794910802795185,0.06984026337824333,0.06858313593478638,0.0039846233706410696,0.010809901245196351,0.5019968646334965
2021-11-11,-0.015582008909437794,0.013125661347780539,0.125,0.007911627498897603,0.058290177388004974,-0.1166505925928385,0.003663199557317607,0.011550725231567043,0.450200253779486
2021-11-12,-0.009633596286594808,0.01508889167500977,0.225,0.008079436344929584,0.05525897612873291,-0.12051475119724886,0.005350475879098831,0.013716917816228028,0.40581545323979556
2021-11-15,0.02000063549643549,0.015127768233961149,0.9333333333333333,0.009203278095077667,0.07283407437600344,0.030492539975529254,0.0035314163828067424,0.008964655830938953,0.4489949589867315
2021-11-16,-0.0006893689449188812,0.01427904997761122,0.5,0.009163640398329743,0.07656322281244565,-0.03366709713593852,0.006182926135928703,0.017101500615042148,0.4646574290707685
2021-11-17,0.012971867533410354,0.012744870377813902,0.8333333333333334,0.009611579889249239,0.09444669062989988,-0.1030680685679457,0.0023391923692846696,0.006262494815546254,0.5706065711602043
2021-11-18,0.0016330190288418758,0.014167067596974607,0.525,0.009563203085040124,0.09564805052515468,-0.013894828965061556,0.002322214123193097,0.006671927123800532,0.5017987247388918
2021-11-19,0.001710726814682699,0.013367900834131289,0.48333333333333334,0.009521164059839968,0.11631854758898236,0.0840199729114226,0.004999761935038936,0.01692218161260273,0.5212563415288396
2021-11-22,0.00963052949930958,0.014851914372894152,0.7666666666666667,0.009715855102640752,0.12187006367460933,0.04451779498454733,0.005164179518693976,0.0161658373660584,0.4880695527555594
2021-11-23,0.0022882588130277983,0.013571787005983797,0.5333333333333333,0.009700458896261609,0.12440501176875317,-0.06469171414311048,0.0028202035464142297,0.006617651638465083,0.5295733239373617
2021-11-24,-0.015870965319364324,0.013858276091210195,0.125,0.010358313876650052,0.11533811076655737,0.06449367301549724,0.004387720404531884,0.013249354596277726,0.5676772674508898
2021-11-25,-0.002278185497848424,0.013428594595662145,0.4,0.009986666694089529,0.09014742770227067,0.10463352484044641,0.003308945552860023,0.010227844464544163,0.5518549926424722
2021-11-26,-0.001902523300704,0.013743348808563146,0.43333333333333335,0.009938440747062594,0.0965090106769112,0.08448624007269268,0.006070352605896265,0.01526502671851684,0.534556632870904
2021-11-29,-0.019278759878409782,0.012917430295131994,0.041666666666666664,0.010684926312161126,0.05059373103248567,0.09082463018427755,0.003772747531233189,0.012601592983326105,0.636542991140927
2021-11-30,-0.006325517181983641,0.01398852282671669,0.30833333333333335,0.010674161311167442,0.04764826401562846,0.06213829770274648,0.005015415585753501,0.015978703964278945,0.6040124315524839
2021-12-01,-0.011866132017312379,0.014694786313458556,0.15833333333333333,0.010627976010745058,0.059704993356413355,0.16701423929689152,0.0051458914483199485,0.014865057052382589,0.5716818910468845
2021-12-02,0.0041142960477776325,0.013698250021781247,0.5833333333333334,0.010671333537079284,0.06264011392965652,0.14656801060220015,0.004581394001759411,0.015706977784357683,0.6185703486428583
2021-12-03,-0.003190832543194133,0.012797194679671237,0.375,0.009915778305318116,0.08072020328364013,0.08312954639303105,0.005660079413868594,0.0178850490823006,0.5986703557878146
2021-12-06,-0.003864204576458434,0.014402297449805,0.4083333333333333,0.009820482838292595,0.08788486724373759,-0.02118885471691856,0.005187136972168652,0.012423376772443049,0.517388602810623
2021-12-07,-1.4536264155398313e-05,0.013735672526160625,0.55,0.009746912634461704,0.07631033504178981,0.017155148393567132,0.003584984489927672,0.009669144813710182,0.5287177604740161
2021-12-08,0.0015265123142357412,0.012677004969528055,0.5083333333333333,0.009729104791575911,0.06706369332086416,-0.010589686765088313,0.004916573397977914,0.014262724523524959,0.5694265980613477
2021-12-09,0.003105126389504313,0.012180064688063617,0.575,0.00922316943625726,0.08155500005913931,0.07072509067351518,0.0019565739926617307,0.00575966059213771,0.5414404484954275
2021-12-10,-0.0051336270453988956,0.012598910917786147,0.3333333333333333,0.009052117475164158,0.05820822024606741,-0.01274826790475081,0.0024552756130634405,0.007055544515061361,0.5055818925075766
2021-12-13,-0.00713024709061297,0.013303436949088318,0.31666666666666665,0.007727053593563655,0.028656333486030028,-0.0003925070767483163,0.003452065614929794,0.01085561582332135,0.4304347686219524
2021-12-14,0.005548896931289299,0.01512766692943498,0.6666666666666666,0.007907738615214809,0.005245204434175006,0.155320176523004,0.004817428068306816,0.014703673718876847,0.39459080056563856
2021-12-15,-0.0046055446789004285,0.0137113034159645,0.325,0.007127673813320839,-0.007610959691679401,0.10199387193383325,0.005029225619158341,0.013855728304932105,0.40484277046830397
2021-12-16,-0.007907622603301726,0.01383308151891146,0.24166666666666667,0.007149030219539817,-0.03143179198365673,0.10855799118074994,0.0035458875809262756,0.009973990372073664,0.4239584818723078
2021-12-17,8.057280861999543e-05,0.013707656204665073,0.5083333333333333,0.007100758627494977,-0.006801509016138405,0.07878038012558608,0.005193360873497867,0.015288416395118985,0.4218915658318225
2021-12-20,0.0020634905920306037,0.012778065878353652,0.575,0.006565114566852624,-0.0004745974635731857,0.030741614133875217,0.004140878428043175,0.010662067814663953,0.4229742314807082
2021-12-21,-0.010971780795810182,0.012962434418263447,0.175,0.00661575194387781,0.001396942326426653,0.08797082334672834,0.005362027831202215,0.018223831968905087,0.4504530943368777
2021-12-22,-0.0005164425084580866,0.012507718372776365,0.4583333333333333,0.0060568068890286516,-0.0024608920785898006,0.0641133418508344,0.004401810189682046,0.013198923166078163,0.4054490517101904
2021-12-23,0.003755892659448469,0.013898657540146157,0.625,0.006263810896380967,0.010181522118896051,0.12399107815894295,0.006051568149858223,0.019373165096183163,0.3701888399306657
2021-12-24,0.0013347865372762438,0.012894818185932999,0.575,0.006338465084042806,0.01566083062496986,0.029398624682426155,0.003311637269967481,0.01047460367315864,0.39680598822174845
2021-12-27,0.0015440100596122704,0.012273894145517343,0.5833333333333334,0.005108347245393836,-0.008414540909076177,0.10649664436371398,0.003943675384162162,0.012453157472534664,0.34463419124515743
2021-12-28,-0.008156647178451267,0.013769161719783827,0.26666666666666666,0.0052068723177046946,-0.01305850255494326,0.12535249963820783,0.0036107678923686624,0.01213021561058618,0.31385789273453835
2021-12-29,-1.095965649242561e-05,0.013898351945738739,0.5166666666666667,0.004673801891038974,-0.016838832399006125,-0.1503606526291421,0.0033531620027695995,0.011312076744398478,0.2682909080594037
2021-12-30,-0.0011507630755294566,0.01239505508085269,0.475,0.004490263597572879,-0.013441851062608668,-0.043217978614264796,0.0031033852263658832,0.010028603617880499,0.2888752645375656
2021-12-31,-0.002476540886754391,0.013659166723950502,0.45,0.004480483624787705,-0.019606910686275653,0.010098073085258452,0.0041277958153386925,0.012245947053465447,0.25952609732782966
2022-01-03,0.003312024034700818,0.015228885831487259,0.6166666666666667,0.0045799872737382055,-0.01555063659547216,0.05191326370918192,0.00394224868441809,0.011713690187389696,0.23096247778394757
2022-01-04,0.008915246461327289,0.013293156733112991,0.7333333333333333,0.005114919443645164,-0.0115602933285115,0.06392953979343363,0.004219347112524733,0.011950296011427594,0.29807342190720143
2022-01-05,0.011809487157321028,0.014876489056872909,0.7833333333333333,0.005832231149817842,-0.011493308543967209,0.06739774324878756,0.005424586856746672,0.013392195330553207,0.30091007632435157
2022-01-06,0.009688455890412024,0.015155768133299812,0.725,0.006209838020221974,-0.019249343677573576,0.05407298159234453,0.006888076582747055,0.02014904766531306,0.31708402308085953
2022-01-07,0.0003647810306791339,0.014191123740700855,0.5083333333333333,0.006091197320509129,-0.024235572049771673,0.12636343421098117,0.00553282842565704,0.01870261591425629,0.3218356569432496
2022-01-10,0.0006941325068258275,0.01415068009240417,0.5916666666666667,0.005836522576809693,-0.030162349763623395,0.1046588020353878,0.004031237976474926,0.011726788432285175,0.300014124758633
2022-01-11,0.007321017592290606,0.015333696650488391,0.725,0.005927302030997903,-0.019003462714447476,-0.1805814547732243,0.005897927220533675,0.019075199743100582,0.2826461247082302
2022-01-12,0.0005306209467767704,0.013078370284510935,0.5416666666666666,0.005792588484807781,-0.018695906621165003,0.07586255301969091,0.0056833791972841444,0.012992869537551032,0.3158087482809317
2022-01-13,0.0036071319974309195,0.01308794165670452,0.5916666666666667,0.005419709682970403,-0.01998760030685822,-0.017732707089185507,0.004325770032321516,0.013096540357571296,0.29914858436175434
2022-01-14,0.009068977706817584,0.014052478684015268,0.75,0.0056557573741101526,-0.015447616829362028,0.004946651635770127,0.00302555710430007,0.009285625034214358,0.3105971239570056
2022-01-17,0.002293300218435123,0.013580046382999868,0.5666666666666667,0.005656048862733171,-0.017171563653782165,-0.014989485931942825,0.004877118334235083,0.014786022417012639,0.3222485271125999
2022-01-18,-0.0022376166475414744,0.015503543141686484,0.4166666666666667,0.0048821224805531485,-0.02292765609462307,-0.06669497902560328,0.0053652346887129165,0.01610617683978914,0.2540994469216878
2022-01-19,-0.0009677429402860093,0.01472745655873726,0.49166666666666664,0.004897740942986213,-0.02617092542408406,-0.12693742603285263,0.0036535234779120833,0.012881305314197615,0.26902179228428574
2022-01-20,0.0034975167911491987,0.011859761777916976,0.6166666666666667,0.004894488032869873,-0.03407942075578978,-0.17975140228121456,0.005421119735610106,0.013861440389378955,0.3329820648808262
2022-01-21,0.0018582669401068378,0.013701952391417596,0.5833333333333334,0.004889612930039904,-0.03540445128262713,-0.04984999103468146,0.004549382980783707,0.015260067921941633,0.290123762832294
2022-01-24,0.0012672975300045137,0.014332255638042564,0.5083333333333333,0.004892777071885415,-0.03589788454219477,-0.12230416070113148,0.0031622513608115144,0.009233907365151653,0.276399365146104
2022-01-25,0.004638416847699326,0.011687518193596381,0.675,0.004221853501064503,-0.033050145506982605,-0.17727932598118867,0.003362104307627117,0.009614664223126596,0.3238938139153555
2022-01-26,-0.0014519065499480337,0.01394763987117215,0.5083333333333333,0.00428951095856279,-0.021665950875924087,0.023190222548842954,0.003974304811323325,0.011953379610376142,0.27657454761037154
2022-01-27,0.005695316990044854,0.013347460618552388,0.7166666666666667,0.004210838941358233,-0.018633168662408765,-0.14536824106241197,0.0023108696255653514,0.007899264486157484,0.30603498298769344
2022-01-28,0.006537322410316299,0.014471788950082158,0.6833333333333333,0.004030502954229996,0.007335590287212866,0.026488060058304397,0.005433850925216024,0.014755377996815453,0.2962887984544123
2022-01-31,-0.006229580249929221,0.013477458480874551,0.2833333333333333,0.0046162080572086026,0.009164545356684081,-0.10118409176756171,0.00560967295839368,0.018129299333412383,0.32897202217753746
2022-02-01,0.011887467725405517,0.014058663528799403,0.8166666666666667,0.0048470415958138235,0.017251666054304365,-0.05538219816538392,0.0032796349271389256,0.009360686516963857,0.3259426348801977
2022-02-02,-0.0014916809141526034,0.01443883636810384,0.4666666666666667,0.004549356856989203,0.013360068761296874,0.006755576561389476,0.004432703780963999,0.011953818940093165,0.2816312490593459
2022-02-03,-0.006922390565734292,0.012066597384155985,0.26666666666666666,0.004743214844315437,0.022019687105000373,-0.15101532190952316,0.004725943711210139,0.012960737516912143,0.32553702837856524
2022-02-04,-0.004354083608331025,0.012041539957948438,0.35833333333333334,0.004941937284453575,0.027299199783264158,-0.059375646208025046,0.002979054120705284,0.008984795887871906,0.3427791958815652
2022-02-07,-0.0034242407179486973,0.0127067443802504,0.35833333333333334,0.005072846057111722,0.003874323568879969,-0.0010879738964824082,0.006673845803387607,0.019827583194397463,0.3355772861178322
2022-02-08,0.0008378880786986758,0.01240525641242753,0.55,0.004888883714277582,0.005401580592497526,0.09163946780326915,0.0031818385709451074,0.00890580907347663,0.31760232822683426
2022-02-09,-0.003567379722107968,0.012187492592040812,0.375,0.0050043404512510915,-0.011137666663020795,0.024363570314050675,0.003881311538904959,0.010744792773359435,0.33573569187451996
2022-02-10,-0.0023727885053137624,0.012937303009995856,0.4583333333333333,0.005020693578609761,-0.015143474197176435,-0.19841036209583351,0.004407743050950414,0.013477366479440447,0.31150689443423973
2022-02-11,0.004719624427123299,0.012785812170475603,0.65,0.00472594326848846,-0.012134576584735834,-0.07518773455464567,0.003815713283215348,0.010929422077819006,0.29818922475786824
2022-02-14,0.004539666657711616,0.012471241981828347,0.6333333333333333,0.00479670434770786,-0.0172254394263338,0.04063273886625263,0.004014955890868057,0.012513474071889016,0.31471682986318333
2022-02-15,0.0035907224740604057,0.014745625682911077,0.5666666666666667,0.004790809273947882,-0.01592297576530119,-0.047380133353116305,0.005194693352693986,0.017698833753756617,0.270762673497853
2022-02-16,0.0024270314152737217,0.014951169692649584,0.575,0.004780743616396842,0.0023750209693368554,0.04342408179198165,0.00314718944142545,0.008629418377644874,0.271920494491593
2022-02-17,0.006271114585726146,0.013326858694920257,0.675,0.004893338346304812,0.010924321052911426,0.008932831446360923,0.00668511511996903,0.018239321999117937,0.3154688919590887
2022-02-18,-0.012955382629413667,0.012187740047823456,0.16666666666666666,0.005824609330942658,-0.00012853827579824284,0.020443807812089543,0.003588162611030388,0.010216633304688477,0.39047970432361484
2022-02-21,-0.001473147855723076,0.01393442838429452,0.44166666666666665,0.005837386219651013,0.017677073746888462,0.022469333619198673,0.005549577857023778,0.016012830521014487,0.3422714958231547
2022-02-22,-0.02207949525226292,0.012469443348886384,0.03333333333333333,0.007595580484591414,0.0019230956766091815,0.021663989161367248,0.001482690163387192,0.004095650900221383,0.45241887780540835
2022-02-23,-0.0037103109626707587,0.013194145326231596,0.35833333333333334,0.007619545965961412,0.010078916731250803,0.04208603011827028,0.005134401150236032,0.013609529751543628,0.43612766459052876
2022-02-24,0.001637279805159423,0.012401017584488822,0.5666666666666667,0.007481749571672741,0.0076019004886325936,0.20271788784421907,0.003665110368135177,0.011079138519995615,0.44765922557007554
2022-02-25,0.008705440272096177,0.013129725594661372,0.7666666666666667,0.007615890002520904,0.019498173303922905,0.013618874741494369,0.003633239807276844,0.009578377603013317,0.43107038151227417
2022-02-28,0.011574490940236411,0.013740752212346845,0.7833333333333333,0.00802631155484383,0.03493686882061775,0.05057411559385239,0.004596209601750071,0.011808774495590597,0.43135057412880856
2022-03-01,0.0027820883377967435,0.012946150184129191,0.6333333333333333,0.007541762755633928,0.037733493422569896,-0.0034867565358358554,0.006330429496482325,0.016229802420749152,0.42265942450482435
2022-03-02,-0.00562006320511202,0.011774213058707428,0.325,0.007618851761373051,0.03058691790322213,-0.11399907038809864,0.003380420247231514,0.009803406264095671,0.4822599584883337
2022-03-03,0.0026307522305166913,0.013434396265828248,0.6333333333333333,0.007524894419233396,0.03011254374423451,0.0409051658995222,0.005240400884035449,0.015787150070893194,0.40669111406677116
2022-03-04,-0.004715804139615194,0.01168492718315377,0.3416666666666667,0.007535093144479377,0.030530366650018213,-0.025015500937774826,0.003507613846365981,0.010890003560541926,0.46912877802365943
2022-03-07,6.441462928057677e-05,0.01390336762295371,0.5083333333333333,0.007504400251597847,0.037725028369911755,-0.052572380329552804,0.00455973530751569,0.012128076645136395,0.3821911676651819
2022-03-08,0.009870673393559045,0.012121487041993785,0.8583333333333333,0.007842923394416508,0.0420468048321815,-0.07413928004433523,0.0022127342258831365,0.007334232269524176,0.4756333568698573
2022-03-09,-0.007187036342948126,0.012005477624227625,0.25833333333333336,0.007973076635128114,0.0394653131681338,-0.13486211628752565,0.004676247567098146,0.011289156382708866,0.495304442622086
2022-03-10,0.008000371731210851,0.012857476988188682,0.7583333333333333,0.008150473144905064,0.05537330750264638,0.05099798096456998,0.0033929213516318245,0.011842782200246177,0.48436762283112494
2022-03-11,0.006175318710677385,0.013827072550795717,0.6416666666666667,0.008196941415649183,0.06146805340470377,0.04635491001915182,0.006596675987356672,0.01887075556941113,0.45566624861529104
2022-03-14,-0.007904723203113221,0.011945650342486375,0.275,0.008347207744321437,0.05149983960955995,-0.008972067594446687,0.002496926540170895,0.00790734612318525,0.5415178680406789
2022-03-15,0.007818511234274399,0.01190811274394848,0.775,0.008497658940603305,0.07029013163964452,-0.05477999515247922,0.004120570736829676,0.012834112815222811,0.5609765953238971
2022-03-16,0.008313119544446307,0.014082050521214454,0.7166666666666667,0.00868185807217886,0.07911969369254893,-0.09592752052534337,0.005840704426445304,0.019578005021164954,0.49527424573466655
2022-03-17,0.003404805943102844,0.013658086887514836,0.6166666666666667,0.008603314109864459,0.0787686069762033,-0.06961452818464364,0.0032203330081916346,0.009420760431073082,0.5001550784103819
2022-03-18,-0.005971998081893654,0.011576224630408185,0.3,0.00816921256525468,0.07146182235703341,-0.021526948645844035,0.004562903483661159,0.015127472847027921,0.5599400925374262
2022-03-21,-0.0101647674695083,0.013454454869619683,0.225,0.008510251475841286,0.059753044827912834,-0.08866174949676076,0.0035362229132511443,0.010800267230814755,0.5140730961231106
2022-03-22,-0.00563345260512219,0.014711228336089548,0.35,0.006885579025865483,0.062276239401241905,0.06517969464988416,0.004785467206941418,0.013888065659078953,0.41425984288249845
2022-03-23,0.0061856479325579136,0.012716472333327736,0.6916666666666667,0.006884581534405057,0.06847284699029224,-0.14283545819703658,0.002627194591833093,0.006619310832471911,0.4889750730094337
2022-03-24,-0.008505398675380072,0.011842946930177678,0.23333333333333334,0.007238282098532365,0.06111821139044163,-0.18230702550076994,0.0029402090501643038,0.008260901549020799,0.5540381097548299
2022-03-25,0.004540610507996072,0.01154382317959258,0.6166666666666667,0.007062438369004784,0.06813536278519208,0.03996042248401366,0.002352223370023189,0.006977271459272978,0.5503551417998787
2022-03-28,-0.01112805491820851,0.013106285708443266,0.16666666666666666,0.007061101060402236,0.05369528383228275,-0.09875242887301838,0.0032845482843372174,0.01080975934206086,0.4830415559869534
2022-03-29,-0.00478338059707802,0.014216380992569437,0.35,0.007086951882932951,0.039996656773877454,0.00023997085034643817,0.0036381890998444313,0.010138750315229114,0.45236162833152627
2022-03-30,-0.0006674033206375888,0.014126085329488785,0.475,0.00699301451536723,0.02751976629591884,0.0854246423552506,0.0031199934929152144,0.00857621317115231,0.43772298668254744
2022-03-31,0.023401392459158683,0.013505356102401908,0.9583333333333334,0.008790952228510035,0.041232702864665495,0.029859944007334716,0.003129642568335834,0.009878510971715698,0.5347392706441894
2022-04-01,-0.013240322027768668,0.01433439590919171,0.11666666666666667,0.009254424532496159,0.027627599806217693,-0.05046621581704924,0.005797413579453508,0.01436909711176282,0.5335467371521331
2022-04-04,0.016115341149130012,0.015165330027554989,0.8333333333333334,0.009920491940575295,0.04304880844852188,0.05757257810233818,0.004114441175363128,0.01191658057655807,0.5572326139315171
2022-04-05,0.0032136788433636643,0.013355768528919645,0.6416666666666667,0.00971433273245303,0.03894146969959494,0.005762261933838331,0.0041097785827896045,0.012866933762816394,0.6078097825146626
2022-04-06,0.004215211647271358,0.012030259722628781,0.6166666666666667,0.009566796835782168,0.042626060400089524,-0.05315544263702132,0.0037293404616053293,0.00963927695501352,0.6624275546690864
2022-04-07,0.00453575053285019,0.014024769478815565,0.6833333333333333,0.009467443337963706,0.043554678935508795,-0.03544840580170949,0.003621988445119781,0.010345720143019595,0.5558697048071084
2022-04-08,0.0031329412523827807,0.013764526382098904,0.5833333333333334,0.00940407392731715,0.037618642481073994,-0.012376791929841424,0.00408618453450702,0.013417624177529598,0.5553279048673408
2022-04-11,0.0004248646712491654,0.013899717169093934,0.525,0.00917795990160526,0.035750206933888036,-0.02946115150919404,0.00636844708724008,0.02121751190439173,0.523020186830385
2022-04-12,0.01478360020096715,0.013418575535287108,0.8666666666666667,0.009563932072025945,0.05277142378239666,0.04429855605548383,0.004734942889493755,0.013467774516338198,0.5677269617009804
2022-04-13,-0.003124298819248622,0.012533107039001075,0.425,0.009483549115581484,0.050614867903434044,0.049218724042932704,0.005111094697303785,0.0175878175052714,0.5871366182260165
2022-04-14,0.010800142246915724,0.013570740946818458,0.7583333333333333,0.009721918083165651,0.05791749335920057,0.02662603379541839,0.0031373161115583184,0.010286994500317396,0.5694908574425537
2022-04-15,-0.0046398678588890786,0.012390589639476932,0.3333333333333333,0.009673147098284427,0.05141935856020466,-0.06260364138415264,0.004020911786371092,0.01245690128310777,0.6183568829019529
2022-04-18,-0.002121818846932166,0.013963568373191975,0.4666666666666667,0.009324767706815435,0.04803024218326797,-0.022660763425895514,0.006053781146176592,0.018761665276885293,0.5198999827001867
2022-04-19,-0.008865017590066275,0.012085289085504283,0.225,0.009488289748850545,0.03452680774550238,0.003632359488500936,0.005328624849406218,0.017458665130160894,0.6140719640545463
2022-04-20,0.003343235721844854,0.014478110992310044,0.575,0.0094389400593819,0.039321950017295264,0.07758784563205812,0.0034672683367762253,0.010618236736318643,0.5027670114031582
2022-04-21,0.014450043859125895,0.014164914051001395,0.8916666666666667,0.009544193102592686,0.048076676886376304,-0.02234018221678369,0.004427694227520226,0.011054060852364328,0.5348672661390848
2022-04-22,0.0013346859429750845,0.013754987692289083,0.525,0.009538915066349029,0.04287404041903509,-0.18799848245623085,0.005186278220354442,0.015487318040513575,0.5391537085460676
2022-04-25,-0.0007626248702924805,0.014674512583080876,0.475,0.009023804698896737,0.04834099579867183,0.11106086802082349,0.0065888405581251,0.02265051399110735,0.4700518047093597
2022-04-26,-0.008889976448948718,0.013943645315645606,0.25833333333333336,0.009255821032708356,0.027563551624317593,0.008293690455947855,0.002965591387676306,0.008531442823747643,0.5094156337676484
2022-04-27,-0.0009272283918165662,0.012260997560689865,0.475,0.00926123104920876,0.02812800414665363,-0.024330473580556955,0.0026043881101944447,0.006466524571449745,0.5803852528178359
2022-04-28,-0.015305815353026232,0.013223086483497465,0.10833333333333334,0.008774049090915158,0.019744579359361695,-0.012143300263462109,0.002279938613096145,0.005878541540237514,0.5075458987679637
2022-04-29,-0.009776436105216496,0.013182890817293947,0.23333333333333334,0.008509959457982825,0.014322226862476221,-0.03569290345300069,0.004783484899364934,0.013480119425170092,0.4959556373666233
2022-05-02,0.001933549259892435,0.011263778071578795,0.5666666666666667,0.007749556128385811,0.019680016840317352,-0.05731001084179366,0.003091191287546855,0.009918468545869816,0.5175030425956106
2022-05-03,0.011533473282060351,0.015840547360288462,0.75,0.008123511764820882,0.030375602043679027,0.03979246727179442,0.0052828016900246634,0.014410859827239348,0.39424326717109454
2022-05-04,0.028385822335295054,0.012990736731468326,0.9916666666666667,0.010192258576075726,0.06232880410108205,0.05593528749001442,0.0027764384163597037,0.009673641597676023,0.5737595821986379
2022-05-05,-0.005057932138250982,0.01490502148258051,0.36666666666666664,0.010292506394980881,0.05964366046814483,0.03099857074392276,0.005536450168908646,0.016353024964932062,0.501822071743492
2022-05-06,0.014819332268436356,0.013045512833002034,0.875,0.010711347681631922,0.06974336830945788,-0.1368329860113311,0.003767624273334287,0.008770807799109652,0.618142683526593
2022-05-09,0.005883064877912939,0.014559314259278566,0.675,0.010735474829232108,0.0710867665296592,-0.10387377229492811,0.004659753983957544,0.013551651728262974,0.572616139224594
2022-05-10,-0.0007979827308878941,0.013759544977047625,0.49166666666666664,0.010347067374643937,0.06669806132471091,-0.26228464591563294,0.00551735160363106,0.01589587071009428,0.5550777631194973
2022-05-11,0.007004557281086714,0.01322909937389002,0.7166666666666667,0.0103509920779281,0.0712755871905239,0.030487390511535817,0.004091399709104737,0.012208528834525216,0.5920002676788965
2022-05-12,0.0001165999039360577,0.01152182260795388,0.5166666666666667,0.01015308837198987,0.06512107250873382,-0.017735252794280898,0.002665683276380394,0.006902836970253923,0.6333592784449716
2022-05-13,0.0035023245933279564,0.013810553615540882,0.55,0.01005318513852989,0.08157877973147544,-0.021940131399837304,0.00371319018302751,0.010527720783577702,0.5242784823570596
2022-05-16,-0.005354677429649205,0.013732176688554759,0.39166666666666666,0.010148319438367796,0.07769725015754932,0.05060207926107374,0.003842162442456167,0.011493957315186805,0.5390419295559962
2022-05-17,-0.015591242966817992,0.013811635726309108,0.11666666666666667,0.010621756987286022,0.08418550244299423,-0.18487127771892387,0.004317231015479966,0.014716183425329578,0.5602906448871415
2022-05-18,-0.014119542166083248,0.014382701489007063,0.14166666666666666,0.011165414870100053,0.07377627123958175,0.0012376828892369796,0.0035690669363911687,0.010962001282556416,0.5755070156033236
2022-05-19,0.007017708362870114,0.014715165867580171,0.65,0.010798506245205829,0.07915669979729244,-0.03693262117243101,0.005681991005046474,0.017926009514318705,0.5372504059133109
2022-05-20,-0.002434934650749357,0.013272780170440868,0.44166666666666665,0.010811419653505776,0.0680163248744469,0.10270454763156034,0.004870316580451533,0.013137143371932187,0.5997794861815626
2022-05-23,-0.005280173955529018,0.01459201246521182,0.31666666666666665,0.010876482394410247,0.051161659978681474,-0.05878729762369561,0.0058286909470779726,0.015377829092799625,0.5610342469626479
2022-05-24,0.0011970056882369682,0.013888233236439038,0.5416666666666666,0.010682848661857276,0.0495765773291217,-0.08428763257175986,0.0057196656020021,0.016602072407261134,0.5617683728542086
2022-05-25,0.006559066358856784,0.012222919176964567,0.7416666666666667,0.010767030248988802,0.0617557068930905,-0.03277212417346842,0.004585309649726527,0.013734156899725743,0.6613446402100465
2022-05-26,0.0005870613298254059,0.01349298413692722,0.525,0.010087709557666465,0.05971201599239922,-0.10338892916161813,0.0024416353186481623,0.00754560768131992,0.5445514728011347
2022-05-27,-0.005473335616080417,0.013692431978009866,0.30833333333333335,0.009878112080006753,0.05895448451593399,-0.08684891515708482,0.004388871454619163,0.013234352484612752,0.5209059552929717
2022-05-30,0.01328039641074446,0.01379744055742622,0.85,0.010211167086184346,0.07217046629739787,-0.03572004190791844,0.004425017503048678,0.012542848240760716,0.5580608726150721
2022-05-31,0.014093071632888806,0.014117057510847327,0.8333333333333334,0.010348251436838301,0.07639286453672764,-0.11814651842873602,0.005011563224030736,0.013482057302475528,0.5544917295164756
2022-06-01,0.004646915306513438,0.014505612167089073,0.65,0.008388735572726434,0.08822681618618919,-0.05322515506064862,0.004354367549835783,0.013436990072644183,0.4578122044722269
2022-06-02,0.009730869254075321,0.013613012559072879,0.7916666666666666,0.008456831806623608,0.08995731370905367,-0.11242650007222044,0.004360250673067778,0.013454521644917445,0.5049942552681824
2022-06-03,0.01176681511388711,0.012706726212250235,0.8083333333333333,0.008237412040992462,0.0955488101122634,0.04350413331244074,0.0042959637416310256,0.011828704282301785,0.5290007173537412
2022-06-06,0.012064305362082361,0.013295233517003093,0.8583333333333333,0.00850947508760594,0.11551783867745899,-0.02943229575317674,0.0035889218035366115,0.011140285264587914,0.5288308247248664
2022-06-07,0.009050286136855814,0.013420571150469728,0.75,0.00861566479305613,0.11674961358004039,0.12324869840239894,0.001768912145848524,0.005082994488696855,0.554636937023675
2022-06-08,0.009095669067389274,0.013445825157472844,0.775,0.008684114195428036,0.11753216310298337,-0.13585503938890064,0.004647125751872355,0.013219645290644674,0.5613712789597681
2022-06-09,0.004999238247070141,0.01289648390198213,0.65,0.008675621370073529,0.11912659540695067,-0.08240082301440643,0.0028576640048945585,0.008827693162636235,0.6042136788368362
2022-06-10,-0.012143718628935367,0.013294693990436233,0.20833333333333334,0.009307224309750613,0.11295487485990893,-0.012332053113942809,0.004774856644069605,0.013453536007327769,0.6186153430965258
2022-06-13,0.006311799765887623,0.015411470008360047,0.65,0.00917448757181809,0.12943144209530488,-0.1631967413733948,0.005283835196147617,0.014559334209206205,0.5367533270078498
2022-06-14,-0.012372677178294295,0.014559584210047567,0.18333333333333332,0.008858283214297321,0.12269221752213276,-0.01388814849192932,0.004203559283898752,0.01211094438392318,0.5571058482594035
2022-06-15,-0.008165575256237703,0.01293409030357468,0.25833333333333336,0.0083400784355106,0.10834099433333716,-0.015283085572294963,0.004125025078002192,0.011422260146004594,0.6041036503348838
2022-06-16,0.014190573763316294,0.01176368004284679,0.9,0.008659787767211187,0.13103696677203353,-0.04240761360240852,0.002771068527204889,0.008349821652508914,0.694695401983676
2022-06-17,0.009253537100231706,0.01517128902710714,0.7583333333333333,0.008626474346544385,0.13574989336426915,-0.03821843579971995,0.006519775909044276,0.019110849941815746,0.5611325803256543
2022-06-20,0.013933687110018297,0.013906917110998965,0.825,0.008588509311258801,0.16081163539249596,-0.17217607809677737,0.003750405217143507,0.010711920024034203,0.6432612019594315
2022-06-21,-0.004880835460377762,0.013115768372090096,0.31666666666666665,0.008838884663326798,0.1607141805291962,-0.20995564934673472,0.0038200568477918103,0.010518925357090732,0.6961065067607235
2022-06-22,-0.008384885611598464,0.013926808874435027,0.275,0.00930410305360603,0.15299669823823536,-0.13761407697959704,0.0044333693080776965,0.011801452301601754,0.6621231576274923
2022-06-23,-0.001097599251870061,0.01402979290422208,0.425,0.009344918455372825,0.12849770652720657,-0.02804834297661829,0.004678442829026494,0.01376777527141071,0.6590823989237244
2022-06-24,0.002143519652258755,0.01359668678418314,0.575,0.009090484926809035,0.143881548207234,-0.012908382653642692,0.0035850822059318443,0.009263281793326084,0.6678317232466996
2022-06-27,0.0030968643367399757,0.012922500835579631,0.5583333333333333,0.008847418333498837,0.13086307139484396,-0.6844659134587323,0.003592890429361212,0.011132618906544337,0.6632711632896541
2022-06-28,0.020936991000820044,0.012138854202554662,0.975,0.009380088297576515,0.14858638355230036,-0.778575168617373,0.003607394100998329,0.010212535587551853,0.7342800219436819
2022-06-29,-0.0055723822351211975,0.013952744548693531,0.375,0.009629977118408864,0.13879878966990783,-0.580236823248558,0.0026375062384723226,0.007741454286492134,0.6421382865131227
2022-06-30,0.003027468319734161,0.01200258334503546,0.6,0.00952502988184393,0.13729050745679178,-0.04383139782666312,0.002392486818560051,0.008271597690807589,0.7185470979048503
2022-07-01,-0.007501774626314656,0.015532386033936304,0.2833333333333333,0.009604384007695789,0.12665579157809434,-0.10084441884667084,0.0073398998815466954,0.023054920062382765,0.5415246174786252
2022-07-04,0.005778758185630626,0.012580990421880978,0.7,0.009371490099144744,0.1320096850924758,-0.054088811831632055,0.004212310333155054,0.012352301561385604,0.6435814490926659
2022-07-05,-0.0019303877429540197,0.013168676070395327,0.44166666666666665,0.009262970751231291,0.11529569714855463,-0.12607444486198993,0.005518914121289613,0.015658936227742167,0.5878265275612963
2022-07-06,-0.009176064138972475,0.012171516375877363,0.24166666666666667,0.009378457020507342,0.10924393182883078,-0.10312804024956224,0.003927064014163455,0.012945100381896876,0.6363148716596048
2022-07-07,-0.0036813114211282725,0.015093224611212807,0.4166666666666667,0.009366092309336108,0.09476247816078677,0.0007795441579379059,0.005778067147468946,0.014674609717887345,0.5087726935182108
2022-07-08,-0.0002891904235249328,0.012329953447842665,0.4583333333333333,0.00890852003210534,0.09911315559615093,-0.0009665989851890266,0.0026384540488018646,0.006782746282919866,0.5747218883694515
2022-07-11,-0.001355342106593417,0.014009162386004328,0.5,0.008822543516607655,0.09987963233648968,0.06739127839505554,0.005390894769573324,0.014787561214312805,0.48814276383281424
2022-07-12,0.010274026078438343,0.015019205898830237,0.8,0.008546237247455202,0.1190186760049943,-0.06188314549946505,0.004915031729706535,0.016453359341125892,0.44832854256419086
2022-07-13,0.0022332834066536014,0.013229540117956485,0.6,0.008236020964664956,0.11790872368980303,-0.05481820840819762,0.003612089093475444,0.010883878004174263,0.4865569053211458
2022-07-14,-0.002660599685673019,0.015562013981426514,0.4583333333333333,0.007777853539544927,0.10079808014500412,-0.04388549454239854,0.004192911850084763,0.013882867070902177,0.37658528013965226
2022-07-15,-0.010559860387235723,0.013548660456482836,0.25,0.00795878923666666,0.08890353381479332,-0.1114714890355386,0.003130563323048022,0.010238262057775026,0.43736733813028056
2022-07-18,-0.005597014709699937,0.014500553830318596,0.3416666666666667,0.0073630515581063075,0.08406914397538587,0.07803914397420175,0.003730480387556068,0.010452498242381826,0.3799101747099224
2022-07-19,-0.0007553307921431246,0.011985080640580178,0.5,0.007299034806143614,0.09220378963219145,0.14952684364211255,0.004554597464433436,0.013284349664513383,0.4424361307758834
2022-07-20,-0.002767652952266205,0.013959864848937999,0.39166666666666666,0.00708681855695598,0.09036336507174181,0.11722159894361384,0.00425400284583886,0.015532471714606512,0.3597292041885821
2022-07-21,0.010444315211026057,0.013723048810091528,0.8083333333333333,0.007475397023245432,0.1161134956357941,0.06262195929071968,0.0017805516701725076,0.004849720168995677,0.399991790935692
2022-07-22,-0.005636580447731929,0.01470013043245726,0.36666666666666664,0.007576404810518333,0.12025335129327867,-0.5347974013389412,0.005517886657418994,0.01537455623867064,0.3852863711953702
2022-07-25,0.024101348022798657,0.014031354026797246,0.95,0.009300296502265706,0.1424211500561849,0.016003726203575708,0.00231899700031657,0.007299146124356087,0.47849865963759264
2022-07-26,-0.0010825333651731286,0.014055219390537806,0.48333333333333334,0.008027950327863565,0.1298051434089514,0.14316165166316375,0.002774361841299592,0.008613381146454003,0.40705598781277774
2022-07-27,0.00014064640436156511,0.01126569378131782,0.48333333333333334,0.007925291171901053,0.10155996747801792,-0.02502922923917006,0.003573759408007262,0.012299701318889359,0.4837406845231337
2022-07-28,0.0024260332300153936,0.013659052578572547,0.625,0.00791493376377333,0.1090439328462843,0.01325506886866068,0.003713232377113894,0.012260356728738073,0.39677734862948566
2022-07-29,-0.0012914339518325737,0.011923653085251886,0.43333333333333335,0.007719580957628379,0.09293316662601538,-0.4738205673719016,0.00546152515526877,0.015874118993478594,0.42848325061653875
2022-08-01,0.033071102463738435,0.015413723506488241,1.0,0.010592435711574038,0.12012120421184086,-0.5021440136502726,0.004068745129120162,0.010964601418374392,0.41999604082511305
2022-08-02,-0.04537701586167364,0.015913492868889212,0.0,0.014953905779324364,0.07554217108105513,-0.3647138108307768,0.007288006136482376,0.023933800413513937,0.5433146779445869
2022-08-03,-0.028009734646989158,0.014238160881939334,0.03333333333333333,0.016087224995669506,0.04052787915297924,0.06662010247381123,0.0025380992408194853,0.008754771597142469,0.6733817561084436
2022-08-04,-0.0073253496151892495,0.012336479585736408,0.31666666666666665,0.016135954834280437,0.03308592963385394,-0.02410833226521958,0.0035049399472013207,0.009502885369032281,0.7919536217961248
2022-08-05,-0.0007101883062315856,0.013558811704686754,0.49166666666666664,0.016134565542675356,0.028873416734294395,0.0972894112435474,0.0030178720748614443,0.008745359501869325,0.7221111846319748
2022-08-08,0.004394448610709849,0.01317769139000591,0.625,0.01618882373837748,0.03862254277465345,-0.03545058903130083,0.003326620028184179,0.010005956885515595,0.7545270725508013
2022-08-09,0.001312372263666921,0.014069962902647727,0.55,0.0159761480124583,0.05552615800513836,-0.0063492331826329185,0.003466476635163782,0.010922446279279895,0.6748306504030454
2022-08-10,-0.003903240582418742,0.012343681306553835,0.35,0.01595590047621592,0.06574245958880287,-0.02078956152960565,0.003387307447285395,0.009945961189367317,0.7759711092381458
2022-08-11,0.004397589293220189,0.014613123514965333,0.5916666666666667,0.016018205826428007,0.06312234051915294,-0.027935171641600087,0.004019306461023317,0.01214671853051,0.6614047671606936
2022-08-12,0.005980407856171519,0.012049378452788372,0.65,0.015960121628501328,0.07153768302607381,0.04733907778802948,0.00591351578045644,0.01839266822310606,0.7831289361792134
2022-08-15,0.0007077284130915252,0.012885114386403647,0.5083333333333333,0.015922802222380798,0.07752558539469435,0.017208538164184994,0.003982553590650214,0.012349666533915163,0.7133621277139452
2022-08-16,0.004728319467705379,0.012781745374376482,0.6333333333333333,0.01596522449489583,0.08105689917416277,0.024497241529337632,0.0032026638597758327,0.008837509002856693,0.7346729083748992
2022-08-17,0.0028118971674763404,0.013455725172391297,0.5833333333333334,0.015967111662007483,0.07730972998278232,-0.09365774033819219,0.003144017527141964,0.009233763813922309,0.6980385032189146
2022-08-18,-0.0002157182576957289,0.01369926831295714,0.5166666666666667,0.015779005812919612,0.0765069503952612,-0.11268979438329363,0.004112084891176314,0.010676168636236903,0.6482962599538626
2022-08-19,0.004947239389976304,0.012425173787831433,0.6416666666666667,0.01577422964684465,0.08692752540131791,0.38294049268702113,0.004967586103718716,0.014567221569789441,0.7119994866527185
2022-08-22,0.0007397225142082314,0.013056294795183858,0.5666666666666667,0.014730317761104473,0.07438685150478168,0.3859029163564046,0.004997584218000662,0.01252033114253374,0.5881175481660946
2022-08-23,3.242429710419986e-05,0.011411679396091728,0.575,0.014732548323518956,0.06032620416899708,0.24897720021694547,0.0031645641324253493,0.010820431351726088,0.6682741746395034
2022-08-24,0.007490660379985528,0.01306357337588837,0.7333333333333333,0.014855161514693925,0.06316994924246917,0.3571408116940833,0.003771967393577678,0.011349450682048817,0.6119023561508055
2022-08-25,-0.014851342022625653,0.013076329327699405,0.125,0.01516360212627739,0.0385877379657682,0.05889500646181023,0.007202396915854571,0.022200540754682314,0.6588161365618656
2022-08-26,-0.007265056625021165,0.015271607570469243,0.2916666666666667,0.015216906603699478,0.01955586622685992,0.34203191765503416,0.004446521861681888,0.01319317258851663,0.5836699156008424
2022-08-29,-0.009093439611779762,0.012851859547737736,0.225,0.012862507476883637,-0.0016018787470022007,0.3472717824352851,0.004687619681532337,0.015273264156328544,0.6002784834747918
2022-08-30,-0.0033470830550348172,0.014419149715651417,0.45,0.008398475295289427,-0.013999247938892833,0.342466092506327,0.00278816177329726,0.008730021683283563,0.3892877339862965
2022-08-31,-0.0021955176288450382,0.013363657909471915,0.43333333333333335,0.005726589472362692,-0.025290434635127146,0.0768354726548045,0.003198107373829747,0.00827796460994946,0.3234509067194983
2022-09-01,-0.0066804050999732115,0.01387076422242539,0.30833333333333335,0.0056882237697251335,-0.036970077982170495,0.041607052309634684,0.005609899015603657,0.016826910975068263,0.30930091329869847
2022-09-02,-0.008454349616638065,0.012763345994381649,0.26666666666666666,0.005957895489585065,-0.033280708969873195,-0.05102440970455491,0.0033053890777426554,0.010339632826543012,0.36647506929032514
2022-09-05,-0.006699169024140903,0.012654538755584591,0.31666666666666665,0.005953175169877643,-0.04629167775990172,0.008352009953419004,0.005481750557164339,0.014945739691227427,0.37873242327571166
2022-09-06,0.013602338191216297,0.013520938027745654,0.825,0.00682657393214776,-0.020316662390391132,0.10732933869663075,0.0026220108872147684,0.008215337045807158,0.3999117822758018
2022-09-07,0.010323889519870377,0.013278959551702997,0.7416666666666667,0.0072228910431274915,-0.0018271976142830524,-0.04077699576095073,0.004403627595813981,0.012325939320240134,0.4313752782577292
2022-09-08,-0.0033558519344661455,0.01289131782867211,0.38333333333333336,0.007173757594362983,-0.019373623312065495,0.029761301361054593,0.003619811255817295,0.010064103159544091,0.44030626496748065
2022-09-09,0.0006308351662259882,0.01334214439038067,0.55,0.0070158504139359755,-0.027996325246071208,0.012667714327759372,0.003370141315526301,0.011568447171781068,0.40538081517492225
2022-09-12,-0.007489769506519778,0.014138134298088995,0.3,0.007160651549103337,-0.049419781862609286,-0.01991732889383835,0.004223731726746787,0.011636115362566169,0.40654242650689415
2022-09-13,-0.010135068314893914,0.015340337640052982,0.2,0.0072814191297915646,-0.054674014717125435,0.07450811049233896,0.005504971341084094,0.019273719377731417,0.3923048506097997
2022-09-14,-0.004736166951564409,0.013038686509803324,0.38333333333333336,0.007216380569501044,-0.05102529605709138,0.019100944056890112,0.003917208827622077,0.013182465388000867,0.46893545226293687
2022-09-15,-0.006348829173660963,0.013574949720402725,0.30833333333333335,0.007251692188020319,-0.05627652597888228,0.03590696175641017,0.0032406702640397963,0.008761945540479231,0.4730004923360444
2022-09-16,-0.00045807434008486976,0.012235678697910623,0.4583333333333333,0.007051843981141134,-0.058878119971225905,0.009278874748942845,0.002953905801451011,0.00856607395112511,0.5064287647362861
2022-09-19,-0.010181696044234799,0.01299501624045972,0.175,0.007175749430931853,-0.07215668035220069,-0.09431653934560469,0.003312134162615735,0.00983144634882891,0.5131658323313016
2022-09-20,-0.008391575491429819,0.012737410161091816,0.23333333333333334,0.007207093022143257,-0.10148524684445054,0.12175886766049071,0.004345836735185055,0.011231484449553814,0.5563576735997275
2022-09-21,0.0006699471321376115,0.012431665789972955,0.5,0.0067899355529188465,-0.09524291747719173,0.0535043790151275,0.004257843701958817,0.014821488912953158,0.5426079124455656
2022-09-22,0.0043018860077410435,0.01276976968106836,0.6833333333333333,0.006558738913437224,-0.09396849978918485,-0.0014821463022924863,0.002834753003576263,0.008994967685830859,0.48693497040846606
2022-09-23,0.006366905543271321,0.01360058144804032,0.65,0.006824144446531273,-0.08009981961959887,-0.010550820881040535,0.0036340386587542764,0.011782408175677269,0.45388793789959114
2022-09-26,-0.016579466667478913,0.015609139561308083,0.10833333333333334,0.007382464451814068,-0.10245804447270841,0.1382315603028853,0.005436021837170083,0.01790138873360346,0.4194620206165114
2022-09-27,0.011312985187484538,0.016015580938702197,0.725,0.008040275346187087,-0.08921467154226985,0.031577947587080435,0.005427777648225234,0.015514118042314586,0.43368619306898143
2022-09-28,-0.010692133453118837,0.012247736786731134,0.16666666666666666,0.00826010959476956,-0.09073074085641622,0.061008131217191064,0.002016033550509971,0.005804436950999057,0.6017901304257831
2022-09-29,0.008854529122108311,0.01453589846110835,0.7416666666666667,0.008585153757635876,-0.07819490031317963,0.1079921270373696,0.004402536282109946,0.013413497708444246,0.5145380823500921
2022-09-30,-0.0005248315648930767,0.013098156029135933,0.44166666666666665,0.008447207711369092,-0.07843054145454778,-0.041716653684851446,0.003599264231320527,0.010394255761544985,0.5407476747926889
2022-10-03,-0.022129043881144173,0.015616293903390425,0.09166666666666666,0.009578208116855502,-0.09920424322909854,0.07871636071668242,0.006031360918282072,0.017445374546821543,0.5029548757386046
2022-10-04,-0.005420198000922797,0.012593814552166698,0.275,0.008837234793605238,-0.11489846730845966,-0.5388557342696043,0.0038944836248757746,0.012790013348275255,0.5911778452289246
2022-10-05,0.006864436957308403,0.012809378772441433,0.675,0.00858898588249268,-0.11026731375780487,-0.3049540058041671,0.004288436945074066,0.013206031458254759,0.5677255432308854
2022-10-06,0.013247555144679223,0.01388725930353995,0.85,0.009358560806376683,-0.09435915892745263,-0.3886191404154731,0.0033118039424281905,0.008992710232276643,0.5592749809579299
2022-10-07,0.0008319278879253578,0.013756329800110578,0.5083333333333333,0.009362256213317766,-0.08296737065229155,-0.3853420634810214,0.004202823390213791,0.012373656210820986,0.5653289381421776
2022-10-10,0.03125896102443693,0.015032933514806923,0.9833333333333333,0.0119374432735146,-0.04611139491815468,-0.53326786732241,0.0065459062054794084,0.022015207019627902,0.5963780047118178
2022-10-11,0.009433226152580397,0.014905894671501304,0.7416666666666667,0.011916223825918882,-0.035922837973431154,-0.13206092779417267,0.002983823974885023,0.007512606536929649,0.5991065268617553
2022-10-12,-0.001174300514495026,0.013078311987897226,0.48333333333333334,0.011862167057355487,-0.034329485535659975,0.009397284558686825,0.0037224068098250097,0.011972195893222628,0.6692091053230804
2022-10-13,0.005267533569941483,0.014786511018541592,0.6583333333333333,0.011790143212303249,-0.03950626717674455,0.07381350506182538,0.003754414717393335,0.012599927135623475,0.5882429380036904
2022-10-14,0.017961992722158735,0.015075851035808678,0.9,0.012363985950511237,-0.015907694006853886,-0.05119601763785475,0.005155874164760702,0.012580780942094265,0.6350060491268992
2022-10-17,0.02021531425438937,0.014124295418520763,0.9416666666666667,0.012644560262403548,-0.01979372777526317,-0.04658821093703569,0.0044305974356180985,0.011819434296145346,0.7133054935095245
2022-10-18,-0.010948332398601459,0.012183259181215864,0.18333333333333332,0.012784158566387574,-0.029659526808691505,-0.041546825590542236,0.00443801733845416,0.013456384988709517,0.8374421989701637
2022-10-19,-0.008739033213430827,0.013396059103357078,0.25,0.0130621767213106,-0.038539206426483896,-0.0313760258400555,0.004808407197055632,0.015083099822237826,0.7917425252884686
2022-10-20,0.017597259663140654,0.011472578282573288,0.9583333333333334,0.013464810214380127,-0.023367979993358635,-0.0492595023456317,0.0037082514222455515,0.011201673890275264,0.9824294128631927
2022-10-21,-0.009971383487833376,0.013174739884726071,0.18333333333333332,0.01378317688338074,-0.032047929529359434,-0.014139451485947863,0.002896177590060884,0.008475789014262977,0.8691801389323359
2022-10-24,-0.012238483051569517,0.013682980427984678,0.21666666666666667,0.013492500508086407,-0.0773575150446674,-0.1103856692105909,0.004800095312800856,0.012711458282113432,0.8210326048286812
2022-10-25,-0.007062269938699653,0.014021234450335119,0.31666666666666665,0.013525837021788804,-0.039042769121693396,0.01270367774883574,0.0037718514029050957,0.010185554424789158,0.7860675419991607
2022-10-26,0.0015488232124142068,0.01298403111339513,0.5916666666666667,0.01318774475722549,-0.009484211262290035,-0.12608102467130422,0.004541658144244862,0.012760502035472552,0.8136511454624201
2022-10-27,0.0003244292293126434,0.013631637252025498,0.5333333333333333,0.013117460967220409,-0.0018344324177881413,-0.12092831938704851,0.002898087220226949,0.009023287699085579,0.7437086687431831
2022-10-28,-0.004880876898134397,0.014818389712753798,0.36666666666666664,0.013203018179786533,-0.0060051210096909525,-0.04854413296683102,0.004297876623231151,0.011852205198987907,0.6988457761535988
2022-10-31,-0.004513927444677218,0.01195331015328455,0.325,0.012037832677262909,-0.014913497065078019,-0.054961513180292076,0.00197049902739078,0.005285486051938485,0.7926685676878403
2022-11-01,-0.005753376931791312,0.01326696501376473,0.26666666666666666,0.012050293684939374,-0.021979246260536253,0.3401164065522414,0.0031528131120393695,0.008099691881944458,0.7154365881743276
2022-11-02,-0.010761934350263767,0.01177694533459428,0.2,0.012389759878154282,-0.028837940028381276,0.3112791899387013,0.0026550443583772555,0.007805890340879879,0.8225008080890003
2022-11-03,0.023264695559411682,0.013659608021524779,0.9666666666666667,0.013049770216457705,-0.009970833762189785,0.2717641396315854,0.005427893343479634,0.015518229931493033,0.7458050084019332
2022-11-04,0.0032720229273368387,0.015491864957287658,0.6083333333333333,0.013043942509060068,-0.012679218691024466,0.2578193849727791,0.004403322718056227,0.015163363202550312,0.665472417662745
2022-11-07,0.010606197114951523,0.012845069952442988,0.825,0.011375223265810386,-0.0027807499891644664,0.22989596884386632,0.002859551973294651,0.006931349583606636,0.7222047576309514
2022-11-08,-0.0049825335153506215,0.011575052936421096,0.325,0.011314138297309673,-0.012491602972220465,0.04899009638077012,0.0022510951907421706,0.006848867664309022,0.7822198351599683
2022-11-09,-0.0029815534505727775,0.01473512020352558,0.43333333333333335,0.01133920001947182,-0.018285053590269586,-0.09372426204323547,0.004082938099018339,0.013507593688979865,0.6205988495778361
2022-11-10,-0.006078409144311947,0.014817263689180757,0.3416666666666667,0.011390850905599601,-0.0241477444768858,0.0021661697953583303,0.0028061664166636364,0.008826878692695229,0.6198946457384313
2022-11-11,-0.03474699144585504,0.013932556389420854,0.008333333333333333,0.013062747751319397,-0.06384197531271714,0.0938901136398187,0.0037691543452927417,0.010174601069070713,0.7194941173332752
2022-11-14,-0.01758755163033295,0.014130553384922789,0.09166666666666666,0.012342161824655756,-0.08216924945725831,0.18108790689922016,0.003339618140770014,0.009325208275284777,0.7001144230455543
2022-11-15,-0.025833664366520116,0.015050612272112282,0.06666666666666667,0.013188321024195605,-0.10803533812088265,0.05031959201712899,0.00662667136889072,0.01805578686565501,0.7067666508495247
2022-11-16,-0.030774046417854826,0.014049874533862005,0.025,0.014385316485649582,-0.146300044918723,0.13179824688408204,0.004740511121866923,0.012354668830727868,0.8355250049190261
2022-11-17,-0.018120386829635297,0.01257476967937469,0.058333333333333334,0.013480094242974692,-0.14956908972573263,0.08984855785936918,0.002586366904956386,0.007487761111596252,0.9356177605891972
2022-11-18,0.02135877865184087,0.012958405629442178,0.9333333333333333,0.014961299450999093,-0.12094525444887061,0.14544125857711088,0.003522966520104569,0.009627867250365064,0.9518568841152125
2022-11-21,-0.0014144090670702649,0.012996855855197836,0.45,0.01493080660992863,-0.1132662239041611,0.11714962008742158,0.004782421686271433,0.015523041188492404,0.9073997617354802
2022-11-22,0.01809307617055577,0.01501850545366316,0.9166666666666666,0.01584642691018958,-0.09182606467857052,0.059347148115123205,0.005942534565131297,0.016162029237508473,0.8219782092164614
2022-11-23,0.004741320568355546,0.012931531551400076,0.625,0.01592642221253227,-0.08488922648136993,0.14991377923262805,0.005073295266003943,0.01338574111717247,0.9669781986769331
2022-11-24,0.008582596208153052,0.013515708409238807,0.7416666666666667,0.016159026821143327,-0.06962622517324367,0.14189074872911556,0.004557421943300582,0.012222359035581581,0.9557336577207415
2022-11-25,-0.011572451387152944,0.012777944812683606,0.18333333333333332,0.016248874322809102,-0.07274432694375854,0.14544622263088858,0.003983775291360892,0.013540012445413634,1.0370991856175151
2022-11-28,0.00840751517401503,0.012947020537657198,0.775,0.016493298462632842,-0.05763764274560261,0.0688783214130878,0.003428628647734789,0.011764182453476674,1.038592277385838
2022-11-29,0.012886236861153337,0.01410217474958437,0.825,0.01688795923278514,-0.05835374407566557,0.126095984663107,0.005162915384684204,0.016706042529273952,0.9788077929215514
2022-11-30,-0.007387999036038637,0.011471243108354404,0.25,0.016819713673761602,-0.07606563263157458,-0.0067080932588021724,0.004085697149150382,0.011282975635543998,1.1885914758787983
2022-12-01,0.008478932458029973,0.014284465825878803,0.7583333333333333,0.0159283650842409,-0.06423084823907847,0.18256125983867721,0.0041030734417931945,0.010890782587946086,0.9027522469823283
2022-12-02,0.006528151683536602,0.01208364029182504,0.7666666666666667,0.016014970268253034,-0.058333531721767855,-0.03302660317546624,0.003550670875151025,0.008716991333603576,1.0806462079062875
2022-12-05,-0.00871880426413844,0.012592388327254088,0.23333333333333334,0.015725501325628475,-0.05956256647938651,0.19338904751941866,0.004090557849830527,0.013542554880763141,1.0294925854903807
2022-12-06,-0.016966329990575697,0.014777188302654124,0.1,0.01598876481575186,-0.06639382815506831,0.08165082530825996,0.004506638482577211,0.01474121732719441,0.9178309136013999
2022-12-07,-0.017794683467385945,0.012189441462785031,0.041666666666666664,0.0162481447549837,-0.07945234467088984,0.24672062196985234,0.004647459084844154,0.014915720971060644,1.1734431626580484
2022-12-08,-0.00028424643146438716,0.013822391710326828,0.5166666666666667,0.016286945317159372,-0.07338776192869326,0.0652368201483644,0.004509802232295922,0.014807866790549823,1.0138555540292873
2022-12-09,0.002518283267384387,0.012273043726325138,0.6083333333333333,0.014779345339722987,-0.07041140432122399,0.04709898677669344,0.002948381086254622,0.00860313649736134,1.0105458330566317
2022-12-12,-0.013510362759468226,0.01466118087199459,0.18333333333333332,0.014598077014910827,-0.07374007103645742,-0.0798997096673546,0.005147985233078155,0.015824510081065172,0.832034872192181
2022-12-13,0.004320255205710609,0.013690850806234769,0.6833333333333333,0.013646051454635688,-0.061028240339317,0.027836880460050173,0.002840458555986276,0.007596236634730149,0.8124362358773671
2022-12-14,0.006880608831232372,0.013911336241911454,0.6833333333333333,0.011882799853558909,-0.054817578640222235,0.03188678760786545,0.00459542799110328,0.012576546933032309,0.7136820822239502
2022-12-15,0.010124947329271303,0.013078755469851388,0.8083333333333333,0.011232585366627228,-0.048994517318691984,0.036900742471987824,0.004202070484303375,0.012042280712594342,0.7285478700623601
2022-12-16,0.02363103949788359,0.014806217488171,0.95,0.011450590341894567,-0.031730383364079705,-0.007965940574388819,0.0028292766416900933,0.008758140218704122,0.6512205085891851
2022-12-19,0.016730890050295537,0.014063678030081243,0.85,0.01188661293574132,0.001579973353694742,0.005491702783343322,0.00376845218971549,0.012562106114312608,0.7400579357567919
2022-12-20,-0.011584936957861693,0.013553841397975191,0.175,0.011726321553695825,-0.02131794879165149,-0.11038664920517971,0.004671650950737465,0.014653225466396521,0.743887232807785
2022-12-21,0.024228692049468096,0.014345952262320898,0.9583333333333334,0.012788767094644927,0.013602876710935446,-0.017127188022948214,0.0037377577366741782,0.011478299954919745,0.770732952635812
2022-12-22,-0.0071455518506422285,0.014465532984481388,0.25,0.012863838314795886,-0.002397204261815094,-0.018036769250252105,0.003670541303789211,0.012073328442022208,0.7593944820021633
2022-12-23,0.014290161309591291,0.012833289012113126,0.8833333333333333,0.012781438536619772,0.012417788612669274,0.017974004493317097,0.0038926357637090077,0.011595717917548978,0.8665690777524381
2022-12-26,0.0006918795044492328,0.012211795960728135,0.5666666666666667,0.012718983584857992,0.03523871199826268,0.00285391535343138,0.004020781332731633,0.011160662043765299,0.8790803314108918
2022-12-27,-0.007178662707529214,0.013232557786677068,0.25833333333333336,0.012639061674451899,0.033480247291656266,-0.15306910636493387,0.004746480816469519,0.013858322413706587,0.7897015150856936
2022-12-28,-0.025275051811965824,0.01477527682529639,0.03333333333333333,0.013866353812099087,0.0013407585223820344,-0.001743647663953185,0.004731053947964413,0.012622753060645388,0.7677773963579643
2022-12-29,-0.005031735663594813,0.01288987647917381,0.38333333333333336,0.01378596238569262,-0.016938532285892,-0.0529640646201861,0.0035175324205843593,0.01093073893609211,0.8667083621571323
2022-12-30,-0.011465347438243487,0.014131548906924984,0.16666666666666666,0.01391188819145828,-0.029235807612060846,0.07650879493577967,0.002333278072757829,0.007073562935628184,0.8080234937171162
2023-01-02,0.0051939683999487184,0.011612950712471343,0.675,0.013857394351417526,-0.055300800236549055,0.0728824403473195,0.0014598210431568768,0.00417879278278196,0.9680900233327391
2023-01-03,0.009770275420737044,0.01164115124035397,0.7833333333333333,0.01345708507825702,-0.05496375096839242,0.0753874164182754,0.0032055402962202673,0.009081612970609804,0.9348370082146183
2023-01-04,-0.005615456357493324,0.012570001832169764,0.36666666666666664,0.01282464841482677,-0.05940490681139071,-0.11960247646681377,0.0045357954033390935,0.014382862296292365,0.8173123424627531
2023-01-05,0.0027566072967928354,0.012353522933390213,0.5583333333333333,0.012819601676938555,-0.061915833084539365,-0.05109225220856817,0.00359441136542746,0.01281370191605815,0.8416413472933787
2023-01-06,-0.001887333195327561,0.013555610294338015,0.43333333333333335,0.012842929781045268,-0.08176515900202566,-0.06873919922814031,0.004862271330803589,0.013226090030106793,0.7646788272015277
2023-01-09,-0.003378680081141297,0.012642407781370288,0.3333333333333333,0.012412451609681274,-0.10535915333755633,0.14990910825870896,0.0033987530501215827,0.01173565356459888,0.779843857155697
2023-01-10,0.009924086982135484,0.013893123443957055,0.7583333333333333,0.01253020743269557,-0.08448673395681938,-0.07368005803478961,0.006125238368771339,0.019731164093827743,0.7298067765453009
2023-01-11,0.0014552380733615195,0.01105730908622328,0.5,0.012484077302107781,-0.07429246267002704,-0.415674555401246,0.0035076531282208574,0.009811927284806827,0.8924438144884321
2023-01-12,0.035964888842406305,0.014798414810837145,0.9916666666666667,0.01453633921185543,-0.05592483349076139,-0.7280893438361196,0.005792070053103105,0.016819621293732812,0.7541364610465419
2023-01-13,-0.011721473510739119,0.012989061015864849,0.18333333333333332,0.014076607189043534,-0.057674923513667126,-0.5897004589533643,0.00548280825622016,0.014943073840233197,0.8133417698386887
2023-01-16,0.018872864148814998,0.013645762167111329,0.9333333333333333,0.014205852713039332,-0.026563576313282614,-0.5231345651389987,0.00381981817871944,0.010397827886428634,0.7820482615351991
2023-01-17,-0.0016736270689483208,0.012685522326731414,0.48333333333333334,0.013889459042576317,-0.021174933443531278,-0.5153475442783,0.004457657219742474,0.012715546800712012,0.8021805349097149
2023-01-18,0.01481514636304531,0.014520048155612785,0.8416666666666667,0.01324609141775803,-0.007908610292900178,-0.6650020971525079,0.005502357703238447,0.016878933970990766,0.6684138852248732
2023-01-19,-0.008355263070164931,0.012097592246478684,0.24166666666666667,0.01329114073977256,-0.01658830259237775,-0.5786962734370051,0.003847765128045467,0.010664243606419264,0.8072587638390726
2023-01-20,0.0050485178842848335,0.013463441331584407,0.65,0.012984113016342594,-0.006658907809958521,-0.10438837799211931,0.005451806692843258,0.017948348690024277,0.6910421311994024
2023-01-23,-0.0012702745894643435,0.012415914515742713,0.49166666666666664,0.012995129621467686,-0.0034152549547456466,0.08779870615128715,0.0037270055761356048,0.011422459933051958,0.7516743880181818
2023-01-24,-0.0036386800734905037,0.014325770202820045,0.36666666666666664,0.012900956523307822,-0.0013005580964448385,0.050192813553407434,0.0049763258737010015,0.014485715533168663,0.6391088007123493
2023-01-25,0.007617474692317807,0.013916642018040578,0.725,0.011348107289886897,0.017078850946136735,-0.04685789451110467,0.0032854394197257436,0.00913797596224807,0.5944571216891459
2023-01-26,0.0049871601511588945,0.013309467960891764,0.65,0.01120116560571956,-0.0011986844621160522,-0.02772109084449914,0.004337292564531745,0.01237546216970482,0.6214086247702032
2023-01-27,0.006453741138074438,0.01266093154146618,0.7083333333333334,0.010655424070240968,0.001983033748621547,-0.034442080001227504,0.003907940825240338,0.00987051545147318,0.6334476922749107
2023-01-30,0.011993211106324248,0.013740755845952633,0.8333333333333334,0.010794152700305287,0.0033700477399942717,-0.10433055123459156,0.003938910755040022,0.011609195754179843,0.6084090348474979
2023-01-31,0.015364689556739397,0.014151629678900199,0.875,0.011005445031073697,0.023717270812084287,-0.14639818305199137,0.003924269672273071,0.01105553554142576,0.6105106553199966
2023-02-01,-0.005136576859203495,0.01274076501261863,0.2916666666666667,0.010981891612197429,0.021562247403453572,-0.2091579995889259,0.0032760750836542296,0.008941616272321162,0.6762370019118631
2023-02-02,0.01006452974803653,0.013251482069283633,0.775,0.011027966284567375,0.03770518629580205,-0.47118625687474336,0.003890511156231649,0.009869670171895578,0.6777485574671637
2023-02-03,-0.004708735846338962,0.013472059499420897,0.3416666666666667,0.01114186655107398,0.06774344189531813,-0.06117874695586023,0.003875031214594212,0.010040286178246498,0.6771231220958949
2023-02-06,-0.00040765460369977395,0.014492223086856824,0.45,0.011041753298461635,0.0849233389219513,-0.21881393972870544,0.004959544159886337,0.012486241527121168,0.6192073956945786
2023-02-07,-0.0028635921166457906,0.013543789523305684,0.425,0.011128728375912311,0.10789341117182562,0.028056276237564237,0.0025515684781558133,0.006609084654587948,0.636503318168732
2023-02-08,0.01681550635803259,0.012054665005346838,0.925,0.01142327280475299,0.15548296394771305,0.21179732255647665,0.0048717560288054,0.013765680151884197,0.7788420816532179
2023-02-09,0.005435635921652363,0.013484431959486549,0.625,0.008882852920052572,0.1790389866990007,0.32797448561730147,0.005762184173139391,0.01521578629941528,0.583058875893368
2023-02-10,0.0006268041135226669,0.013040701534447835,0.49166666666666664,0.008139039803442638,0.1583070121606825,0.35368646464591735,0.004289764942553289,0.013538797213613889,0.5603597514439563
2023-02-13,0.013143764271375848,0.01357388999430094,0.8666666666666667,0.0076953613368951354,0.1728651854991286,0.2682910880055869,0.002907751780553826,0.007700758456557287,0.517245187604575
2023-02-14,-0.018496173850378293,0.01411331661308816,0.06666666666666667,0.009154074539842138,0.13627593547819455,0.2886179655383623,0.004398279255629062,0.012758138027529285,0.5570736369937653
2023-02-15,-0.021592015920085677,0.014538455282043944,0.06666666666666667,0.010306630940092121,0.10994259898975332,0.3099924468143662,0.005209582632961651,0.013528125626574485,0.5640901962726675
2023-02-16,0.010149531964422146,0.01328887513499152,0.7833333333333333,0.010200285501035786,0.11150953474602242,0.3109046638828443,0.004699103480713119,0.016926114383251308,0.623883771503864
2023-02-17,-0.001783528073945174,0.015237770553560435,0.4583333333333333,0.010224089797192144,0.12129845805923019,0.018048277422342718,0.004997871861544935,0.015239984744029945,0.5333761930052421
2023-02-20,0.0011861503406106492,0.013319863865493631,0.5666666666666667,0.010195709844698312,0.1140770932258258,-0.09468810638017389,0.002743165185430984,0.008827845713096154,0.6098604248010996
2023-02-21,-0.01980494430314411,0.013860578561774368,0.1,0.01127203244921442,0.08138591206152837,-0.10641676597200123,0.006777164673824363,0.021339150805071067,0.644386596632952
2023-02-22,0.0022931906932641922,0.014589307684125802,0.525,0.011181270451067874,0.09106710179083119,0.0966699305466755,0.006092754127805548,0.018902814521016047,0.5939525736551078
2023-02-23,0.030169234255321205,0.012577982693216375,1.0,0.012915241564231674,0.11275740358812243,-0.03993230434931605,0.0023038763709752976,0.007392143689942562,0.7890343621949322
2023-02-24,0.011605617132051074,0.012955030360298044,0.8083333333333333,0.013050074030879209,0.1178348690366369,-0.11515748330147413,0.0038800089438462263,0.012853837015834962,0.785953723654991
2023-02-27,0.0004413845184584174,0.012738354969145901,0.5916666666666667,0.012871659345938433,0.12699505781923376,-0.008797502018918602,0.005504729740412379,0.016618955339337507,0.7539798541970127
2023-02-28,-0.006491859112499168,0.013161518817678401,0.3416666666666667,0.012613681534255287,0.13746952869731027,-0.03162701058026118,0.003376736178554385,0.00973492330548616,0.6960307261673854
2023-03-01,-0.005682564655453353,0.012858359605818605,0.2833333333333333,0.012628317699092229,0.14958164750924285,0.07438548633818942,0.003664030294431579,0.009321292808338615,0.7145640012890239
2023-03-02,-0.030926717945500067,0.015213362285523656,0.008333333333333333,0.014296779751090387,0.1189391759952072,0.24588998949779262,0.004471475405723085,0.013071108885075587,0.6725160492336167
2023-03-03,0.001918289120776337,0.01312621465075844,0.525,0.014284177069591245,0.11833918184859914,0.02686428789898465,0.002615604543853554,0.009020116605144696,0.7688208849273115
2023-03-06,0.010405088642360432,0.013760093144402252,0.825,0.014499353392557009,0.1422546332504278,-0.04038062312962176,0.005541773199387535,0.017296627886323874,0.7697316838137641
2023-03-07,-0.020255232095480104,0.014827117004514877,0.075,0.015175018143025815,0.11767914594923708,-0.0006378044932491278,0.00243495653280747,0.008182439255082129,0.7729865260338038
2023-03-08,-0.00971837136438476,0.011528744203950888,0.18333333333333332,0.014683541374410218,0.10108016575361996,-0.05832888728161012,0.004098582661026591,0.010625435345258642,0.9633577359560276
2023-03-09,-0.016014522769494423,0.012306750885186077,0.09166666666666666,0.014865733976362283,0.07494069565485423,0.028460825399340695,0.002501567705941892,0.007560638238624845,0.9454363191126283
2023-03-10,-0.014311066623189098,0.012708717550147868,0.11666666666666667,0.015024987845865145,0.036998589533781545,0.07382110567196853,0.004004249167126354,0.010161200348334523,0.9693710111974587
2023-03-13,-0.00033764076871194636,0.011817172031515229,0.48333333333333334,0.014499721117076352,0.01993005871477406,0.06215682786629284,0.0032321617909852407,0.009644266330574386,0.9883207400492585
2023-03-14,-0.0313412607612005,0.01421230629992565,0.025,0.015392409573692083,0.00017373491143525543,0.1632361821481364,0.004089306314364157,0.013136079726154354,0.8669536310994155
2023-03-15,0.007150868151276006,0.013846804143485563,0.725,0.01515124667462399,-0.016904088986756837,0.11231447739504852,0.006225137832607088,0.019648841036782584,0.8376917189252113
2023-03-16,0.010521108182911946,0.01350380121616561,0.7666666666666667,0.015169813804376039,0.0007625710467973352,0.043143819431260555,0.004284858308826405,0.010207683845757641,0.8603453049644748
2023-03-17,-0.003803279429308166,0.013261719502140796,0.3416666666666667,0.01516065972557952,-0.01733086969210212,0.07542799930713617,0.0029082041889269762,0.008060752640101995,0.8836651643384594
2023-03-20,-0.03402850040344566,0.013318826059215106,0.0,0.016494537199792218,-0.05205124959999702,-0.001838587598448349,0.003098231935107451,0.010454324320821419,1.0031692723524412
2023-03-21,-0.013861756109650514,0.013715897721677441,0.13333333333333333,0.01628322822839865,-0.058734343002118314,0.14073492784081054,0.004881958376162229,0.014400064008478188,0.9524624564741337
2023-03-22,0.0171429888899775,0.013945327371014752,0.9,0.016986124569566947,-0.016316302300174987,0.0006537935336887735,0.0059808837648588475,0.016496985149344192,0.9900353845596307
2023-03-23,-0.03981526258782752,0.015083409744543424,0.008333333333333333,0.016591761995778134,-0.05109982922440769,0.1999979234130541,0.00558337438949055,0.017440077030539923,0.947310270369531
2023-03-24,-0.003686032145349225,0.012595375303292288,0.35,0.01596321955243653,-0.04332051393151343,0.26376071154354663,0.004378296641610931,0.01152495781196004,1.1029992659473487
2023-03-27,-0.015499245129575795,0.014757031761766582,0.14166666666666666,0.0158575293532899,-0.06401372746103794,0.2638031083914457,0.003755882616745682,0.011626181201201907,0.9924477348055382
2023-03-28,0.007965503731069625,0.013838084233301257,0.7583333333333333,0.01634462978997096,-0.06581849915070537,0.11487922315306565,0.0033467570600947336,0.009881183770225063,1.06367794321741
2023-03-29,-0.006871066020649565,0.012580529010556602,0.26666666666666666,0.016333290807185277,-0.0670741088138616,0.2070239527909965,0.003354106902524034,0.009832408269271698,1.174727233743973
2023-03-30,0.005162025553533873,0.013554716278712648,0.6416666666666667,0.015799365623977775,-0.06466869055712056,0.1860433794910925,0.0038142386804712854,0.011610336630039374,0.9952591516205382
2023-03-31,0.008535798995189765,0.013312841416195317,0.7666666666666667,0.016073112610421474,-0.05424555836660325,0.12975603791528312,0.004605959851440972,0.012646669002553112,1.0381954149108557
2023-04-03,0.02250110256695327,0.014774945732786201,0.9333333333333333,0.016970304804988116,-0.028365775718508672,0.11614421344655312,0.005571467026329145,0.014172645375866813,0.9763915126907571
2023-04-04,-0.00138628053244325,0.014158981599353295,0.44166666666666665,0.01668916985049048,-0.03967614323308741,0.16003966193114771,0.00448955108844998,0.012500682748066008,0.9522354373582163
2023-04-05,0.004337490861584902,0.013572585561491554,0.6333333333333333,0.01680151142016838,-0.03679389044486402,0.23522688051185137,0.005629335665016166,0.01725603953114494,0.9735536350684105
2023-04-06,-0.021162760719560365,0.01269435446865385,0.041666666666666664,0.017019076485540238,-0.0939215400068307,0.22833273804713705,0.003260067522828807,0.009810782920520816,1.0611844770393382
2023-04-07,0.003628974271529262,0.01217341842112914,0.65,0.016982966186732885,-0.07857109222456232,0.11465276485230302,0.004206253700883195,0.013325124686070246,1.0627209911829738
2023-04-10,-0.004157412601512294,0.012644063036753413,0.35833333333333334,0.01695820328041463,-0.10160136897488961,0.08513347344566247,0.003933075143208133,0.011685889026159121,1.0382687783244615
2023-04-11,-0.005858736535432321,0.013541120695626836,0.325,0.015743938871424133,-0.10578647844137361,0.1556244824509624,0.003622899077001803,0.010178092916521725,0.8753935466188764
2023-04-12,-0.00079318915134378,0.011856761091206073,0.44166666666666665,0.01556937841120169,-0.1213948139557627,0.1438291817404107,0.0032419024736268193,0.010848291205247792,0.9729407240480201
2023-04-13,-0.008015833995344078,0.011275883007949114,0.25,0.015235405030516997,-0.12105538488094184,0.1773047561523361,0.0038178621336239183,0.012281819375803532,1.011952855800287
2023-04-14,0.0008603522805267963,0.014084447867095432,0.5583333333333333,0.015281978092844322,-0.12524355048469987,0.06338518499375634,0.005775290677468529,0.01352726547402568,0.7997129713859198
2023-04-17,0.003355272012798356,0.012703081020598753,0.6166666666666667,0.013646763376328247,-0.12061800388243718,0.19295539774003112,0.004889222643641591,0.014258921278284797,0.765944436535916
2023-04-18,0.00019655097111384307,0.014001863315333152,0.475,0.013383808663019935,-0.11678277283783284,0.011636020882165976,0.003916496231811919,0.010494889028166626,0.6460992922105611
2023-04-19,-0.008241674241618814,0.014608528262488044,0.26666666666666666,0.012690722064654677,-0.13264192177176945,-0.06222498872287008,0.004474926217675301,0.012869825554964671,0.5888018348388279
2023-04-20,-0.0008971452640981583,0.014907239391508318,0.49166666666666664,0.009260139366144417,-0.1385262271870265,-0.053824818232484084,0.005018050989347754,0.015265105473655338,0.4464691418890503
2023-04-21,0.006185636793518408,0.0136305997375693,0.6916666666666667,0.009371922015717456,-0.13879433153158255,-0.0764364823668211,0.0035343476707917227,0.012089583124640596,0.4974544584990499
2023-04-24,-0.018814262369932024,0.013418961152764305,0.08333333333333333,0.009675415524018495,-0.1696018050078388,-0.021936418920571965,0.0037627792071710927,0.01104204661696032,0.5176521039452215
2023-04-25,-0.010106672083799768,0.012693555024054354,0.21666666666666667,0.00967003631746611,-0.19507316664837798,0.08489391968663484,0.004347768438267976,0.013909331052162155,0.5556687529819574
2023-04-26,0.008252264578989508,0.013292854999099397,0.6916666666666667,0.009824343455566898,-0.181684325210185,-0.10607014023871453,0.004154632888529391,0.010918875678745946,0.5358120448559544
2023-04-27,0.003608469345194147,0.01340750251098487,0.6083333333333333,0.009780592820899783,-0.18814038561302734,-0.012467663633210169,0.004433176659862123,0.013909415770776881,0.5254367099951912
2023-04-28,0.0056938592581858025,0.011887570516143552,0.7166666666666667,0.009656164408660623,-0.17773779050850258,-0.5265685750248033,0.00332967165626636,0.009166791511069736,0.5806650747013412
2023-05-01,0.03379920262084254,0.015748500409206275,0.9666666666666667,0.011296969080685764,-0.14353093328396027,-0.3600522565695905,0.00253511677055179,0.006681332642062516,0.47417860941877366
2023-05-02,0.010623419536331185,0.012945001688079659,0.8083333333333333,0.011562099212551238,-0.1300439216309833,-0.5760166855549096,0.004571023922864238,0.01383058343047894,0.6125498602263313
2023-05-03,0.007182145868692615,0.014284532092844821,0.7333333333333333,0.011633925013932959,-0.1396772821203233,-0.11882114214433215,0.005340618191289674,0.013506558350305255,0.5650651818732897
2023-05-04,0.026516159630962485,0.014436228895315295,0.9666666666666667,0.01189370270734378,-0.11859675841101316,-0.10071376972959745,0.003470611534823668,0.011336712301404532,0.577668983434761
2023-05-05,-0.0020321082832310787,0.013763621341310994,0.4583333333333333,0.011936486108556152,-0.1212556708077669,-0.11316971451630997,0.0042642922754226355,0.011703040521928335,0.6000977625258236
2023-05-08,-0.008081583938646624,0.01409193458415015,0.3,0.012080771363550617,-0.14248101901778937,0.06542179207031962,0.003734167455554504,0.011605100270269375,0.6000401781271865
2023-05-09,0.0041795481312785245,0.014808636662691775,0.6083333333333333,0.011937254298121458,-0.11980529703613256,-0.11662856472198668,0.004756798424983569,0.014449807195576338,0.5653300643747906
2023-05-10,0.009562889740134028,0.013227608238579658,0.7833333333333333,0.01200338916140213,-0.08865039137591287,-0.8926902216345312,0.005053450968492898,0.013484929875543944,0.6660503084424548
2023-05-11,-0.012571880694637516,0.012832433163275231,0.16666666666666666,0.012267599676218361,-0.11137180403497252,-0.6986001376634003,0.005357574570149363,0.015077349909250061,0.7043134195385766
2023-05-12,-0.019456057500134554,0.014146570704687776,0.075,0.013252531911391667,-0.1290443334611619,-0.5496434333099232,0.0041894051738387466,0.013588815714482554,0.7046117643128831
2023-05-15,0.045395489092649996,0.01633196093709787,1.0,0.016438597746000462,-0.08483499470912255,-0.8107344880462999,0.0062772896975350125,0.019735323476015504,0.7390325658802579
2023-05-16,0.005846462157097035,0.012978635791405629,0.6916666666666667,0.016417429443814916,-0.05918358824888142,-0.5796587325314797,0.00468097792185961,0.014896476038219716,0.9517446020542765
2023-05-17,-0.013028883040193421,0.014135897465840328,0.15,0.016643738986436975,-0.07450566198233902,-0.3180450274126585,0.0035772818135019354,0.008787029677555298,0.8907610589886901
2023-05-18,0.010218809585405908,0.016073710241293115,0.7,0.01665393277185656,-0.09445608665225433,-0.09719691373036765,0.005984871605574351,0.014886889118804104,0.8123693917878149
2023-05-19,0.0008444177680409665,0.013277285211733061,0.5333333333333333,0.01667080560858907,-0.10521728601626443,0.032238954692162425,0.004247439709480118,0.012927823953779075,0.9633542593418036
2023-05-22,-0.004828337869965004,0.013342770996974904,0.36666666666666664,0.015923161693160385,-0.11048700840468784,-0.28994852862911147,0.004979504755111422,0.01599456609779912,0.906216035556784
2023-05-23,0.009897067532258143,0.014168300611442206,0.7916666666666666,0.015542676231197629,-0.09409808175993054,-0.06821704640794524,0.005302453904998764,0.015071593599362599,0.8526747942436422
2023-05-24,-0.026498662382127853,0.014515937028893517,0.025,0.017146833791759634,-0.11491417948660504,-0.5415764639533305,0.003433329407753276,0.009310450557173219,0.8951039586998599
2023-05-25,0.005997548607594647,0.013932691096244289,0.675,0.017149765062685614,-0.07798991293351032,-0.5864443536722388,0.005532749268499023,0.016891833246267488,0.9411481652281214
2023-05-26,0.03824120472700847,0.015457455296199556,1.0,0.01874294480041517,-0.04166699732727819,-0.026885991089868,0.003775059195623891,0.010592795440874908,0.9535912382024292
2023-05-29,0.012134924327571791,0.015133799914106828,0.8416666666666667,0.017651525372293163,-0.03993716164206683,-0.022983669356112513,0.0037145538100209065,0.009899397314420445,0.9024091832988991
2023-05-30,-0.009621561052709667,0.01226908354597228,0.19166666666666668,0.017891358526487915,-0.029303490599296395,0.03989224613060893,0.003055240141559888,0.009254566001091084,1.1090304378099929
2023-05-31,-0.008132880957300753,0.014586103479865976,0.2916666666666667,0.018074567617599468,-0.02771800019221239,-0.15054735240855743,0.005349114294403293,0.015162398159804892,0.9361186741747212
2023-06-01,-0.005171834286831356,0.01162378062065673,0.30833333333333335,0.017297997741786527,-0.016875311709549323,-0.09942158804049361,0.0021923618250100697,0.006119130207442439,1.082875528584237
2023-06-02,-0.0029991897896830618,0.013280427634644541,0.36666666666666664,0.017310164154108933,-0.005563434876043286,-0.06856890088345113,0.00616534491473221,0.019144563021903205,0.9514348488373554
2023-06-05,-0.005678678946037405,0.01237136072268306,0.3416666666666667,0.017247682839406565,-0.010904473053368745,-0.05157686965654218,0.004489808303368071,0.01339974322112053,1.0116362047778624
2023-06-06,0.009691386587455292,0.013732353274595918,0.7833333333333333,0.01733293439073034,0.03012817429528705,-0.15439946604293642,0.0036407185757703388,0.009682032266341045,0.9314432913624721
2023-06-07,-0.0077144503568206575,0.01336486869327098,0.30833333333333335,0.01736626648264888,0.015262855787190385,0.378243563927791,0.005276029137625931,0.015477893086667114,0.9501392534795108
2023-06-08,0.006039437901980031,0.013187785278979888,0.6916666666666667,0.01708995448877364,0.010781185506258471,0.37237359373535694,0.006114258861239694,0.015428311575942988,0.9381305474515808
2023-06-09,-0.0008884032444462826,0.01351806963245404,0.49166666666666664,0.016347900194784493,0.013696061691120354,0.3536648631678778,0.004054940575393868,0.010842508061666508,0.8465322210787771
2023-06-12,0.0017676947269103034,0.012905571667877225,0.575,0.012948638170704532,0.04949225682147632,0.3818520189740914,0.004372578323997955,0.013437107158618778,0.7176816363296659
2023-06-13,-0.00697306528545647,0.012690265488439809,0.31666666666666665,0.01300316343552786,0.05638094764567036,0.3663868474754909,0.003396693072861331,0.008850114553888788,0.7342968480272133
2023-06-14,0.0073056296729471105,0.01365497959825323,0.6666666666666666,0.012708897372060067,0.046543588428639975,0.22915722882083733,0.004912236566735881,0.013352733173463211,0.6614626712135829
2023-06-15,0.007630717148981539,0.013458714863325298,0.775,0.012624933925115234,0.09398956816544903,0.0020302987725343558,0.003423243682687284,0.008391902129424141,0.6614936677844646
2023-06-16,0.006816548244626624,0.012575488738579773,0.7333333333333333,0.012690220051143272,0.10449214855542488,-0.006573510623122614,0.004809009126832803,0.014524142221845537,0.7316980972840343
2023-06-19,-0.009091020808666077,0.012602175844519404,0.225,0.012834437600768552,0.11090037287633459,0.06936499482691239,0.0037969796753447955,0.00983059909553529,0.7470610984582489
2023-06-20,0.0047403240647540335,0.013952317738929774,0.625,0.012700300335773696,0.107675193210019,-0.1211351257654274,0.00378747967084172,0.011579438843541068,0.6562893941589556
2023-06-21,0.0043497678595617,0.013316562202713872,0.6666666666666666,0.010953334405242937,0.11889602709023027,0.31888508436652463,0.0041039047414954295,0.01138991365759121,0.6044588165725489
2023-06-22,-0.009156270364531588,0.012835345589431382,0.225,0.011214021426087276,0.1045777311721648,0.3368295197637624,0.0036133713739744653,0.010461804437313219,0.6394256750259889
2023-06-23,0.00017923440978286602,0.013286376627711927,0.5166666666666667,0.007186417476172844,0.09622116658675792,0.24641087656882843,0.004037978676955874,0.011744930701169706,0.47448233468739026
2023-06-26,0.003268006779460777,0.012551913222204576,0.6083333333333333,0.006635267324638128,0.07698807079926541,0.2845709729580723,0.0054940215515246905,0.016166292315561652,0.46692524244664974
2023-06-27,0.0015205255442070178,0.0137461298413296,0.5833333333333334,0.00630469828099294,0.07989487687591568,0.19911055969920988,0.0030131797379770128,0.008198061857652098,0.3968937738838015
2023-06-28,0.0005799103977561832,0.01322241058627324,0.49166666666666664,0.0060166753424904336,0.07613729641208697,0.031332509356446825,0.004486081082168324,0.014051482082782564,0.38405287658489595
2023-06-29,-0.001325711841175543,0.013132806807704313,0.425,0.005892396602972822,0.09597434529047179,-0.06750955137395609,0.004372950512874284,0.010695245699026,0.3720300443234871
2023-06-30,0.00838399840804075,0.013379966756096477,0.7666666666666667,0.006082977314033419,0.10072936942698328,-0.10587314644169465,0.002403947692325327,0.007596677832886243,0.3852804138942318
2023-07-03,0.006649988094873635,0.014080506535980046,0.6833333333333333,0.00598676281015785,0.11153677012336921,-0.13170899273507652,0.006400675883749629,0.0180012139579995,0.36956089426363364
2023-07-04,-0.015209048583808494,0.013549327826462907,0.11666666666666667,0.006772526537560773,0.10218645807499303,0.003927148475791786,0.004084870108228324,0.012156300220811534,0.4044102967408842
2023-07-05,-0.002279340052746398,0.012935564071470361,0.44166666666666665,0.006532742668898741,0.10070030717359042,-0.013942430125482685,0.004391377406417831,0.012498521213489957,0.4025902653307115
2023-07-06,-0.0007934130360916779,0.01424304063416018,0.5,0.00641730876574841,0.10792272813284282,-0.16286443860896815,0.006020124126607939,0.01682401962658759,0.34721735726711656
2023-07-07,-0.01012021409300707,0.01545398443474772,0.25,0.006831525640173017,0.09694216175930895,-0.13069511129121447,0.006023828615985568,0.01693496154417579,0.34987879622240353
2023-07-10,0.0008244163306571615,0.012794684437826524,0.5416666666666666,0.00682128990258384,0.09441130607716776,-0.07352668815876018,0.0032723059205293234,0.00928961164437933,0.4189128365847476
2023-07-11,0.0076293135982756265,0.013099260909616996,0.7166666666666667,0.006832324266865142,0.10184406870432954,0.005108882962787775,0.001984154013918138,0.006532252482144005,0.4116774224062133
2023-07-12,-0.0048828302084111905,0.01543200559664108,0.35833333333333334,0.006745301233255052,0.10520291273753717,0.06936247783404448,0.005314445620891219,0.015800937186273574,0.3415972059145828
2023-07-13,0.0021333833209954424,0.013403902061439084,0.5416666666666666,0.006525812730583918,0.10823344132263077,-0.012825873476391081,0.0025528559361338936,0.007002934873227978,0.3727767689713361
2023-07-14,-0.005002549974075399,0.01366943012664607,0.39166666666666666,0.006382046005607841,0.09704525455503696,-0.098511694870834,0.004670230014116871,0.014817539241886253,0.35890035964122946
2023-07-17,-0.00307255677636756,0.014137821056679356,0.425,0.006110629139311356,0.11278696014860143,-0.022203650596498425,0.004788268898291156,0.015562021280970336,0.3257248884723558
2023-07-18,0.007628450811387358,0.012617803586478701,0.75,0.006274874052545692,0.13052208304378854,0.1494263199664284,0.0031332298228769723,0.00842815768678543,0.3764083417299507
2023-07-19,-0.003362059287140327,0.014063988205630925,0.4083333333333333,0.006201913136498501,0.11890775917765871,-0.13625138898407108,0.004629596159790806,0.013957056605662859,0.33419120002943387
2023-07-20,0.004203184603778978,0.012809377301573227,0.6166666666666667,0.00597201840307131,0.11950247443624354,0.06002417812744665,0.0019689360650353145,0.005770352698786662,0.34758963708994156
2023-07-21,-0.012319597036705031,0.01268575729688058,0.15,0.006560470120250261,0.10148901814135271,0.19837362783919144,0.003417527382347944,0.010601973208557509,0.3988271902531345
2023-07-24,0.011616159733309124,0.012330017743837211,0.8333333333333334,0.007076664652548883,0.0793059752538193,0.026931254564969587,0.003134642269925936,0.009343837343034837,0.44418691849636055
2023-07-25,0.0008505423714111873,0.01271975015222581,0.49166666666666664,0.007068876173575615,0.06953309808889929,0.03774687154518486,0.005525335231288831,0.018052775439507406,0.42794342364092636
2023-07-26,-0.002145538057502307,0.014836337711262498,0.4583333333333333,0.007075392699782675,0.060205414162704377,-0.4755148972608514,0.005000611958084743,0.012117371443376485,0.3721683152842003
2023-07-27,0.007746109737552129,0.01428065858257299,0.725,0.007308619371539924,0.04143536426929403,-0.26084837280857376,0.004752839486899454,0.012179809644727254,0.4091292199182425
2023-07-28,-0.023462890187606954,0.012420044011330964,0.025,0.008704388407302104,0.020004582364918144,-0.32895953979221493,0.0030719699381868072,0.008439173595382782,0.5311236650020731
2023-07-31,0.01301899475353652,0.013175198593617845,0.8416666666666667,0.009130795942893554,0.0411051610571013,0.0021523085258630115,0.00400630769582121,0.011384956814089221,0.524852022425528
2023-08-01,-0.0036261650549606634,0.012510216797565322,0.38333333333333336,0.00855464231211313,0.0332994478708621,0.14389486003915763,0.0016120796296302323,0.0045075496228111885,0.5064568867031117
2023-08-02,-0.006919378965860077,0.01318106739033099,0.2833333333333333,0.008659976756747083,0.016817179164867996,-0.5142727588514482,0.003754619529539008,0.011365769464640579,0.49828190710484355
2023-08-03,-0.011131242882916404,0.014779330758572415,0.24166666666666667,0.008950466227799702,0.01825781697658911,-0.41996380917855824,0.003174561607350432,0.00985945293973772,0.4793707512881435
2023-08-04,-0.011935277280276485,0.014291665512355884,0.18333333333333332,0.00905089896114449,0.025778597196447185,-0.31317343967582967,0.004994850937024353,0.014836142907369596,0.502078084771343
2023-08-07,0.013266994711088108,0.013789882549290757,0.8083333333333333,0.00963580556093686,-0.006349897185114705,-0.4105628784519535,0.0027742074115523216,0.00873969450957494,0.5654624642222855
2023-08-08,0.006498344648217223,0.014248316389740442,0.6666666666666666,0.009585759034549312,-0.005698014693994518,-0.4715757946289314,0.005881702948291208,0.019889917883047212,0.5433001562015386
2023-08-09,0.012869324076246101,0.013213802799900363,0.85,0.010023571123178459,0.020200192422445005,-0.3067061602481549,0.004185068795662624,0.012386632013900587,0.6160556001038588
2023-08-10,-0.0014071703184701302,0.01455790928968174,0.4166666666666667,0.010012244702015059,0.008574212518568967,-0.011443667545976366,0.004580211232916948,0.010763128140498403,0.556682034635591
2023-08-11,0.003284313462784227,0.012817114421298037,0.6583333333333333,0.009980307719308676,0.011014108213312227,0.014165252276369777,0.00439628110682684,0.012305228657890282,0.6255865770014566
2023-08-14,-0.008283563148609712,0.01270873673156681,0.21666666666666667,0.010133782556643827,0.00755888293466752,0.0001756338368487098,0.0026944154243599997,0.006965593708068807,0.65142312972025
2023-08-15,0.033286658715558026,0.01325639864957408,1.0,0.012518055246741044,0.030948474117967403,-0.12230649159558649,0.003601623539158411,0.010184062674290277,0.7212875611570188
2023-08-16,-0.00899693524259044,0.014381243170551495,0.23333333333333334,0.012686109014015783,0.048450201257504814,0.023816445248121987,0.00506234120050714,0.01619432390856891,0.6844623328256756
2023-08-17,0.011597042244271438,0.014056051265842123,0.8166666666666667,0.012895869608925586,0.05404969489418161,-0.11580352430537877,0.004887547016850972,0.014900042946757498,0.7265989528860565
2023-08-18,0.009580634551302123,0.014241782727254404,0.7666666666666667,0.012615077454820113,0.025389124718475264,-0.1699607085666932,0.006061675415874658,0.01883543819642601,0.707507213118817
2023-08-21,-0.002281139241064958,0.011963070204153886,0.43333333333333335,0.01245580696079519,0.010973061149838518,-0.10283463937473569,0.004547845026320691,0.01428451182714871,0.8032564231926538
2023-08-22,0.013817751182848078,0.016030590745142466,0.8416666666666667,0.012749296296674144,0.03441237338539627,0.03086298152453526,0.005902061687039861,0.01616303555713604,0.639887424377756
2023-08-23,0.012563200653524167,0.012339858257881432,0.8666666666666667,0.012906340277458662,0.055108454996221176,0.2708091508437763,0.002296780418886323,0.006315949673684337,0.8734830115313441
2023-08-24,0.010920960468321977,0.014096788972027126,0.7833333333333333,0.012987390956576307,0.07120124975137451,0.179404619950998,0.0027555007685584484,0.009076218891881814,0.7758787558788209
2023-08-25,-0.0012665089130448235,0.012436211962892615,0.49166666666666664,0.011452771384538185,0.07293393062801276,0.24443705763923063,0.0028722744721374886,0.008555113454278496,0.7902390257659073
2023-08-28,-0.0033210088008841865,0.014815732151597694,0.425,0.011376325067386924,0.07529160077316598,-0.030742847031199005,0.0058986443704040084,0.01785284841640091,0.6305919027521345
2023-08-29,0.0001501179994775627,0.013705412816363394,0.45,0.011284085717729396,0.06575033218518823,-0.18004831184386494,0.0034447411295543164,0.009600727017402853,0.6689968772353031
2023-08-30,0.00504869976460869,0.012843685042457415,0.6916666666666667,0.011010067319306586,0.07851348230661759,0.21805597537178567,0.0034937868885887686,0.009617754185056794,0.7065997324992669
2023-08-31,0.0220990855174378,0.015109394524179498,0.9166666666666666,0.011079757782447583,0.09457312992207535,0.22396704412160306,0.003762847656131028,0.010330847141833025,0.6369372731402632
2023-09-01,0.004282405568227001,0.01395517419499518,0.625,0.010271711487113309,0.09974393873474864,0.15645273847893204,0.006649115906747355,0.020912337630130694,0.6621983238835544
2023-09-04,-0.009852821862568313,0.013669333050422795,0.2,0.010780403690251206,0.08812342214527003,0.19277501384768425,0.003015402069285284,0.009743131982736897,0.6635571966492031
2023-09-05,0.010873302398972487,0.012503603495122846,0.825,0.010845289514526757,0.10596978982969897,0.27520325199144524,0.005114075866077078,0.015020486496177288,0.742916408870765
2023-09-06,0.012211294802614186,0.011619395414916276,0.8416666666666667,0.010823525419407051,0.11087545495936606,0.05621448808207263,0.0032261956819472017,0.007672198409668164,0.7966189644408201
2023-09-07,0.008323258901963806,0.012133232895394254,0.7666666666666667,0.01070455594093823,0.11156799671234832,-0.0027485431342806343,0.0033048352364890457,0.0105179773923249,0.7913830761196885
2023-09-08,0.00883928207596983,0.013912949223999972,0.7416666666666667,0.010696935429493685,0.11359073054369152,-0.05901388435882571,0.0041772441292093915,0.01049028683872911,0.7101142571303471
2023-09-11,-0.001407341237533274,0.012378580447321636,0.4166666666666667,0.010300620964355873,0.12127441011482433,-0.10717668172386219,0.003634686199090533,0.009831087631257774,0.7703607491764102
2023-09-12,-0.012963457591322069,0.012995811924843283,0.16666666666666666,0.009177245263074963,0.10357062845874823,-0.10571751641268023,0.004561544180551074,0.015095088796450024,0.6555813903893583
2023-09-13,-0.013606260851949928,0.012670235745658941,0.15,0.009583215344784131,0.08561459974723659,-0.026882686970882697,0.003552023311270892,0.009056981257440054,0.6906168840933637
2023-09-14,-0.024971657187321535,0.014074831841533408,0.03333333333333333,0.011425295659820273,0.06979921292444666,-0.05760491603412965,0.0041569791803993264,0.013361162688674582,0.6692093791666692
2023-09-15,0.005436798651295803,0.012697828274834061,0.7083333333333334,0.011326362303037055,0.07505677716595958,-0.05588829704989684,0.003721120477045397,0.011652434812606433,0.7254640308693187
2023-09-18,-0.0006668205317191168,0.01198365769957975,0.5,0.01129812814100711,0.07112194985477971,-0.024435339407617773,0.004748998762784118,0.014373233875358962,0.7619628311313036
2023-09-19,-0.004020634826058216,0.012585860932631034,0.375,0.011044403157034057,0.06558078948451447,-0.200125436074589,0.0038593925059322,0.013690055945962062,0.6865836176400778
2023-09-20,-0.04175505680191671,0.017122132694987423,0.016666666666666666,0.01434805290561163,0.023245822284841566,0.04973593957598821,0.005830687423289657,0.019369272131693073,0.5899287733365967
2023-09-21,-0.017374264548340138,0.013661706039876586,0.09166666666666666,0.014475870240028537,0.007197269577676978,0.08259723270799535,0.002494024265791046,0.007604938400781665,0.7629723484926804
2023-09-22,0.01652687817192596,0.012910596536988585,0.9166666666666666,0.015101671823777947,0.015340149341562189,0.13619912300222414,0.004191886974241725,0.013326488471115748,0.8664605367037984
2023-09-25,-0.013572908951004214,0.014440321949173596,0.15,0.015328044913600031,-0.004882747704315661,-0.5010994231867836,0.003960216931567369,0.012001119949355585,0.8101701231654921
2023-09-26,0.008560068236834984,0.013443285659741561,0.725,0.015513607575120481,0.018886369116327816,-0.5234418023566225,0.003019034760789442,0.009902137299232254,0.9015366652717692
2023-09-27,-0.024915735258496254,0.013771502088733269,0.058333333333333334,0.01623729327769161,-0.0037500260894220393,-0.2268397534523212,0.003019802164383884,0.008806176070250457,0.9521812954159555
2023-09-28,0.030177560360739018,0.014812802038318664,0.9666666666666667,0.016988066381651887,0.027220947307408656,-0.21421348567436915,0.0035300497793395507,0.011188651360660728,0.9125140811220134
2023-09-29,-0.006627493048234788,0.013324632652624293,0.325,0.01691713975316658,0.030713668352180937,-0.33092459928986107,0.005921420406730086,0.020898486436020384,1.0232285699939188
2023-10-02,0.004931038524600944,0.013016370837415664,0.6833333333333333,0.0169497099720532,0.03482029054612472,-0.2747841211412374,0.00268562068202302,0.008111637815135636,1.0285551798706125
2023-10-03,0.04532024739456333,0.015569359017570462,1.0,0.019904822883025166,0.07251122434241242,-0.7743858357229874,0.003651928085827626,0.01128152918895052,0.970521835912942
2023-10-04,0.019055297556041986,0.014458653808860187,0.9583333333333334,0.020201923460992855,0.0964493521068656,0.12078026622545723,0.004247334894369969,0.012331272722182278,1.0687442440818604
2023-10-05,-0.0024538436461265726,0.012758018425108082,0.4,0.02009100285639958,0.0918621251397436,-0.1924467820410367,0.0038337799060361045,0.010436349623215057,1.1882042937613417
2023-10-06,-0.006942234798440083,0.013910764355676045,0.26666666666666666,0.0199824976221762,0.08992244031537891,0.03933065251853751,0.0049615444417804334,0.013544385788329115,1.082922514072818
2023-10-09,-0.0030232517624527804,0.01071987291820318,0.375,0.019982971781247576,0.08997174532929368,0.047936796708321516,0.0030312624539264588,0.008593796729465458,1.4128036358762894
2023-10-10,0.0050195334685522825,0.012184954336547866,0.7,0.019874819455902776,0.0873628279864586,0.07173171515143217,0.004564021032079503,0.01423576724212716,1.210335206968775
2023-10-11,-0.0019754245830261004,0.014470085924030015,0.425,0.019663126911700923,0.08874946269057284,0.13241263641305734,0.0027840101418638873,0.007415576292810262,0.9790085207344176
2023-10-12,-0.005091106779769432,0.013218687065139323,0.36666666666666664,0.018855533607871483,0.07945517130702442,0.11895456168181284,0.006132215314528597,0.016768534721769826,0.9964915448936912
2023-10-13,0.015153872404675483,0.014197957527363088,0.85,0.01911740750896825,0.10692864074840494,0.051388337885929114,0.00472211444608784,0.011372529333755014,0.9619808734004981
2023-10-16,-0.003100871242614959,0.01183022862294907,0.44166666666666665,0.01913508545673254,0.09221160977248086,0.026262654549593867,0.0024197349139026395,0.007667009657565864,1.1648013371009247
2023-10-17,0.02936665011731993,0.014921913357138583,0.9666666666666667,0.020132452192225925,0.1207277175183896,0.09252691378093236,0.004832494469862668,0.013367632326955748,1.0083939319742325
2023-10-18,-0.000762623684908998,0.012738650861829947,0.48333333333333334,0.017290500742459657,0.12211063189098291,-0.11624511817637595,0.004592565680229783,0.013449441823419358,1.020323530954068
2023-10-19,0.02575430309095365,0.013761674383963684,0.975,0.017118750018690388,0.14011882524438443,-0.063340231060657,0.003870242662474342,0.01157322661538934,0.974921130941612
2023-10-20,0.006038472504156114,0.013315230171098,0.675,0.016957568037407385,0.16962018793614747,-0.15910474376537986,0.005780329911848591,0.016835841398246867,0.9682241091602914
2023-10-23,0.014363419345523133,0.01222169112487551,0.9,0.01639785403449746,0.1709646125281341,0.282129479602109,0.0028070099139200985,0.008678458390000025,1.0580902641272782
2023-10-24,-0.008959430312981003,0.014139250290879242,0.25,0.016798068062892278,0.16563134727011375,0.27026354915838036,0.006106604361584017,0.016598122013204614,0.9160047546908128
2023-10-25,-0.01137851746567869,0.012993449400179111,0.18333333333333332,0.015699578635750822,0.16117220877029514,0.1762090590749531,0.00367260594667041,0.00996686388743598,0.944688298428188
2023-10-26,0.00536052712823527,0.013821931272659845,0.6333333333333333,0.014743112391722676,0.17766397878144682,0.17202513603720648,0.00351150525256517,0.00987277524806989,0.7982898862164179
2023-10-27,0.012218548877283438,0.013107211054357961,0.7833333333333333,0.014493545709134928,0.20181780493900675,0.17054987685681178,0.004626620516363349,0.01487433489438917,0.863147826602948
2023-10-30,0.00030083404066847915,0.014432441014670295,0.5166666666666667,0.014564211617154876,0.1888516442685871,0.3189995455354564,0.006286973033477195,0.01733802044333052,0.767850046914032
2023-10-31,-0.01753986231007877,0.012176623423981325,0.075,0.012418892057183118,0.16481343731029113,0.3943666182336647,0.003974572590729504,0.012674860930515747,0.7960278410913616
2023-11-01,-0.018807543451452722,0.01510344797096269,0.08333333333333333,0.012813736961040254,0.1331365697825923,-0.17219502159800104,0.004393102058138838,0.01288873850624406,0.6409492434678714
2023-11-02,-0.02123821194440723,0.0158871332375324,0.1,0.01378414118000669,0.11330552815665519,0.10554844673531649,0.006872862011578521,0.018139038085595652,0.6684504880068844
2023-11-03,-0.024613124595861582,0.014165643562068946,0.058333333333333334,0.014829067743187633,0.0854080900980094,-0.08333990178733774,0.004226305026575981,0.01169646474487188,0.81205674878988
2023-11-06,0.00019412305453820705,0.011959924333624477,0.48333333333333334,0.014813651760224549,0.09388577630115731,-0.03457642384500215,0.0036315510161876443,0.010037598680383914,0.9499934701251611
2023-11-07,0.009102839092560232,0.013018979144059509,0.7916666666666666,0.014914051355930392,0.06970195667815952,-0.08332602236920938,0.004725588042359227,0.011424272036736611,0.8883964843443337
2023-11-08,-0.0010244023194536476,0.013722440223084213,0.4666666666666667,0.014908200327945051,0.07767448960129632,-0.23128161144790993,0.003861211525774107,0.010683017729777623,0.8393889134076471
2023-11-09,-0.013863385845569799,0.013926089295357878,0.18333333333333332,0.015200317360160143,0.05221406151145508,-0.13974136571238605,0.005477198927891174,0.014386740969081366,0.8586099002992779
2023-11-10,-0.001201822014673715,0.013133503351655468,0.4583333333333333,0.014766169062225885,0.04143160494547924,-0.09242803110169007,0.00595027527574057,0.014054125610460887,0.8573093804804739
2023-11-13,-0.002978267469447013,0.01282200547276138,0.35833333333333334,0.014765271814927507,0.04073447671709718,0.03081478119998793,0.003601348512313507,0.010332748801946396,0.8776587607292631
2023-11-14,0.011045188747098814,0.01566582737441856,0.7416666666666667,0.013276473760597532,0.03796191428134792,-0.007412865483758191,0.004948895191878832,0.01368827133421179,0.6598612456088165
2023-11-15,-0.011331635388730393,0.013682468950799815,0.20833333333333334,0.01343819961635781,0.014067078239093358,0.07612989351040222,0.004912865528502274,0.012262540448398362,0.7941346688992438
2023-11-16,-0.004132174493790155,0.014015637581291584,0.38333333333333336,0.011686985633400388,-0.0009860567230187724,0.08014069214924746,0.003795291274247621,0.01147682051199803,0.6981213992840516
2023-11-17,0.006012309346003319,0.015120484008306689,0.725,0.011685813429301898,0.00629276153602937,0.01513448372565851,0.005150860870193047,0.016085514017995232,0.6470234918953096
2023-11-20,0.00022260796570496493,0.013153632362739691,0.5166666666666667,0.010924107353445655,0.009836378302618522,0.20026155602805495,0.006376077668279749,0.01989886677894003,0.6900198776211222
2023-11-21,-0.0009904398659416743,0.013032236104038765,0.45,0.010903216770048912,0.008695820437199284,0.14113337702469708,0.00539972278039575,0.014044787567692984,0.6658733161049468
2023-11-22,-0.0016623068789606286,0.014190632490106193,0.425,0.010783845854235245,0.0019848137936299666,0.15816799483230637,0.004709196823727128,0.015116477037258151,0.5772827777221717
2023-11-23,0.004098789679875945,0.013089179701269325,0.6583333333333333,0.010731328471249035,-0.016015482043931887,0.08757427725479772,0.003934420807159565,0.012022322766731834,0.6210412764305416
2023-11-24,0.003754005080479991,0.014421315593077131,0.5833333333333334,0.010220707527463478,-0.016543882531678898,0.03160773389543847,0.007255152832428985,0.022064017634481226,0.5343266798047147
2023-11-27,-0.009192185503475753,0.012469077013211496,0.24166666666666667,0.01021952085286534,-0.015883246172586338,-0.07615100182202283,0.003781990093965284,0.010927301816164225,0.6536378950719202
2023-11-28,0.0029714174265731397,0.014316338277990507,0.5666666666666667,0.009887751358056309,-0.023785131144985684,-0.028723245903496064,0.003331180091060411,0.009673120965696376,0.5184174098232962
2023-11-29,-0.007433889893436458,0.013152327784339836,0.275,0.009280440524043311,-0.04343031584103633,0.2082167942240537,0.0027233900423044226,0.008087096934617753,0.5210603356836213
2023-11-30,-0.000680858975116635,0.01426719002127812,0.4583333333333333,0.008248342344291022,-0.05243443371811677,0.08309951763997969,0.005677113495368832,0.018078576140247847,0.408299649277591
