date,market_return,cross_sectional_dispersion,breadth,realized_volatility_20d,trend_60d,liquidity_stress,sector_dispersion,sector_return_max_minus_min,market_move_to_dispersion
2018-03-29,0.014239813542954552,0.015996809338084964,0.875,0.013690080136494196,-0.003238677649775125,0.23755619444029707,0.01346993868257935,0.045283312025401215,0.6289544337040208
2018-04-02,-0.02220731144645728,0.015695196892502924,0.08333333333333333,0.014513373288161633,-0.034276155412388605,0.032487202940251536,0.007274766931061067,0.02235578624018445,0.7043991855074557
2018-04-03,0.015912344704031318,0.008113510464402804,1.0,0.014711589225679656,-0.025467410620084046,0.04321233910912792,0.0070795077491270795,0.019462850592164203,1.3843286632387768
2018-04-04,0.009442742694100678,0.00931628649222576,0.8333333333333334,0.0148536185690437,-0.02253536715442627,-0.01105306602143541,0.006898219512793223,0.021717922308361816,1.231369786988902
2018-04-05,0.009600608542111278,0.010954326133570917,0.875,0.015045546770038457,-0.016620524242097316,0.14097081430013192,0.00870413372316327,0.023007300227869974,1.08373691957048
2018-04-06,-0.02102252582941451,0.006940601512634867,0.0,0.015684416949079984,-0.03875721692444936,-0.036445461956505776,0.005726125321014186,0.017599402759537787,1.838199484863361
2018-04-09,0.005563899967637467,0.012504404262492974,0.6666666666666666,0.015057558590059373,-0.03393052348355432,0.23452633652904353,0.00808521668510234,0.022797767479019553,0.9685858312877534
2018-04-10,0.019662526209688103,0.013554883669724295,1.0,0.015845915286583002,-0.023194237067948358,0.00960062789973748,0.010651319888715373,0.0305949549842904,0.9549249329451625
2018-04-11,-0.0040842058552476345,0.009772154714223689,0.2916666666666667,0.015816864414132693,-0.03472720659137345,0.07238133542141834,0.007922170878536146,0.02409613820748487,1.3132062900206989
2018-04-12,0.009333956008244987,0.012929066337982213,0.75,0.015970653996246642,-0.025578207964154453,0.10797206053068364,0.010622574352701617,0.029014646930184036,1.0123916171884306
2018-04-13,-0.0005496046599880733,0.011847045762277715,0.625,0.015931960714102127,-0.03221269185030996,0.21176034760916118,0.010997980968380927,0.036338353871979444,1.0894587322020735
2018-04-16,0.007771164258596368,0.00835005071432872,0.8333333333333334,0.01602481046386209,-0.024908992625129033,0.569996647980286,0.006292419805257995,0.020789687333926464,1.573319748531879
2018-04-17,0.014010170994123619,0.021704482672367825,0.7916666666666666,0.015705949097406646,-0.01595652134703593,-0.3662406391821622,0.016067654927058472,0.05323976704201254,0.5933120643658182
2018-04-18,0.0001316760862051606,0.012069734258044954,0.375,0.015686449020133088,-0.026015162611288483,-0.28262266908144973,0.009936488564704724,0.025392330357829767,1.0486674961664226
2018-04-19,-0.003073211629153328,0.01468642146546396,0.3333333333333333,0.015711635099235403,-0.03352212700457785,-0.09819688025378315,0.010785207925301717,0.03580265016465219,0.870632437769514
2018-04-20,-0.008225155611635759,0.010228101257974263,0.125,0.01465357099715742,-0.04270450408369845,0.26115922114333756,0.005898175330065636,0.016450626702945465,1.1667925828752783
2018-04-23,-0.00259045232205965,0.011148738981903444,0.4583333333333333,0.01381857505792988,-0.04846883842172441,0.09113413963448624,0.006358346449135158,0.018674583479293815,0.9935455289238307
2018-04-24,-0.016237306416522098,0.016600929531971634,0.041666666666666664,0.01285807383276298,-0.07444429415748591,-0.07247919218570464,0.012366961677135087,0.037713702541756655,0.6273628668818801
2018-04-25,-0.0016585754376949775,0.007885979225710065,0.4583333333333333,0.011903732543498509,-0.07088142429801456,-0.1629495925251485,0.0042166763869958416,0.0123949047662405,1.2000412198773565
2018-04-26,0.018927396619548027,0.0213067937188525,0.875,0.012477840807472367,-0.03948325901485607,-0.07432291025394866,0.015358209397882766,0.045029257486870734,0.4792946595589763
2018-04-27,-0.000422940198400427,0.015158305049862793,0.5416666666666666,0.012162921561347842,-0.037949523394336424,0.14311949614696873,0.008543062200796092,0.028342371138917577,0.6281301730782374
2018-04-30,-0.0028105594579119625,0.015878824878029503,0.20833333333333334,0.010877248045336024,-0.038687184970804825,0.18238540182813712,0.008390039242594603,0.028137867159367315,0.5385506321030088
2018-05-01,-0.00015649586518512912,0.011500941340034784,0.4583333333333333,0.01041689038886298,-0.015488554675832503,0.1955131135346868,0.009218401157339327,0.026830712848594028,0.6750541980548855
2018-05-02,-0.005721855780979099,0.01330374674273481,0.20833333333333334,0.010373979144508008,0.023182653648233853,0.00034546009664016,0.007831259666325268,0.023598902251431318,0.5695925015752108
2018-05-03,-0.0006378301900218051,0.008966115592088895,0.4583333333333333,0.01017388731187083,0.0012247392514029023,-0.1329499650291599,0.006419349565049134,0.019733352926614194,0.7951688104716799
2018-05-04,0.013413518875920002,0.010001070078203708,0.9583333333333334,0.009225431892550125,0.020467183819288227,0.1859418099042326,0.0074516768598946155,0.020931614230474994,0.6748402990343203
2018-05-07,0.004582497620303221,0.012887683160712345,0.5833333333333334,0.0092088136339006,0.06349901502245396,-0.0946244691871363,0.01037763525810752,0.031185376506064122,0.5198804875414967
2018-05-08,0.0011170580071389092,0.007579460087406495,0.5416666666666666,0.00822687523306199,0.052255101691365664,0.05087509885865915,0.006274156102389954,0.019432024396114578,0.7616349354930525
2018-05-09,0.010970591355524273,0.01337412418510096,0.8333333333333334,0.008408902809064969,0.049304043222156195,-0.29690654518709225,0.009645187237896292,0.029037739242026277,0.4573832861947264
2018-05-10,0.009781786355344296,0.006970338384382173,0.9583333333333334,0.008430284739747279,0.056252915812779865,0.087368036843675,0.0037830717762734403,0.011064607542778198,0.880802630883607
2018-05-11,0.0037199668945566513,0.010255404884548758,0.625,0.00841821038787962,0.046297745166971646,-0.2678740022373358,0.008683658045435312,0.03006090582845141,0.6141162216159886
2018-05-14,0.0026402579155206615,0.005732007603473665,0.625,0.008315267862185595,0.03670187754170054,-0.014676028948992004,0.0014671820278555055,0.004674148362259952,1.0539876426587873
2018-05-15,-0.008827279624150678,0.009139963080502245,0.16666666666666666,0.008128973105618085,0.029549297108582704,0.2542517407691085,0.006211013137938079,0.018806465655394934,0.6326415722098371
2018-05-16,0.002603194317680755,0.0063166507822678235,0.625,0.008137921191374155,0.040661148147798865,0.36843212851110485,0.0038048713025771647,0.009263496558481096,0.9349727772416496
2018-05-17,-0.0019829209699623457,0.008584267028002305,0.375,0.008113733829978343,0.04505892748268017,0.08931086936384736,0.004510300486765997,0.012316966397322566,0.6816402580110262
2018-05-18,-0.0038275006940451106,0.008345118104671204,0.2916666666666667,0.00790975894729425,0.03611968170514329,0.17605648565182264,0.007326845644788639,0.020558978262479027,0.6748255896787435
2018-05-21,0.009074557390823593,0.007834667477489895,0.875,0.008048741168444673,0.02875963746290911,0.15228297081368136,0.005755436931841105,0.016780275414937505,0.7601732321726838
2018-05-22,-0.005136190736955389,0.007076021431861623,0.16666666666666666,0.00706764087750547,0.01237842537095574,0.2939945849650729,0.005370048050469398,0.016858740143021023,0.7632323852307094
2018-05-23,0.005522548521676542,0.011404954001365838,0.6666666666666666,0.00703924250612703,0.03071072884028779,0.18367327556862145,0.008991263752275054,0.028746959124968424,0.4904752240923141
2018-05-24,-0.0036641081590229655,0.0072956989757437295,0.25,0.006028348714553372,0.04170048418521979,0.2408570341305324,0.006418836866220628,0.018969621320617157,0.6621275031517796
2018-05-25,-0.003955368435692663,0.012573148313202423,0.4166666666666667,0.006138756927842874,0.05024888405399448,0.2526178935633995,0.012010913494153331,0.035779427484268135,0.3982538210547383
2018-05-29,-0.010605860835562331,0.01296608662272343,0.16666666666666666,0.00664263394029015,0.03732410675501064,0.03752634832695112,0.012628579841766342,0.03962162002858841,0.41624505406625967
2018-05-30,0.016222574861023176,0.009532573223121763,0.9583333333333334,0.007459106494269649,0.04115596067004955,-0.0051952357750078,0.008488352408667642,0.02692741898155937,0.6504406766114199
2018-05-31,-0.006533109970859328,0.010975946718392813,0.125,0.00750403048322975,0.02998068036707066,-0.25939631832968146,0.00901654018271071,0.02736233972329616,0.5686011645930332
2018-06-01,0.011584393727738321,0.007925456248548965,0.9583333333333334,0.0077936578739313915,0.04316940370678157,0.1739350253292522,0.006880038240126928,0.018321314123015926,0.8565140038111866
2018-06-04,0.006559757337642538,0.01138313578308347,0.7083333333333334,0.007422751885082369,0.04643868451902408,-0.0892442755263616,0.009376706100738288,0.025619477831836122,0.5662390671066216
2018-06-05,-0.0009986111150745204,0.006904956115717651,0.3333333333333333,0.007425160369661461,0.026943746879864276,0.17172025497093846,0.005075302058101074,0.012988904336243483,0.9075194333292979
2018-06-06,0.008606212254984197,0.009543349160413142,0.8333333333333334,0.007580722381452388,0.03856633370361526,0.03376238987476654,0.00790482318724669,0.026438593017169294,0.6958604848326146
2018-06-07,0.0035201856862621624,0.014516658742925025,0.5833333333333334,0.007299066909441004,0.048391552077464595,0.05576239628389568,0.012090304614804603,0.035494967525808205,0.43180179414797487
2018-06-08,0.001955596674922696,0.00690397000283588,0.4583333333333333,0.007049363799070998,0.05455263794318546,-0.22943213889535485,0.003661518463634558,0.009242888044988887,0.8512507736554166
2018-06-11,0.0015510429742115195,0.007365339493039352,0.625,0.007027211692573492,0.05190585781470312,0.19686267312737538,0.004074109536156579,0.012353844130692848,0.7832040350132105
2018-06-12,0.0011417626772779511,0.0064958424914131965,0.5833333333333334,0.007019204905908119,0.049885100905086174,0.15840551776016898,0.005974950035647817,0.01663891812254244,0.876505065479161
2018-06-13,-0.0010844740464795906,0.010965707611544235,0.2916666666666667,0.006643996742186242,0.06800616324795847,0.0017677663559487744,0.006804164025953362,0.023288354408595408,0.48391756896822835
2018-06-14,0.0009556808995751925,0.012575846782874309,0.4166666666666667,0.0066401724447106465,0.06442229973019678,-0.09315626924123666,0.0108380493114017,0.033536749647463594,0.4154092355517385
2018-06-15,-0.004894312814487767,0.011869951996950285,0.25,0.006750283199646857,0.0590415136627419,-0.916151150930852,0.0106538871540506,0.034936661010091075,0.45237693396700324
2018-06-18,-0.00011820973947067788,0.010323613272524583,0.4166666666666667,0.006652242176106513,0.08419650429262167,-0.062029724020606025,0.008988565583974,0.025899724205572405,0.502171846826589
2018-06-19,-0.004183559974591559,0.013522541737506359,0.2916666666666667,0.0065153337059326456,0.0997492549619435,-0.16629224725102043,0.010368949818605332,0.0332569458108876,0.365292129842334
2018-06-20,0.0021378762238383428,0.010165288230303642,0.375,0.0063665385772209366,0.07241036427871589,0.028977834174792827,0.008032731339666737,0.024296234542687034,0.4711880507471483
2018-06-21,-0.0075102967536021985,0.010463591274372172,0.16666666666666666,0.006563257570606263,0.0855847752454726,0.06583865380712095,0.00818048816635905,0.025666904647881312,0.46725351076075355
2018-06-22,0.0027525729093477677,0.01461351718403899,0.5833333333333334,0.006503785581698992,0.09229009853792547,-0.49763301772035384,0.012458908371218784,0.038925696043979774,0.3314447120863154
2018-06-25,-0.01750721047345236,0.017760513473430068,0.16666666666666666,0.007638334896110834,0.06054307452151855,-0.7899307352062663,0.014560953053418665,0.04961506085873317,0.31086742541424467
2018-06-26,0.004692306926553642,0.010845648072241346,0.5833333333333334,0.007258160118632285,0.08744269289452947,0.2382022661260259,0.008248342171247279,0.019989854492778052,0.48180499378769576
2018-06-27,-0.007275648606086579,0.011962928192465149,0.16666666666666666,0.006518743219953257,0.06425469958441157,-0.015088309738443106,0.010997673260832574,0.033711865265127226,0.399412335546113
2018-06-28,0.004629291134176455,0.011278606575696043,0.7083333333333334,0.0064281184742783345,0.05944124802448736,0.38882515059814304,0.007260445686404717,0.01963317877630851,0.4152064455887629
2018-06-29,-0.0009252556951722021,0.008372447843765193,0.4583333333333333,0.005858309526927076,0.04891538378720387,-0.18800484687912578,0.007049265966606544,0.023180859116989527,0.49567263043040855
2018-07-02,0.002857619207613011,0.011090000560816745,0.6666666666666666,0.00568611771704009,0.0727955288242314,0.12561280322235424,0.010309381350678116,0.030561314820990188,0.3575190386705461
2018-07-03,-0.006271800501587678,0.011325647877849128,0.3333333333333333,0.00583158843956471,0.060959828355006254,0.40981210068318397,0.010694967270387337,0.02972986099782663,0.3733601692628049
2018-07-05,0.009400781613609124,0.009771424769799184,0.875,0.0059009669549372696,0.05069808375892727,0.1631027357668391,0.008768692770821943,0.028818240406999946,0.4368118649194331
2018-07-06,0.007008308770242476,0.007951944515080552,0.8333333333333334,0.0060813257072365534,0.06179059838441739,0.4372106457551804,0.007260632195706774,0.020271323603986573,0.5586910751690445
2018-07-09,0.013267080336706783,0.01350244971987653,0.875,0.0068077012772802875,0.06572372271287918,0.1998533646206624,0.011084959385231578,0.03404785949679601,0.37091451683257526
2018-07-10,0.004678631427167647,0.008407477361012687,0.6666666666666666,0.006879989603024392,0.0709519588000349,0.12635231645952727,0.007824605749728224,0.02387744141659357,0.6142905671683981
2018-07-11,-0.009428109236932805,0.010673936249803614,0.125,0.007201298510941181,0.05375268530450573,0.045826642924597594,0.008978372035591592,0.024767006601291757,0.5226704782537311
2018-07-12,0.009977083254296462,0.010123081091253736,0.8333333333333334,0.0075571718600473655,0.04971959756467857,0.23918452195964457,0.006558316135941558,0.020051649452511033,0.5950344337486208
2018-07-13,0.00022820827618693731,0.011465416578635637,0.625,0.007555155194775677,0.04981612975466035,0.08907245420799592,0.0063573209557246145,0.0195900618278256,0.5221971790290232
2018-07-16,0.0015639509543493996,0.015481856680201139,0.375,0.00746452278105661,0.054453292338163074,0.5463428028132205,0.014416340289395027,0.04769521998274325,0.3759684785218916
2018-07-17,0.0035706263845312752,0.016521194411545766,0.6666666666666666,0.007493993472927568,0.06624907433433011,-0.7133347272286743,0.0072214983885596756,0.020043666030192996,0.36276499045455424
2018-07-18,5.753966499292643e-05,0.008050422703127016,0.375,0.0074085520707698055,0.06889706632138269,0.10381665679639818,0.006012455683109103,0.01701257739165026,0.7188454732040918
2018-07-19,-0.006365946026950749,0.008481373258634838,0.20833333333333334,0.007575619140857091,0.07876842671095402,-0.03733985557239983,0.005635538138458082,0.016247837320265024,0.7072455396973566
2018-07-20,0.003108521497398181,0.010997760783482595,0.5416666666666666,0.007355803577930506,0.08353552364604719,0.056654663962815155,0.004101334951669271,0.012862643058456339,0.5254091954378676
2018-07-23,0.00286025045591215,0.007861905459989115,0.5833333333333334,0.007357192398337101,0.0674683774824113,0.4857700112357828,0.006471437552850224,0.020815255183173214,0.7356624359871086
2018-07-24,0.008236277404649947,0.011090002587035647,0.75,0.006090643705025061,0.07612759508546169,0.23339966776248,0.005868576209616925,0.01713483953008436,0.479725935769858
2018-07-25,0.012675831542904742,0.014437649188896671,0.875,0.0065037430524818194,0.0916139860862784,-0.16475556889216292,0.010008829902685326,0.030051108158244414,0.3961405367829449
2018-07-26,-0.008350428488849052,0.03999567405848528,0.5416666666666666,0.006594254572519813,0.08342005346261447,-0.14431844374964298,0.022375615085770146,0.0654399546198889,0.14434253777720027
2018-07-27,-0.004010040240889606,0.01165632594495025,0.375,0.00673840102937905,0.08513186900270397,-0.17246951603730576,0.00842313313403005,0.023743743448596755,0.49261787772284754
2018-07-30,-0.005738428588657599,0.017395018215455395,0.5,0.00693911483744304,0.08003127060406817,0.12976288863586793,0.014422467564691933,0.040396805969467896,0.34393601200174434
2018-07-31,0.0025517509858256023,0.010207824528079383,0.5833333333333334,0.0069373838679026864,0.06916950271397376,-0.32359203043328666,0.009188323193535998,0.03055419676325048,0.5845985857434058
2018-08-01,-0.0010253967400833026,0.01622445779421183,0.4166666666666667,0.006705405551449278,0.06356160835358725,-0.6242874577437316,0.01199210586818202,0.04188603058936402,0.3516394610482569
2018-08-02,0.003747526321315739,0.012490846429264391,0.5,0.006502562576289175,0.06619207666776407,-0.15556917037775375,0.009994131231481507,0.02688616145129789,0.4341176445207092
2018-08-03,0.003258700808905247,0.004834766070947997,0.75,0.006401732054714676,0.05848018612114505,-0.09040863232389551,0.0031708735271330796,0.007996287156072774,1.0827858794104652
2018-08-06,0.005441885247640031,0.00991304977332587,0.8333333333333334,0.005878058101315045,0.054140285013440786,0.20628796890965018,0.006985746942438078,0.021259703008721226,0.48862426681802784
2018-08-07,0.004703724535222391,0.00772759773426525,0.75,0.005878808181032753,0.05512404265410652,0.04582320210774271,0.00455567132806004,0.012543601550759583,0.6269750961985571
2018-08-08,-0.00041296125658085714,0.009449933900131798,0.5833333333333334,0.005328507268649908,0.052070823482005,0.2665665520480943,0.007385399937272194,0.024676794915639122,0.4650036688347443
2018-08-09,-0.0022994023843160524,0.007039823477653754,0.5,0.005036541186677446,0.058598700721839626,0.06277259250112999,0.003631670221681396,0.0113424218130835,0.5696690979593529
2018-08-10,-0.005802123046748084,0.007466853266978253,0.20833333333333334,0.005272151327695241,0.05019338335741079,-0.333650874120742,0.006495622229018378,0.01630094994015959,0.5744140771862095
2018-08-13,-0.0052583712621047385,0.007723435139187527,0.25,0.005444059386208411,0.0469179330652684,0.09851183940721009,0.0062919082277910045,0.01951225575685689,0.5792482960754867
2018-08-14,0.005613845547301405,0.008179615336896505,0.7083333333333334,0.005522384071786945,0.05635927930661491,0.5573722652688227,0.004206623500392903,0.012332481052317842,0.5594331046010556
2018-08-15,-0.009992918532796375,0.016972374509942878,0.2916666666666667,0.006014459027442726,0.03729180338299495,-0.09336239969770799,0.013717305735828316,0.04178051261359487,0.2988807808112446
2018-08-16,0.011572386496626527,0.02135396037559133,0.7916666666666666,0.006321759875688369,0.05400038061657686,-0.4441730944472031,0.014949938155741107,0.05297106992503453,0.24974470662277326
2018-08-17,0.0002580036666476419,0.013757439244677382,0.5416666666666666,0.00630487596976365,0.04873583576154796,-0.13980017977312387,0.007895874153736852,0.024155841390973303,0.37728770488352426
2018-08-20,0.0038318980432065822,0.010796385631756706,0.625,0.006324476563949779,0.05623184196377751,-0.14317648466858324,0.0057525494138938775,0.016991861363662857,0.4852637943621796
2018-08-21,0.002899134446291668,0.010272506681760331,0.6666666666666666,0.006109815414750476,0.06308634484576184,0.015499695731753471,0.006199013347227777,0.018837660974105698,0.4840335531710361
2018-08-22,0.0029288950152127394,0.010821781433142313,0.4583333333333333,0.005456707322775272,0.07662110069653692,0.20010605732859243,0.008581602187192337,0.021664507772015118,0.41443186692219
2018-08-23,-0.002319251432385927,0.008021986909034306,0.3333333333333333,0.005115534314986753,0.05807927440312781,0.3314281748107979,0.004808204320699862,0.014018860458622513,0.5214833029989946
2018-08-24,0.007135258258080794,0.012278339854128972,0.7916666666666666,0.005204944209075229,0.07174764263206794,0.21543786824064104,0.008936705367166103,0.028280715064469684,0.3534348439897714
2018-08-27,0.0102252417927913,0.008577955606776466,0.875,0.005330880706750505,0.07038849069712091,-0.006078321562786648,0.0072748958501985235,0.021733143964514347,0.5320537899961508
2018-08-28,-0.0003548440612060703,0.00681556002818882,0.375,0.005350409571420521,0.0634738892982723,0.17389017426906161,0.0031670734284034723,0.00875189234474564,0.6535176018333465
2018-08-29,0.005705366899958407,0.009346880625106826,0.6666666666666666,0.005381053489044909,0.07017786731330522,0.17510249455409532,0.007211694803172542,0.01822810124766494,0.5015670083743419
2018-08-30,-0.002532951172738528,0.006642700773741562,0.2916666666666667,0.005459103982965782,0.05903870388558251,0.08528912123719823,0.004221428623141765,0.0132894618704316,0.6966079540463279
2018-08-31,-0.002077055817739088,0.0069394485106407675,0.375,0.00551060485884574,0.053441462381581255,-0.39819107514689467,0.006645941219532309,0.020991463885173554,0.658305330571282
2018-09-04,-0.00046231628415845105,0.010102078434789089,0.5,0.005443993739556102,0.051023549422500106,-0.1416057238493469,0.008428841976918046,0.02845856986872227,0.427565230807462
2018-09-05,-0.002829010347852559,0.018087803139159194,0.5,0.005447080833726658,0.04664349610043603,-0.31396263595337137,0.01521747511890634,0.0430644097717499,0.23361387536826178
2018-09-06,-0.005147702518037631,0.014475053266275005,0.4166666666666667,0.0056028425911741515,0.04035403090512045,-0.5640594104230752,0.010743476927026341,0.03506977597128169,0.30827512474213864
2018-09-07,-0.001447802666712091,0.005747600341772347,0.375,0.005583212173159284,0.03999070228488794,-0.4285936195192612,0.0032655273210014536,0.007832382213345923,0.7689676739191912
2018-09-10,0.0016380107316181919,0.010701903893325959,0.5,0.005378494335573244,0.04067303211693095,0.03101896759345346,0.006747536132291601,0.01952948867497395,0.3935293468949732
2018-09-11,0.005331598131515569,0.010468832208697121,0.5833333333333334,0.0052529410413579974,0.050898943062934285,-0.2507214506243278,0.007361636441587358,0.019087200553584188,0.40264038138294594
2018-09-12,0.0003698133161290316,0.01340114914928696,0.625,0.005166900258527665,0.05138696611853399,-0.4868646170750195,0.0072769914174842165,0.019343910178038454,0.2949726876068375
2018-09-13,0.0013464092106183906,0.011444919816064575,0.5833333333333334,0.00444096682360209,0.056916935303743935,0.1259206505597923,0.007644634937368291,0.024269928421322362,0.3076166169844746
2018-09-14,0.0005310745339077624,0.007691492535173098,0.4583333333333333,0.0038031505587344363,0.05531013361381336,0.38299887267846267,0.005214286937319137,0.01699332337253423,0.3859565492347725
2018-09-17,-0.005344213859083101,0.013159569318182721,0.4583333333333333,0.0040766482915573915,0.057476216508332456,0.24006152498298972,0.011019311452471672,0.02745570205795478,0.2449086553698295
2018-09-18,0.0049386212180046185,0.012043987993009991,0.625,0.0041247479505332,0.0596622648169893,-0.05506065135118332,0.006350165206916344,0.019621969434480063,0.27218796528232114
2018-09-19,0.006407583524448229,0.01163602237364054,0.6666666666666666,0.004280246591726798,0.08357705881488989,0.020140861101617058,0.009896352468724928,0.031208290499243712,0.2968068407494293
2018-09-20,0.006903349136294641,0.009029371434541494,0.7916666666666666,0.00445339625163275,0.0857881010246309,-0.2738864939351351,0.004489693733598319,0.012366527804719807,0.40449922479564987
2018-09-21,-0.0005243223458248764,0.010881955711648532,0.5416666666666666,0.00439214633194666,0.0925394272848926,-1.8934126990521003,0.00823082985099011,0.02566741104346567,0.32738851229860927
2018-09-24,-0.0014791947894574563,0.012974786065403808,0.4583333333333333,0.0042288184585955926,0.08643094136125869,-0.36387682354346396,0.011739342466056825,0.028036598578767467,0.2527844468010289
2018-09-25,0.0006177715344538315,0.009465209565730848,0.4166666666666667,0.0036371741989143272,0.08797396859088472,-0.2871416167298102,0.007309109336069419,0.022158658835562894,0.29576213664866374
2018-09-26,-0.0030130614345444165,0.008660354706782086,0.375,0.0037207238173749013,0.08210328794872729,0.1527582257272455,0.007943803827285476,0.02677769635150599,0.3385960013114077
2018-09-27,0.002835793344166689,0.007318815737779937,0.625,0.0035590789185226926,0.09121088179448165,-0.06689930132839894,0.0055875518645392445,0.015194169283419767,0.3810565664973589
2018-09-28,-0.001063969841046573,0.013997570953463183,0.4583333333333333,0.0035123208162508206,0.08074613033982597,-0.16035410274857353,0.0106469180517421,0.03338922380975651,0.19399321055835234
2018-10-01,0.00786841515391365,0.00971740575741314,0.875,0.003835796921310802,0.08160623672349714,0.19947872768936525,0.006811022213982379,0.01985721052403363,0.30923908819974466
2018-10-02,-0.0013811775144709955,0.00984401768972573,0.5,0.0038580810725820152,0.06695797887231936,-0.32576232199147737,0.0072577817382723465,0.020468486313004058,0.30992881705091896
2018-10-03,0.000971010253054914,0.009951968207659536,0.5416666666666666,0.0037608543751933266,0.06325035769820662,-0.01941432266120624,0.008364867205916521,0.024009114684855747,0.29723213450264774
2018-10-04,-0.009150297838032473,0.012902050915133337,0.20833333333333334,0.00418841160348449,0.06352816909710696,0.1135203633644134,0.011431462971620737,0.03601838272219796,0.2447808135031094
2018-10-05,-0.007386344299932508,0.010385904902869326,0.25,0.004552179393403061,0.04616474154287799,0.20708843837962698,0.007220358637573729,0.01916219692965108,0.332672177613657
2018-10-08,0.0010218145477282013,0.00834958095358627,0.5416666666666666,0.004546301745908294,0.04695834781441925,0.15079499108736993,0.0062510013715575095,0.019933350046503946,0.4101154070325664
2018-10-09,0.0011783063318103193,0.013079765801502528,0.5,0.004406208612057568,0.04657270319188017,-0.0023736994546290635,0.010188277007327709,0.030321589631992385,0.24592391409459535
2018-10-10,-0.03342335788439214,0.02106300941574489,0.0,0.008729406654489187,0.00957871892295676,-0.43292979295127476,0.016536614446571018,0.045756719822212556,0.23117800185378146
2018-10-11,-0.021471695818652853,0.012687884493456366,0.041666666666666664,0.009778635456416941,-0.011950516560689017,-0.647071232931306,0.009363438913822185,0.032068603953412746,0.4630849818337542
2018-10-12,0.014918275247804489,0.017668328343960406,0.875,0.010518301382652718,0.009333704714066221,-0.493861826467888,0.01393642241166062,0.04065473062967884,0.37326274831824735
2018-10-15,-0.007441224986713582,0.012068607912763258,0.2916666666666667,0.010565534276936019,-0.001216041770045544,-0.2971725229291129,0.009691286333553909,0.030957015877392934,0.5551410237755727
2018-10-16,0.021901934953074537,0.012449460415505816,1.0,0.011759655098539249,0.01782564272711684,-0.7631513465277042,0.010141196959930026,0.02836036851203009,0.6062869222500515
2018-10-17,0.00276469050569376,0.01867938582906997,0.5833333333333334,0.011665320313642844,0.012354055828160657,-0.5608948217968384,0.010782923087461626,0.02507738277794047,0.3943277608512187
2018-10-18,-0.01532258567003432,0.014799581430385055,0.25,0.011902211223539978,-0.015644361384778406,-0.44895901159222684,0.013335485966103419,0.03707492559961382,0.5261474624378977
2018-10-19,0.00129076769762058,0.023925246154349912,0.5416666666666666,0.011923997265286928,-0.006003165198308773,0.40026660324354135,0.01584980660549737,0.05115053712128248,0.3270639069645357
2018-10-22,-0.005297483066045027,0.010949714929028109,0.2916666666666667,0.011940917675900168,-0.007290608023464193,-0.08397484054950266,0.009477841688668632,0.031718290417981465,0.7320737524324561
2018-10-23,-0.007719974729997581,0.02529375923718901,0.375,0.011972610603799535,-0.009272154164804175,-0.4632466109650961,0.018053936447270005,0.0504210548052774,0.3309555126795298
2018-10-24,-0.03458298137579308,0.02949891355159703,0.125,0.013912777657419908,-0.04640688652642286,-1.2927757643281406,0.02495239492849525,0.07729060315670451,0.33728716942730447
2018-10-25,0.020753175853165315,0.020860512718776574,0.7916666666666666,0.01494672297019518,-0.024628313933174238,-1.112787280725874,0.013224872766661162,0.03862042417274951,0.5199044877112162
2018-10-26,-0.0176899672948351,0.01895099130597319,0.08333333333333333,0.015258597210803141,-0.046065807549325086,-0.8605196284399679,0.01405295431012363,0.04132860889488765,0.6161563721185315
2018-10-29,-0.011596430583033562,0.02374794163041889,0.375,0.015053614382215055,-0.06092093894126389,-0.6777424059350747,0.01960065160715593,0.04999450045454763,0.49954539248987584
2018-10-30,0.01999845079562429,0.018761576000661875,0.9166666666666666,0.01607707002283922,-0.04636437339327963,-0.5987502404967098,0.006090158322087778,0.01835080800276301,0.6819277061905983
2018-10-31,0.01655651963774206,0.019596106334921575,0.75,0.016711923550991888,-0.03451157829075996,-0.5531889220051092,0.016333554449299195,0.05148859982634798,0.6926536182189282
2018-11-01,0.008736985757791702,0.016671842299148285,0.5416666666666666,0.016873443566306344,-0.0253616312763874,-0.4141675563910321,0.007273896592091421,0.019736155081958362,0.8129064628068496
2018-11-02,-0.0034402895877498293,0.018702573733768425,0.5,0.016838063645837335,-0.02650251847982118,-0.4983698492543207,0.01179999010671278,0.03385780426047639,0.7140913227440658
2018-11-05,0.00525417781058229,0.015187480660636701,0.6666666666666666,0.016910344804306855,-0.015446217622490805,-0.3114467190915222,0.008773948092930325,0.026926953535241403,0.8932991641313509
2018-11-06,0.005661502109409707,0.007525518653535563,0.7916666666666666,0.016987463536702326,-0.00452634425097636,-0.0070212840557939415,0.0045759071840101515,0.013952998062326083,1.8325811420065494
2018-11-07,0.022546679972833873,0.017190354960413927,0.9583333333333334,0.016128139943052875,0.012406490174556108,0.13131536887174222,0.011055122433167544,0.03107565025448607,0.7706233933630708
2018-11-08,-0.006199150518088979,0.015560140341495124,0.5,0.015361935706518488,0.016200258189263503,0.2576917360059383,0.012570713557481038,0.031392717461443786,0.8022846924067119
2018-11-09,-0.010543013435819556,0.01480359123937809,0.25,0.015250790503777905,-0.005915141743182582,0.00542319131267377,0.011624125522153144,0.03543021078028411,0.8285083746744748
2018-11-12,-0.02370493874013134,0.021105929821405058,0.125,0.016094510101876146,-0.029878084149961563,-0.3886619963051383,0.016739810668872524,0.04813180842307585,0.6196403150876532
2018-11-13,-0.0009149545185431022,0.014415131649847595,0.375,0.015204716998066761,-0.03462493671171125,0.02543534716264928,0.010105884390207705,0.03477049721010657,0.8344520379842613
2018-11-14,-0.007221453083028013,0.011104947660532714,0.2916666666666667,0.015215300829591315,-0.04474552424103093,-0.03205781892149773,0.006998647674525869,0.01824349568389712,1.1032536565152748
2018-11-15,0.010231353637873064,0.013185973878050431,0.75,0.015125517691110327,-0.0374430656183706,-0.020306681387967984,0.01047437830133074,0.029806913563516058,0.9098313572618104
2018-11-16,-0.005286955445223368,0.040999725762287394,0.5416666666666666,0.015147008173035723,-0.04041076963120804,-0.16632463251035,0.02280727479866231,0.07232318720447328,0.29748545071695315
2018-11-19,-0.019042738505449824,0.03047714079949734,0.3333333333333333,0.015645248250590556,-0.06658876639473867,-0.15512885905029394,0.025357183253471895,0.06822314605054747,0.4227458459570551
2018-11-20,-0.01880041261532042,0.01586411629028949,0.125,0.016052691290568265,-0.09561442080285039,0.10348633268007135,0.008915437193494753,0.02977980561781457,0.8470756465727285
2018-11-21,0.0002562485934554752,0.013705035449252152,0.5833333333333334,0.014162936647885989,-0.09500332814818883,0.3505028853366059,0.008249254643157879,0.02585501060445968,0.8552892816796522
2018-11-23,-0.008786609154850328,0.0117188907929787,0.25,0.013320732006580889,-0.10949530420299758,0.6286463195111409,0.01068014475027367,0.034454076776185914,0.9491889451289908
2018-11-26,0.017898323497423766,0.015218317447970529,0.9166666666666666,0.013518057945093642,-0.08906402953283528,0.2716557137038812,0.010492142001873631,0.03339755499789625,0.7316090913508646
2018-11-27,0.005138077655915008,0.007880907140704427,0.7083333333333334,0.013306096435797103,-0.08184889605918119,0.11368584812444371,0.004409884022232511,0.01326922571453959,1.3717890035532732
2018-11-28,0.026666313407233955,0.01579477679231544,1.0,0.013893132587282298,-0.054720266367788775,0.10915300460799315,0.00975754495030025,0.02712133009169164,0.7055709004792828
2018-11-29,-0.0003913087146063023,0.009580541598134125,0.4166666666666667,0.0133859081644316,-0.05228256473454252,0.3179886275519628,0.00839907155479111,0.02449776144711443,1.0788611721157304
2018-11-30,0.009857100320304388,0.014820362908792831,0.7916666666666666,0.0134270946194751,-0.0372777618962005,-0.6674902944924475,0.008022834754395343,0.023540693089023474,0.701202806580841
2018-12-03,0.011878583088279696,0.01740259035557872,0.75,0.013657929185399029,-0.023951376141208715,-0.31154995967774446,0.011400987474252278,0.03387430337813435,0.6214014419842963
2018-12-04,-0.03532763836229009,0.02235166058060204,0.0,0.015796674818030397,-0.060917025235116995,-0.38747931377815825,0.01780447753895523,0.051079884994624236,0.5510851296432954
2018-12-06,-0.00016010483012554125,0.01173937908512209,0.4583333333333333,0.01571498879971316,-0.06640872819675811,-0.9006714587021862,0.00990483920345175,0.03184030886254752,1.0258292042125123
2018-12-07,-0.024621048730096257,0.016686339809026087,0.0,0.015438100413380085,-0.09139959024298341,-0.00776841467545708,0.012964763706487099,0.0398167200265365,0.7279197524272313
2018-12-10,0.002012152713075435,0.014499107768659347,0.5,0.01548435931867391,-0.09073384674052637,-0.10222217888690288,0.012994725297800925,0.03717129875803797,0.8232897253343191
2018-12-11,-0.00176747291167903,0.0085287836847263,0.5,0.015399669754647821,-0.09303239418611314,0.038213888311823374,0.005220098674751461,0.014327379563997138,1.3481628625236042
2018-12-12,0.004757731706991605,0.01143204165960066,0.6666666666666666,0.014694735914349853,-0.08293044862003845,0.13523565520040937,0.008299445902633928,0.025836295066054893,0.9229173046030337
2018-12-13,0.004579676240905046,0.007514625230552229,0.6666666666666666,0.014761030390089684,-0.08328939359713802,0.2497379313756828,0.004360854509566929,0.012649169248833303,1.4284232189071544
2018-12-14,-0.02020826778598746,0.02082000816618081,0.125,0.015305884720350516,-0.10990524490757371,0.08957882839309284,0.014509251305237244,0.04626671268398138,0.546753190728573
2018-12-17,-0.02080159182217306,0.00967051286588597,0.0,0.015565493760609402,-0.1376101858660414,-0.055572447293255056,0.004551115793490964,0.014196902619182977,1.2317772563118332
2018-12-18,0.0032724824724086055,0.01602062254242983,0.5416666666666666,0.015634404813598544,-0.13381338104780793,0.052887100221375105,0.01452120673746358,0.04795494905258209,0.7372493874783704
2018-12-19,-0.018550651942951853,0.016750776742011163,0.0,0.015608492218113813,-0.15088483820130233,-0.2591515905578612,0.008631447791495056,0.02437970265948079,0.703644374815333
2018-12-20,-0.01601508977753248,0.01167541952479571,0.08333333333333333,0.015473390041726109,-0.16751769951328863,-0.3607539169007843,0.007910521300344439,0.02040082880198994,0.9975935906781105
2018-12-21,-0.021424889695686764,0.020492463896030787,0.08333333333333333,0.015983183896050343,-0.185929527774431,-1.719281242955653,0.017933390735879805,0.04939561303496043,0.6200208918746382
2018-12-24,-0.02820130899094533,0.01172582058907297,0.0,0.016848949116143243,-0.21696663010954298,-0.5590812919027868,0.006124061822656041,0.018250839275404347,1.1663568131065725
2018-12-26,0.055543078814895126,0.020142134425405606,1.0,0.021113020832845206,-0.1603595814536013,-0.07626046355464,0.013830263047820096,0.041431932582081034,0.7724468604270494
2018-12-27,0.008825472347626184,0.00845710707981204,0.875,0.021205454822170382,-0.15940252425988877,-0.12868705297942795,0.006785902433215285,0.020622796067658822,1.8615228688980487
2018-12-28,-0.0029997796358573934,0.007690596776255145,0.2916666666666667,0.020025553651062112,-0.16102112638127514,0.21369584452292423,0.004974550391793219,0.012973498356994536,1.8931913827772684
2018-12-31,0.009791253287156867,0.010809481637976584,0.875,0.020263196753788053,-0.15220088334717322,0.053179806900853,0.003502757268575761,0.010152843185336899,1.390424562177416
2019-01-02,0.005377511212066986,0.01485207076488018,0.5416666666666666,0.020126518018952027,-0.13767307429707376,0.39300847077931034,0.012280509405686434,0.03450519876826893,0.9968838388143771
2019-01-03,-0.023116363879294523,0.02155476202852606,0.041666666666666664,0.02017605910277797,-0.15340309387643575,0.30711915163026826,0.01815279258718899,0.05949294258560789,0.7129597783380466
2019-01-04,0.03631703580034467,0.01943386016496899,1.0,0.021028116827452377,-0.1181078726238193,0.19814811860987946,0.016393335341668883,0.04969024885420296,0.7933137369013591
2019-01-07,0.007361576519433931,0.01811349725775935,0.625,0.02113669298873454,-0.11192460243619569,0.33764188777137705,0.010488043460823064,0.026814058462667267,0.8710201895217601
2019-01-08,0.006941647856142694,0.01130879350979755,0.75,0.020527839865370545,-0.07155959669566085,0.17246804127803028,0.007086139103544679,0.02146801070402634,1.3169620400049529
2019-01-09,0.003991256835708353,0.011494243540256808,0.625,0.020544920379962205,-0.04609664404129964,0.1602703788269244,0.010072117628477205,0.030188472965277675,1.3043230660879523
2019-01-10,0.004246428870422897,0.009044098479270905,0.5833333333333334,0.020566561994408143,-0.05676849041868123,0.015530117978429847,0.0052517712980015615,0.016548214018385278,1.6713832572005771
2019-01-11,0.0005740910104993687,0.012908112138722602,0.4583333333333333,0.020536711082189216,-0.04875317442146828,0.30888569115153797,0.006672198102092072,0.019719264352289288,1.154853055171644
2019-01-14,-0.0026988259327497175,0.00996682950829431,0.375,0.020511565681524357,-0.07335393530729253,0.07036847778795197,0.006996058976639111,0.021223578944675376,1.4862228968767872
2019-01-15,0.01205975906946193,0.018201708700806927,0.7916666666666666,0.020153046030119363,-0.06405886674352437,0.23255797830363334,0.014261547575120988,0.04871493766176693,0.7914369483360265
2019-01-16,0.0061700897299912655,0.02530158893361137,0.5416666666666666,0.019507727092411345,-0.04256619134349878,0.29191885993261635,0.021407109690627573,0.06488177263643957,0.5404375875340383
2019-01-17,0.008540879829561912,0.008866573201763473,0.875,0.019556019758562436,-0.03531607921155745,0.06932985870214559,0.006297690938286832,0.019630773586493715,1.5718980980323396
2019-01-18,0.011937700973239573,0.013343493324288538,0.9583333333333334,0.018997853822283983,-0.018080895172272855,0.12949480859669504,0.008171708227978055,0.02564343858399894,1.0197256200265978
2019-01-22,-0.01622759665695973,0.015744999115364155,0.16666666666666666,0.019009787778884388,-0.026588517099235,0.30418506827266845,0.010002982377952312,0.02747509642200341,0.8648668220066341
2019-01-23,0.0014187608862866463,0.013245833591416427,0.5,0.01805450966141254,0.009413225162844728,0.6238221362677232,0.01042520824615403,0.033079993077715995,0.9525275113759805
2019-01-24,0.0021727156551153565,0.015661055634057064,0.5833333333333334,0.016278985007339545,-0.00916723503520523,-0.30677491862180273,0.009743467577032585,0.030577040632841352,0.7225305563396051
2019-01-25,0.009311106877351061,0.01369141272960024,0.75,0.011606935116122026,0.01783383913698093,0.168936800990785,0.01070151066012227,0.03378875500880474,0.6576379531527313
2019-01-28,-0.015668942222675102,0.03224492985416619,0.16666666666666666,0.012392193390782971,0.013761327497339396,0.18302732403786404,0.019865705628929895,0.05611662511975868,0.28984916944418265
2019-01-29,-0.00463386874487826,0.014273250100492164,0.4583333333333333,0.012441032633266687,-0.010870992043163153,0.07177405847340756,0.01253288208080992,0.037726957629577854,0.6605272468491219
2019-01-30,0.016709385902035606,0.020414720405785288,0.8333333333333334,0.012727022596240157,-0.010718125778869606,-0.26440457131408746,0.017130613007152518,0.048439120502170585,0.478761258000928
2019-01-31,0.013408848352451541,0.027377387405819225,0.7083333333333334,0.012913416421947927,-0.006046263184209769,-0.5735080952112217,0.017025790818126083,0.0605334769389733,0.37166965311187355
2019-02-01,0.0010212819897392662,0.018573631132623454,0.5833333333333334,0.011275667974188778,-0.0015846916067206714,-0.37048787890988066,0.01361943339850669,0.047954084378140235,0.4883584648033902
2019-02-04,0.011388896943109813,0.012485164517605918,0.8333333333333334,0.008741991381649522,0.004550027525806852,0.02262906639153095,0.010503166670295896,0.03139716254127596,0.6266784095521891
2019-02-05,0.004183341075784465,0.007595285257199801,0.6666666666666666,0.00870458612131139,0.00307186649218161,0.08711412812579833,0.005672424965284409,0.014225072564465665,1.009214402242771
2019-02-06,-0.002331720803562235,0.009196616501788437,0.375,0.008771921693354001,-0.021806534284214498,0.18024929718863392,0.006334048478233433,0.01841328423790674,0.8084250242068253
2019-02-07,-0.011196899746737252,0.00999829943476197,0.08333333333333333,0.009345661014598793,-0.02680428351286277,0.13247952857914813,0.007805340542206201,0.023085776691958326,0.779638288940306
2019-02-08,-0.0018572475562508156,0.008599423242274456,0.5833333333333334,0.00938586373008192,-0.01811851763329403,0.2126123219578474,0.0040549393935143275,0.00943623767347257,0.8925712552661766
2019-02-11,-0.0021872380383240325,0.006566590875792422,0.375,0.009431456755726384,0.00339918306851328,-0.14445697851226313,0.005254679509863639,0.015361463890873894,1.1811692697205374
2019-02-12,0.016098339025316877,0.010697372082938523,0.9166666666666666,0.009857550429585233,0.02041247661237326,-0.09196908555344252,0.004867021994821876,0.015201845428502631,0.7876916815281036
2019-02-13,0.0029568405592867394,0.00760445704821985,0.7916666666666666,0.009625413956747233,0.030590770254688014,-0.11457531692235534,0.005421370852710029,0.01701700736580943,1.0482122560346174
2019-02-14,-0.0030622178510271067,0.019257818836286994,0.4166666666666667,0.009664508158569765,0.01729719876578784,0.10466262863901732,0.011768278765175633,0.03560593565771071,0.40584510379533595
2019-02-15,0.011190654602361913,0.01386348710441675,0.7083333333333334,0.009774995803717832,0.03377480881337312,0.020241746770868874,0.010684168611507281,0.03679198766846529,0.5733175328299955
2019-02-19,0.0012065407257772127,0.00794769304407716,0.375,0.009504970799918232,0.05402408804460016,0.1614886796274918,0.0046816514073553675,0.014409933358335847,0.9325501336862647
2019-02-20,0.0030275984878081474,0.01026598719489132,0.625,0.008517972516830724,0.07585209914772872,0.2045121824625531,0.007102148296014374,0.02272637952423299,0.6576690749871373
2019-02-21,-0.0032864739287249514,0.010008248200345802,0.25,0.00861838168928387,0.0723093766255483,0.1717430575611414,0.0060525611537231745,0.018423440185213913,0.6839366707731511
2019-02-22,0.004113629305867399,0.008728184452736517,0.7083333333333334,0.008626344417028408,0.08520961508626604,0.15752682304166654,0.0076128520063138425,0.02027948297011676,0.7953605557427208
2019-02-25,0.001988076572636883,0.008713931586944133,0.625,0.008477024827677586,0.06929936816147915,-0.09116713867383575,0.007306608957471837,0.019085494379749636,0.7546423857137337
2019-02-26,-0.0016989556148458383,0.00662011970646577,0.5416666666666666,0.007443770379554697,0.06246233489071829,-0.02080154089264208,0.0027394268574230233,0.009222004721865665,0.8878091412132545
2019-02-27,-0.00272777006820756,0.012464602842646678,0.5416666666666666,0.007354550331287677,0.033068251415276785,-0.026212684910068118,0.007522972912055835,0.02304241430991753,0.4638814353322018
2019-02-28,-0.004371137521007105,0.010070065317782826,0.2916666666666667,0.006765398027745752,0.02908842260887598,-0.2798109380310172,0.006038254047006263,0.01524316135860937,0.5129247204901548
2019-03-01,0.008088113742557393,0.008125758184692914,0.875,0.006382513500577978,0.027319436031128984,0.3219475897730959,0.005683317526896907,0.019873813814554702,0.6029158875507193
2019-03-04,-0.0020287055367222188,0.014160678113508506,0.5,0.006433982046051108,0.01341214740612707,0.17183286474613846,0.0074232323180202075,0.020775890078387243,0.34952562621801486
2019-03-05,0.0023651176785426434,0.008530714905242908,0.5416666666666666,0.006004192327267149,0.0511049034469598,0.13646798196142063,0.006857258319185531,0.02060949130162811,0.5273099584306589
2019-03-06,-0.004813984576166927,0.008854084048528176,0.2916666666666667,0.006091409474316537,0.046451023700918415,0.040815614253452814,0.005480482446842435,0.017505416124436308,0.5116128412898414
2019-03-07,-0.010384484772401184,0.007308834094166881,0.041666666666666664,0.006542963079528904,0.0606875876586135,-0.17948863018031513,0.005316616986165835,0.014810466807789524,0.6748684170386489
2019-03-08,-0.0032571722811664122,0.009636280622116961,0.375,0.006038335299711831,0.055418262664371644,-0.1800316027572244,0.007275886190398424,0.02358696048209012,0.47067069755525415
2019-03-11,0.01810787829985915,0.014100324818157029,1.0,0.0071620509985513316,0.07529361387590983,-0.10819711196755555,0.01034675252211013,0.03282277098006725,0.37928533763588834
2019-03-12,0.0029085709385319827,0.005502462447301529,0.6666666666666666,0.0071119598459655235,0.0734444531074502,-0.01918651358151413,0.003499452144771422,0.009285518399977266,0.9784915673674818
2019-03-13,0.009398767139611597,0.009590682105457167,0.9583333333333334,0.0065387739188152594,0.07826354400615675,0.051553184941935615,0.004794688218441065,0.015354690213592039,0.526462503358601
2019-03-14,-0.0011480755399137,0.00717273574617634,0.5416666666666666,0.006554582774918157,0.0973237362522305,0.06374466174188165,0.004451627026110037,0.015513394869273722,0.69132565797231
2019-03-15,0.002518687715123147,0.01082948937247514,0.625,0.006478311204392839,0.12064401578952672,-1.137322595120175,0.008180740653576537,0.023149676707075722,0.45537878867362896
2019-03-18,0.004761355024422533,0.011583528025519168,0.7083333333333334,0.00612515163081479,0.12213288834154065,0.014563039563318059,0.007207793439705211,0.024726034663442066,0.3979836508651326
2019-03-19,0.0022804102151449215,0.01028199901963225,0.5833333333333334,0.006129563063137187,0.14296395049963742,0.15875502432953004,0.005504701684278833,0.016258297429784387,0.45358380593678466
2019-03-20,-0.0015757609836913877,0.018730016246690927,0.4166666666666667,0.006147366547413112,0.1574032792934785,-0.017777000536557175,0.017859279696169163,0.059643802886333086,0.24512292527073362
2019-03-21,0.010023926923045587,0.014382501083169673,0.875,0.006368356442866733,0.18885209591221086,-0.05562299516154723,0.013546074121397732,0.04833896901690101,0.34264061542397745
2019-03-22,-0.019875147706511623,0.01336593167518798,0.08333333333333333,0.007956352593698623,0.19717825719664456,-0.18640640323940083,0.010340371787693632,0.03129696661818644,0.4276622895743703
2019-03-25,-0.00022987982586779773,0.008617940148207562,0.4583333333333333,0.007950385335297083,0.14140529855588166,0.27753761731071924,0.0049451985654382115,0.015219257470526437,0.6530789270261571
2019-03-26,0.006175624016941869,0.009939155295658975,0.7916666666666666,0.008034617746087455,0.13875545022519734,0.21309439323939872,0.006288631083540018,0.020116788945951224,0.5887852992726423
2019-03-27,-0.005095741953721302,0.0060233444505918676,0.16666666666666666,0.00810663158744157,0.1366594879073334,-0.012522503418306297,0.004168944622830516,0.012375276526886376,0.991214626445754
2019-03-28,0.003851631932338867,0.005084620316337386,0.7916666666666666,0.008044587518973079,0.1307198665525154,0.4800886218513568,0.004257194100571594,0.01114159107338412,1.1691043716703886
2019-03-29,0.006677616510147792,0.006526147813160516,0.9583333333333334,0.007986103090011172,0.13201997185059625,0.18875505094871547,0.00475959036206123,0.015492180264120211,0.9000603643466937
2019-04-01,0.013102588678325497,0.013263266005707526,0.7916666666666666,0.008387431629403927,0.16823892440821625,0.17423813329184057,0.0120560478917586,0.03468222532547941,0.48461827824367115
2019-04-02,0.000556960739553076,0.00976918975328616,0.4166666666666667,0.008390646018888618,0.13247884934742465,0.23576332845420978,0.0074166327991892,0.021434638475429,0.6486938475621896
2019-04-03,0.002372204926052774,0.009893887276456044,0.5,0.00824973789991429,0.12748947775404348,0.14132729036342484,0.007306267121016396,0.02366431687313353,0.6281782005853664
2019-04-04,0.002949300327338681,0.007911810739282047,0.625,0.007712537810849041,0.12349713022523949,0.21722286130564272,0.005098524010767796,0.016192896491137976,0.7385622933133683
2019-04-05,0.0034092279162808805,0.006262872261695984,0.7083333333333334,0.007583357094465417,0.12291510130581203,0.1959528619627544,0.005362372069369728,0.01594593735887425,0.9342307524625717
2019-04-08,0.0018590152786605492,0.0058241101903753895,0.625,0.006705821220623788,0.12052768771404966,0.20288048302460637,0.004436234105230273,0.012914916214311251,0.8651149359927415
2019-04-09,-0.005656129335032738,0.00801681952254159,0.20833333333333334,0.0069309783925578464,0.11429746736851756,0.0637676819595614,0.006455050035734445,0.020412713074221434,0.645630429852235
2019-04-10,0.0026778494828190356,0.007161070080520679,0.625,0.006703264110133052,0.11967414278408632,0.24843766239737453,0.004438627835787126,0.01300723023168271,0.6758566383412329
2019-04-11,-0.00037593222272479243,0.011029618708630347,0.5416666666666666,0.006689529855961514,0.10723845149189959,0.25293595193789753,0.008222410991118216,0.025720815391338116,0.4353051281755015
2019-04-12,0.002280085328464331,0.023642712276402484,0.6666666666666666,0.006687868342926578,0.10334844709037265,0.3563795837315006,0.017403433136004048,0.0535609778396124,0.20257064461823465
2019-04-15,-0.0027785562254336363,0.013221195429051001,0.5416666666666666,0.006707335926720105,0.09202901103537711,-0.14293241702675696,0.009182179172049776,0.028140911732553175,0.35474700843609813
2019-04-16,0.0030514451747061244,0.012743521335678739,0.6666666666666666,0.006716496870130042,0.08314275523684365,-0.3949131613810932,0.0073121232197521984,0.023967710603190806,0.371069435976352
2019-04-17,0.001829013534505583,0.015039688275529893,0.6666666666666666,0.006686320020424774,0.10119936542830897,-0.4032549527138247,0.011689593406318772,0.04193400680281353,0.3152587882847308
2019-04-18,0.002991003313732199,0.011394641475192502,0.5,0.006383681278154117,0.10277160785575452,-0.5363963642745779,0.005978879790212056,0.02075339809613234,0.38524667327313133
2019-04-22,0.006316904806268166,0.013011065436543541,0.625,0.004186881507478438,0.10691579700690733,0.1153637730018886,0.010818054468993296,0.030367386864692425,0.28528298428355714
2019-04-23,0.007113766506981187,0.010596606620342565,0.7916666666666666,0.004274597080617994,0.10471845663653745,-0.524449884002729,0.006795099366703904,0.01625809847193675,0.38276686639617197
2019-04-24,-0.006503970309372174,0.011818984370322307,0.2916666666666667,0.004650344320475757,0.11388342854984039,-0.48015217727965753,0.009075006153242832,0.027081937075581486,0.3445682892473368
2019-04-25,-0.0012214164363408646,0.02359752434143136,0.5,0.004412436824776888,0.11729588085837778,-0.1283291092246428,0.014216917792213303,0.04882781140982555,0.16437024889275628
2019-04-26,0.0012059583785940242,0.01760916153548889,0.5833333333333334,0.004400751140293256,0.1017924533349362,-0.33382316328579953,0.01061563173883539,0.027478428663651466,0.21275557408092632
2019-04-29,0.00266626318371919,0.008326338036858238,0.5833333333333334,0.004270275147091296,0.09104986816620385,0.12830565124488513,0.006567855687768195,0.020685702690149205,0.4258630372138044
2019-04-30,0.0006267469395766315,0.01944062538892692,0.625,0.0033609048559517583,0.09065533311604121,-0.28381876414055296,0.013194238768087754,0.04253969562746059,0.15030830849568283
2019-05-01,-0.007170649049793258,0.015645771520327298,0.16666666666666666,0.0038549004941098373,0.07209578712313813,-0.54116770349418,0.00898442003556279,0.024793479527423577,0.20790102486117576
2019-05-02,-0.0019937034809831924,0.00997060314412733,0.5,0.0038895388114512444,0.06591874256637048,-0.3567731048891367,0.0066957981243357745,0.02102417379592118,0.32433813830721897
2019-05-03,0.010748292868962941,0.008735423292104465,0.875,0.004477274944179384,0.07899875623889566,-0.15414912122859503,0.005241842349528626,0.014378304279937174,0.4148392547757763
2019-05-06,-0.0040662056106289856,0.011486813079628719,0.25,0.004581114279070237,0.08612945037500393,-0.1739087840490814,0.007882246005381599,0.023952522916203978,0.3183341931322845
2019-05-07,-0.016473282853010005,0.008057773046640534,0.0,0.005959453044387315,0.07151341507824474,-0.4205524121334574,0.0065830355883772914,0.021440067010658,0.5444877544561324
2019-05-08,-0.0020682145242127505,0.005854013228685253,0.375,0.005840541490904778,0.071632438592356,0.033949309307830466,0.0038144503480770356,0.010478042143339287,0.7188167923710886
2019-05-09,-0.003014529379913996,0.00910222648151479,0.20833333333333334,0.005838940844573361,0.05251957018712514,-0.3127353371221706,0.006321902618251917,0.02151803874840682,0.4641498445436519
2019-05-10,0.003787908037724691,0.008968170228667397,0.5416666666666666,0.0059114439718078605,0.0533506376655631,-0.3454735836381593,0.007261086013645921,0.022123733923457418,0.4901106563628776
2019-05-13,-0.02499458420132272,0.017410132905747163,0.041666666666666664,0.008075311291842774,0.031418271315267476,0.276426726896001,0.015008743374292147,0.04249860695166555,0.3176954920868679
2019-05-14,0.005584615801219421,0.009181250195367538,0.75,0.008220701377097187,0.02581223251412499,0.3429257121895478,0.007319878243279144,0.021147703644007643,0.6177180230247903
2019-05-15,0.006906388046849958,0.013070858955048843,0.7083333333333334,0.008366547721791857,0.031512079835197736,0.34719300740570025,0.011296568066582394,0.03778694724559628,0.44864464404005067
2019-05-16,0.007971093828493295,0.007697975511510991,0.7916666666666666,0.008581435913190943,0.03645557517588288,0.23918807297414124,0.004454542010750292,0.012248908037186293,0.8016750467258448
2019-05-17,-0.0073240914509736426,0.009278354564702287,0.125,0.008665124369024987,0.03241795765363419,0.22429624800973658,0.006264371931662057,0.02063017038218721,0.6884765224481397
2019-05-20,-0.005522717926399033,0.01162441867960802,0.25,0.008535558868964144,0.02278161042136776,0.08313225501836119,0.010872239710867967,0.03200436467695874,0.5461107446078036
2019-05-21,0.007499124179645697,0.008461792235104912,0.7916666666666666,0.008556879626984528,0.02829265802837657,0.2988905209072268,0.00678911542708038,0.021457638940413713,0.7524987198303478
2019-05-22,-0.0024099979522518625,0.011778738500515794,0.4583333333333333,0.008483756221388973,0.02758161569097055,0.20859943420525695,0.00943446183733289,0.023006265967073593,0.5232130084440654
2019-05-23,-0.013823674371667297,0.01485511197134301,0.20833333333333334,0.008921563331292057,0.016485711387510815,-0.02839759769393546,0.011815935345312811,0.03430216310925309,0.4572770717852086
2019-05-24,0.0020922501502285743,0.006392987052198459,0.7083333333333334,0.008940993516383711,0.02294909905874649,0.2984003287243253,0.004631291668992804,0.01614644458593258,1.0694870232104778
2019-05-28,-0.007636622036846503,0.009671769563739647,0.20833333333333334,0.008951822338972302,0.007224363279342595,-0.4675850184982242,0.0072282183778788036,0.022399500767577057,0.7326202912340151
2019-05-29,-0.00817233212060929,0.00967341560752565,0.125,0.00900282716897075,0.0010807366954555236,0.20770845926917558,0.005998704203724699,0.017612232698256847,0.7714972866234379
2019-05-30,0.001131358032464928,0.00961060200015224,0.6666666666666666,0.00899199021676766,-0.00015302295062219235,0.40543640892603716,0.008157617927773825,0.02012956140704547,0.7451197482329414
2019-05-31,-0.01456171078079147,0.00937978005113626,0.08333333333333333,0.009379027301541016,-0.009900749155246736,0.12366516405182015,0.0059729393106943765,0.01592590696731655,0.8304512115683614
2019-06-03,-0.005943353998539726,0.025058104373177074,0.625,0.00879538870120766,-0.005459618381385276,-0.18351352758511008,0.022052197025018063,0.06598284399882193,0.30126791124194446
2019-06-04,0.022405115319953445,0.01740904656213027,0.9583333333333334,0.010599793523648414,0.02020266921973458,0.026247374264072976,0.013614001033724534,0.03948125739082875,0.4863074045693143
2019-06-05,0.004207627064025827,0.012195623722231036,0.75,0.010189150481260671,0.006302417983901259,0.11309914549030153,0.009085792878112574,0.030934419222001165,0.6439084739792319
2019-06-06,0.0083214011151107,0.008029810289061188,0.875,0.01043106336613325,0.011715248160479976,-0.26988122979675744,0.006976673081118784,0.019509520802922342,1.016901333382097
2019-06-07,0.010852995147605488,0.011189813128244401,0.875,0.010758114274469,0.013169476168473866,0.008768850541429729,0.009413137128276928,0.030034917264867362,0.7647534395848109
2019-06-10,0.0069782924576117554,0.012498249046294837,0.7916666666666666,0.010848028951083688,0.021295844165999323,0.2213728942845935,0.006089858360481699,0.018578166651843826,0.6974550808550832
2019-06-11,0.0028304856690241444,0.007331659341857045,0.5833333333333334,0.00917204467341544,0.02160764211990032,0.02099442037992616,0.004197342972981607,0.014158518422167459,1.0377954045241236
2019-06-12,-0.003725926112691106,0.010937890718775578,0.375,0.009167085580268824,0.013120360982786683,-0.101522605176954,0.008939585322464565,0.021034253216332864,0.6871368604175023
2019-06-13,0.004387871259900024,0.007430030651108561,0.6666666666666666,0.009092950019462224,0.015227822027541783,-0.07143142534623426,0.004251010070143666,0.012707573352906213,0.9945991336710188
2019-06-14,0.00023512161307732057,0.008730930229785602,0.5416666666666666,0.00892032320865887,0.01703870462431049,0.3147984769882951,0.0052261931317792295,0.017057724480235827,0.8021027832841656
2019-06-17,0.0039647624313404834,0.011536844287939633,0.625,0.008782519504088827,0.010979540132605388,0.34052709768115774,0.010018022309299218,0.03170436485515793,0.5924615793015893
2019-06-18,0.011975472712461238,0.013220860975290972,0.8333333333333334,0.009003456291466424,0.04283016055157825,-0.08977308213229906,0.010923666346794867,0.03586319905329901,0.5414000449494032
2019-06-19,0.0016230453744120281,0.00715071910848481,0.5416666666666666,0.008893637379815106,0.04468308575185808,-0.002443108257304205,0.0048840603555189285,0.014821116080096878,0.9598993726219922
2019-06-20,0.0077919323219557786,0.008015888501773618,0.875,0.008965752038087514,0.04629939405687199,-0.2296084724189369,0.006213846299394897,0.017446815325064313,0.8898661081597597
2019-06-21,-0.00025286273541812637,0.008563026559698851,0.4166666666666667,0.008206745230293664,0.051142273275175155,-0.6028583654130562,0.006383002199440725,0.01718705706872185,0.7537670095619081
2019-06-24,-0.000281288538218243,0.008911048979738323,0.5833333333333334,0.008228945822310567,0.04700935280461805,-0.24982052828934775,0.004530502177060746,0.012403774991191052,0.7141671936236808
2019-06-25,-0.010336343118731411,0.010407977491410595,0.08333333333333333,0.008420548778426771,0.02999539317573885,0.3011793463773056,0.007901888014672093,0.023901556067562762,0.6244214979865719
2019-06-26,0.004368992658035545,0.018670122410864784,0.5833333333333334,0.008069353906128958,0.021261797155448896,-0.016199996367562086,0.014780719880978796,0.043389459864327996,0.3379087605444479
2019-06-27,0.003413182075002722,0.010434659675773205,0.6666666666666666,0.008060666129798905,0.02411801849089854,-0.17194748710275087,0.007614800135665953,0.02278833751399497,0.6155341261495809
2019-06-28,0.005107262794928323,0.011424628148442398,0.625,0.006938179957466198,0.02685307635977409,-1.0545109890242208,0.010118566884615751,0.03364402500561514,0.5208192904478384
2019-07-01,0.008476854708288989,0.0082394937194229,0.7916666666666666,0.006603018625193248,0.0323806307407244,0.09054081253480795,0.0045751028961836405,0.012433248528926355,0.737526111229958
2019-07-02,-0.00043260178170040814,0.011959920529867996,0.5833333333333334,0.0051880922951996564,0.02853880104274311,0.13700124297995608,0.009972588346596045,0.02866425646286926,0.4162415688335622
2019-07-03,0.007739124190951616,0.006662658866847361,0.875,0.005273718122858776,0.034418909955034174,0.3630085345118301,0.0045454324685030145,0.014035556110801466,0.7736837565664557
2019-07-05,-0.002690244372402404,0.007113955161267817,0.3333333333333333,0.005335015627223161,0.03738479491766451,0.24492749063296848,0.004684039240306617,0.013823071294195022,0.6850244334150923
2019-07-08,-0.0033443104152834865,0.008448878649896312,0.375,0.005191919671401916,0.03136263501956199,0.3041051349951205,0.006619300836158673,0.018749167876362827,0.53235453525267
2019-07-09,0.0020832440258189006,0.007375903453637719,0.5,0.005078449169089543,0.033821811268105684,-0.009146710155451876,0.005333132752221021,0.01694068525706679,0.5766136273631072
2019-07-10,0.004735982876558437,0.009913848454490932,0.625,0.005109730620204505,0.03627770881619978,0.16699075573315025,0.009004628040226446,0.025310857476448567,0.43861083067989187
2019-07-11,0.005542845916473786,0.018420319728314098,0.6666666666666666,0.004958046107816132,0.04459911095810721,0.05286846249284749,0.006308675427751171,0.018649926860111833,0.2409929556881939
2019-07-12,0.005433109826275359,0.014797641391145174,0.875,0.004982164312570325,0.046980775609676444,-0.17767640501421966,0.010288237727357586,0.03723566992712997,0.30352331872661653
2019-07-15,-0.0013878698570542931,0.008555746900429439,0.5,0.005038315245398063,0.043763892218116565,-0.10169177987659239,0.006331200878489441,0.01656266481735998,0.5316971959908313
2019-07-16,-0.002752958661531644,0.00809130756095137,0.25,0.005170111460205529,0.038019930242852724,-0.3762780346665511,0.00572836630214213,0.01961875847724189,0.5547281961863016
2019-07-17,-0.006097405625138404,0.011507967729633382,0.2916666666666667,0.004973137038328115,0.02560561981144615,-0.07677375321060409,0.010502593920734316,0.03271271619584337,0.3644929489077239
2019-07-18,-0.002025779455493324,0.023594270873146778,0.6666666666666666,0.0050325266651591455,0.016466073848971644,0.0386266774280295,0.014379585469711716,0.04597319207264583,0.17863276303061879
2019-07-19,-0.006673530435624593,0.009641872611729607,0.25,0.005082760266327616,0.016296513722719223,0.18098767022714934,0.008260138127398457,0.02478819504086538,0.43132593334485847
2019-07-22,0.002724534546919529,0.009721046369577633,0.6666666666666666,0.00510215066035307,0.020242464705979617,0.6248750530171068,0.007203533963481193,0.02447011704187607,0.4405259610141778
2019-07-23,0.008803160823506295,0.015247764785296606,0.75,0.005407303278066946,0.027839667150891888,0.022332123687430094,0.008011233286873948,0.023130368677740397,0.3087971892658221
2019-07-24,0.004351046871149775,0.02274417417013893,0.5,0.0047213047078219885,0.029524450838322475,-0.5007567862117432,0.007663108598583653,0.020216263943732736,0.1938607250772719
2019-07-25,-0.0022424852937492127,0.014502121822128778,0.3333333333333333,0.004768255045777662,0.02665521860499663,-0.04760833293009248,0.00987506992352762,0.0317018506809715,0.2967067012998621
2019-07-26,0.008542036808334869,0.021933330516009663,0.625,0.005006375995572441,0.04236790446312476,-0.20442838808518893,0.014404338974225453,0.04722813461110868,0.20787173480248364
2019-07-29,-0.0008149528915651951,0.009727375800698334,0.4166666666666667,0.00497517321306306,0.04354665505254275,0.49920953377728317,0.006504109284457155,0.021658190131875123,0.4466470770954606
2019-07-30,0.000686116581942726,0.012102437142804994,0.4583333333333333,0.004697268071899559,0.03348447876552254,0.17533132952469765,0.006913111304933264,0.01900833940671509,0.32680748647598595
2019-07-31,-0.011466763157396165,0.011240186314185089,0.08333333333333333,0.005471970843683927,0.02608392121875536,-0.31875283464064474,0.0049216263046928,0.015325903779767242,0.400960892077993
2019-08-01,-0.01301373869170224,0.014135951913594534,0.20833333333333334,0.005982276374965214,0.029543465380063125,-0.9542551974503504,0.012171428262999311,0.03795096021002461,0.3374803399060904
2019-08-02,-0.006596316205755931,0.012213385075189622,0.2916666666666667,0.006120385034017342,0.025015363698519942,-0.35653746212089343,0.008370587465509918,0.023564483275689864,0.4065956667862295
2019-08-05,-0.030001656173702262,0.012863229856606187,0.0,0.008970954827229649,-0.0019717630952683224,-1.0612005088348453,0.010961630816934053,0.03608205324253085,0.4896730297523041
2019-08-06,0.011332687716105442,0.006668834318806605,0.9583333333333334,0.009420166398514796,0.005573016583112428,-0.46181158983763315,0.0047465500275756505,0.014035838401344,1.0138576845029352
2019-08-07,-0.0013234222303118621,0.010741549082289218,0.4583333333333333,0.009304216375407128,0.029244178554123288,-0.37713774599157013,0.008791582011241712,0.026207164049855902,0.6135633545959709
2019-08-08,0.018948681443246306,0.009868924933298046,1.0,0.010294915829340414,0.04260824419615017,-0.0683688147796575,0.009045472229974363,0.024143425069818775,0.7357349168121379
2019-08-09,-0.008048046420798169,0.010253355270054523,0.16666666666666666,0.01028054711697932,0.027653809728502045,0.17963506797041018,0.008010960013685146,0.02156082469715707,0.7209015292915044
2019-08-12,-0.012320319726231868,0.008121997415341448,0.041666666666666664,0.01054184517894294,0.0073623961737768785,0.07023801039592403,0.005101857199600217,0.0166554935154809,0.9773805114756451
2019-08-13,0.015488434650623209,0.008954866346334203,1.0,0.011273382073531684,0.03017492227537373,0.11975173531584915,0.006646441247218655,0.02075094403037466,0.957586127566849
2019-08-14,-0.030213887732564657,0.011346463202589481,0.0,0.012956553141952704,0.005483752469208104,-0.10821573636183235,0.010447348545637378,0.03235268125146536,0.862020148322871
2019-08-15,0.003048913700762453,0.014886466426078753,0.5833333333333334,0.013019847222191848,0.0010335419903248623,-0.19133557891304198,0.012142320948921802,0.040319900107071684,0.6604681274715034
2019-08-16,0.01570170269827716,0.014430586667105227,1.0,0.013585895501680514,0.019145242640853884,0.03468005506753402,0.010489532900134008,0.03168493314046887,0.7126144941614576
2019-08-19,0.01531140960687367,0.015187190280878515,0.9583333333333334,0.014066190511365165,0.048280326619394846,-0.18340025185176123,0.010421942677107204,0.02988002389820421,0.7185521988863048
2019-08-20,-0.010333700884073862,0.013544599319996497,0.08333333333333333,0.014037195053829752,0.03585437558509241,-0.06627162855427549,0.009401029605388848,0.0315886463171261,0.8113430094631395
2019-08-21,0.006927448067181967,0.006199619127291593,0.8333333333333334,0.014106797551488491,0.050418445689120885,0.29987212040770417,0.0046861437699910954,0.013520140151275081,1.793357915346181
2019-08-22,-0.002061336558916211,0.008319961216593836,0.3333333333333333,0.014106366993953146,0.05652944125081397,0.09492075980862669,0.006107662608144658,0.021210933475679816,1.3352320170870136
2019-08-23,-0.02693273247828776,0.010590009596109036,0.0,0.014979156261852141,0.028465350740061277,-0.2618346326519092,0.009350647112718956,0.029933641426435877,1.135845371210569
2019-08-26,0.011882108137867414,0.006338004891072021,1.0,0.015353695039590672,0.054909169658720156,0.17762582295375418,0.0034065309545616563,0.01067985314789784,1.985162738017851
2019-08-27,-0.004638955287313132,0.010438475868743236,0.3333333333333333,0.015338976538084048,0.05621356836994675,-0.3595607521304258,0.005287271344395208,0.01621711779535854,1.2242796016482258
2019-08-28,0.008141560170047815,0.007218305054694657,0.875,0.015390203622604948,0.04195001322004112,0.28468664887025874,0.0049045472823364775,0.014229829623056337,1.747412007868616
2019-08-29,0.014666634040584723,0.009644743935405051,0.875,0.015584874349880273,0.052409020196600015,0.23463021361827052,0.008334347076400779,0.020834440984400127,1.3163644137684511
2019-08-30,0.0007538133711331394,0.005625966033739469,0.5833333333333334,0.015521350175948136,0.04484143245262246,0.13240041465539398,0.003982614113814068,0.010635294281271485,2.2047542555994677
2019-09-03,-0.008508387370469018,0.009803275684107753,0.2916666666666667,0.014019570199993807,0.02548004993454795,0.3826273460671382,0.008294165411143705,0.023409697129975725,1.1556554645249295
2019-09-04,0.011478959359447177,0.009965997454620408,0.9166666666666666,0.014025340893545414,0.029980716836383377,0.2742062981163904,0.008744440205465557,0.026954256990325016,1.1375201276511235
2019-09-05,0.014799519748194087,0.01597955719108959,0.8333333333333334,0.014350498462796017,0.041949750915553315,0.12905226451024543,0.013110252844842771,0.040520051182113145,0.7516057816259017
2019-09-06,-0.0015624131442108686,0.007207947689950632,0.4583333333333333,0.013774650104037377,0.044113263884033554,0.16878853432650287,0.005255804903711586,0.01714192787719267,1.545656910527499
2019-09-09,0.005773218281308339,0.01661488312881961,0.625,0.013659999376714898,0.04549861090544187,-0.24743511015772168,0.012286517680747934,0.03951716151104079,0.6636984843781955
2019-09-10,0.002608441620248897,0.016551363777920488,0.5833333333333334,0.013274983586727894,0.04787193091261344,-0.703530249850024,0.012573322190653203,0.03177785229264618,0.6369069634903363
2019-09-11,0.007299123713635706,0.008320610762675179,0.8333333333333334,0.012963464695059653,0.05120629219490867,-0.039376690657302094,0.004526023050809039,0.01200177335481937,1.2177247064628067
2019-09-12,0.0013017058554467508,0.008950853282916778,0.625,0.010574378029655926,0.04053252533789418,0.25816905267926316,0.007061629495095255,0.01807807337891628,0.9704777779446898
2019-09-13,0.002777240690954035,0.010883757421787385,0.5833333333333334,0.01057486884010826,0.04168672065443619,0.07031295468736465,0.008266107893296104,0.025128148063098633,0.7968774218416252
2019-09-16,-0.0011624564425963824,0.021693268298127583,0.25,0.01019696529661103,0.03273233188988403,-0.3814933306224535,0.018070447980213962,0.05615774838287798,0.3662914288542404
2019-09-17,0.0010318891145699681,0.008332662493573829,0.5416666666666666,0.00973679988320812,0.03401708373987212,-0.12771468154612964,0.006792795649771013,0.018498626841228234,0.8679197342268168
2019-09-18,-0.00044398777980051335,0.008774579958584125,0.625,0.009335719626998343,0.03385438449828985,0.22315987784309688,0.004945978594701393,0.013222187018523993,0.7678540275901573
2019-09-19,-0.0020353598162855444,0.009262841931890694,0.375,0.009312267614992622,0.04215536780073572,0.26042886536361554,0.0050840818088125714,0.01637017001666067,0.7009719259821754
2019-09-20,-0.005324646138558768,0.014987127366648659,0.3333333333333333,0.009410786424041596,0.032461729004141404,-0.998369418830584,0.010705439071005502,0.029926732318542298,0.4441249790710504
2019-09-23,-0.001637836462394418,0.008823957076391284,0.5,0.006677968094630635,0.027410710466744263,0.3456954287726183,0.006294036267763442,0.01600821405554742,0.6109971728758964
2019-09-24,-0.012057361055964916,0.011495302337671631,0.16666666666666666,0.0071073891382692714,0.010246086615851024,-0.3126498686446988,0.009422006748972856,0.03275460533299046,0.46977237436036096
2019-09-25,0.007793471914947466,0.012024924728609518,0.75,0.007070783239219288,0.0095627038225095,0.2677310927142428,0.010757296951997524,0.031256606204897376,0.46219842784684156
2019-09-26,-0.006440320611452143,0.011198753124873844,0.25,0.007185928789774385,0.0035549849927577672,-0.3679050260509691,0.007620162863852588,0.025274798614128922,0.4887007745937605
2019-09-27,-0.002962163356926825,0.009424763687946864,0.5,0.006545729029380134,-0.0071463025551206745,0.044865523520265294,0.007369944281556925,0.022117685214814387,0.5185929275529656
2019-09-30,0.0037922931091313498,0.009299333787249517,0.625,0.006582831821044709,-0.0006637650735869202,0.026737258285937204,0.008073444780082937,0.024828077416690054,0.5419248189840182
2019-10-01,-0.012794391144024605,0.013161962676924288,0.16666666666666666,0.006961571192668022,-0.010113845802328039,-0.20304814954064376,0.011819215134701118,0.030569117528378244,0.39916842928114615
2019-10-02,-0.017197644061036615,0.011388096501902636,0.041666666666666664,0.007535064300640891,-0.029394733889183552,-0.39411881306586594,0.008268741155290988,0.028477022346708864,0.4864530435054591
2019-10-03,0.007982418851012349,0.011673435295095364,0.7916666666666666,0.006920327846613478,-0.026148297914729644,0.06509785510539945,0.007962264594803327,0.025329387367343432,0.4453632565565055
2019-10-04,0.013965550682274896,0.007541506301632816,0.9583333333333334,0.007700251346410225,-0.017725593148928534,0.03122017433843427,0.005661863537706445,0.01633030613577735,0.7716065998471198
2019-10-07,-0.0027818433838133483,0.008126023097547593,0.25,0.007576691877134409,-0.02594054635901724,0.2978832019502161,0.004241081825641421,0.01181994218183809,0.6976976587680157
2019-10-08,-0.014363074323096933,0.009118975388490911,0.041666666666666664,0.00810513695673157,-0.03891575082505988,0.35765253347347603,0.006754153349202929,0.017815449889910906,0.6861778499033411
2019-10-09,0.00834801037123957,0.008827986469923768,0.875,0.0081693169269362,-0.02781478179228867,0.3016050675088958,0.005602085683658101,0.016845246608520936,0.7147363988122262
2019-10-10,0.009792703144143317,0.011668509928944117,0.75,0.008540809215301204,-0.011924673023006944,0.1480216419305762,0.007599446942198926,0.018028127850200547,0.5771287991114199
2019-10-11,0.010824168582169627,0.012708654991816436,0.8333333333333334,0.008918520743587722,0.0009252750146560053,-0.05995393956262318,0.00865714722260244,0.025758373222369214,0.5615526994687856
2019-10-14,-0.0004771362712495582,0.0047791263833694255,0.4166666666666667,0.00891830477179883,0.0071216691790310415,0.3689637794757965,0.003267494510318098,0.011227206118582855,1.486111255274504
2019-10-15,0.012480407850593955,0.02121888955919831,0.7916666666666666,0.009393405574309422,0.016877542482705468,-0.6613676954075303,0.012541111703778442,0.03957642992137356,0.3616937363330997
2019-10-16,-0.0007960522017534666,0.008752751056450611,0.4583333333333333,0.009394262408648853,0.007278329457445706,-0.3206734618909295,0.006924372484979724,0.02038085016473079,0.8788485605259359
2019-10-17,0.0051373853411960935,0.00943815730046256,0.7083333333333334,0.009456988846996759,0.008064667927492025,-0.20914173399396274,0.006207141365180802,0.015540130010442152,0.8314593297215349
2019-10-18,-0.008073302338124219,0.019515367875205167,0.4166666666666667,0.009560360497560063,0.0022338508831170195,0.38567363805361743,0.011464862954166658,0.03727984985689374,0.40915840295136313
2019-10-21,0.011576474408646176,0.01154060161710669,0.7916666666666666,0.009890195498918921,0.005268288483428326,-0.14987102225750015,0.008825574747063043,0.025146198742562298,0.734953768577129
2019-10-22,-0.004821167793076846,0.02005024679882795,0.4583333333333333,0.009525034821596567,0.0012620735819166753,-0.5366761965662692,0.012866768835291075,0.03603151920207489,0.4049824956503842
2019-10-23,0.005263143260330103,0.008825692870426744,0.6666666666666666,0.009447227154598913,0.0058391002603040525,-0.5255688025475782,0.005975692450800796,0.02142967127507245,0.9057059509796985
2019-10-24,-0.0011773635480234097,0.009292932520361879,0.375,0.00930354320556038,0.01612849986967681,0.17643237650097776,0.006486647097095532,0.021881239885704822,0.8318509452376971
2019-10-25,0.0065849915119581826,0.013910932906763226,0.75,0.009324411538722897,0.03572723007333723,-0.1305508869927412,0.010718611149437085,0.02950428998263736,0.5687236191757006
2019-10-28,0.005224177377719075,0.009477590083372109,0.75,0.009347088325181382,0.04754772365681224,-0.25673532529382226,0.007648822150640255,0.0226879311862123,0.8423101497373218
2019-10-29,-0.00046879796575237387,0.013999219608627352,0.375,0.008724296938508656,0.07708058186476212,0.031003842563212647,0.011045549629245493,0.03576696470520616,0.526228666262264
2019-10-30,0.003207498141698517,0.015264360169144408,0.5833333333333334,0.007412340971371069,0.0689553922903552,0.13531806162720983,0.012682767585395592,0.037777550187013564,0.43678760809581396
2019-10-31,-0.0036221005780289147,0.009732684716263616,0.20833333333333334,0.0074862249260661574,0.06665671394263814,-0.3490699771635024,0.005606902894297366,0.01590695935111789,0.6626401287783938
2019-11-01,0.010593057990066712,0.017272587803167688,0.7083333333333334,0.007255712044862047,0.05830109048945856,-0.18443106937154163,0.014775086236664924,0.04466869727742765,0.36361909927487457
2019-11-04,0.007594108427470543,0.019905502596503904,0.6666666666666666,0.007219810132014134,0.07394324533772725,-0.592627375610713,0.017257687906808906,0.04800452137139388,0.3276107216937209
2019-11-05,-0.0003333924732366646,0.009615796007230995,0.4166666666666667,0.006009705702150992,0.08593017259072247,-0.4148061728676322,0.005395562641419534,0.016259153088688673,0.605230391165479
2019-11-06,-0.0012775196602335347,0.008723675414294828,0.5416666666666666,0.0060153474073976745,0.06916421827986571,-0.5152558942008707,0.007936764211972144,0.026079092391392833,0.6265991320947635
2019-11-07,0.006419380441907087,0.011473956105894648,0.6666666666666666,0.005871095166742908,0.10579748645433748,-0.38003368047084063,0.009109743098186707,0.028484508251760632,0.4617048609276242
2019-11-08,0.0012705294629713805,0.006914445346195559,0.625,0.005599910808672859,0.1040191022165464,0.2768113753478051,0.006094558139238477,0.018752802142017504,0.6970767879239697
2019-11-11,-0.003979647774098834,0.005608367759414603,0.16666666666666666,0.005757547583323566,0.08433775174417041,0.1999987985649886,0.003643514048178318,0.011403644493990154,0.8906379077868605
2019-11-12,0.0007498677215135677,0.008272923529159246,0.5,0.005268338593364829,0.06977620985881029,0.48687290710290454,0.004543562567744779,0.013840766532522789,0.5328827113355789
2019-11-13,-0.0011924839856723712,0.010778612057933384,0.4166666666666667,0.005279961171654649,0.07891742675721179,0.0065065678917808345,0.007610524973884832,0.026191927330477965,0.4108432037710137
2019-11-14,0.0009803309870243064,0.0071279315639408555,0.4583333333333333,0.00522878377486797,0.07297030967705413,0.10451409861815819,0.004435051482235956,0.015052407133066954,0.5921025972988229
2019-11-15,0.007829715612796365,0.0151197192411874,0.7916666666666666,0.004856090366006716,0.08286136184876672,-0.021781165139630465,0.01100503156916108,0.03374491281993627,0.27833105820163084
2019-11-18,0.001906526819760219,0.014095592779711662,0.5833333333333334,0.00436343660148705,0.11170062114681469,-0.2483546393440732,0.011033808141939633,0.033582232345855334,0.26425210595103077
2019-11-19,-0.0046065806513611585,0.013064893506059553,0.4166666666666667,0.004345912560140926,0.09521193235758611,0.42302992889141156,0.007296803780093829,0.023143594251451738,0.2842779176009792
2019-11-20,-0.0008879152286986695,0.012557488640378218,0.4583333333333333,0.004324022168198155,0.09896297241620058,-0.021940862854299192,0.00943046010800285,0.029811058712171046,0.27834381683297466
2019-11-21,0.002215522911124599,0.009644404228545726,0.5833333333333334,0.004269727186457831,0.09303693515727736,-0.15191853914885156,0.008006889570708947,0.025554851127434275,0.367799524169212
2019-11-22,0.0014902340479338906,0.004885846395310569,0.5416666666666666,0.004125704840898439,0.07986053516462653,0.041005710931086625,0.0038462773548820274,0.012333099880797005,0.6738790265927207
2019-11-25,0.008559309413433478,0.011897683624459898,0.7916666666666666,0.004339400282939677,0.08766603120692687,0.15389360106945982,0.007680243168169559,0.025235500544275778,0.29074785680361315
2019-11-26,0.0016460327341102504,0.009731615927473925,0.5,0.0043062712451876145,0.09782045131150613,-0.42434732553605525,0.007399971118037906,0.019241607507179143,0.3615111590280626
2019-11-27,0.0034808214097976956,0.006365059738718758,0.7083333333333334,0.004310976227400952,0.08982231336185666,0.1412831980044723,0.005098982107304524,0.014208010041572534,0.5548657925515289
2019-11-29,-0.004189335915323986,0.003441323036900673,0.08333333333333333,0.004351185823400547,0.07083345769833858,0.5282428067665053,0.0028380428698112853,0.00875595072107834,1.0345194697656395
2019-12-02,-0.006660139235100305,0.010383814448212318,0.2916666666666667,0.004248900693272069,0.06573573160744915,0.08451168261782394,0.008707775935012412,0.023921964270957573,0.32391466184736206
2019-12-03,-0.009147813282138414,0.008311379150718404,0.16666666666666666,0.0045317078951841,0.050814700044002396,0.2218481337393643,0.006220348683301656,0.0176686200830527,0.41402935975004806
2019-12-04,0.008313340572205221,0.008605004534036386,0.8333333333333334,0.004876140629959285,0.05651959899595872,0.20533257526224713,0.006172953929339684,0.016543589668185626,0.44626965368476684
2019-12-05,0.0002456820920634141,0.006838306805441114,0.5833333333333334,0.004856371256917522,0.04946615737438642,0.010579983766366818,0.004525235092944332,0.012126659318353845,0.5540202600938106
2019-12-06,0.012019673624366895,0.00958129281552705,0.9166666666666666,0.005339572835695622,0.06018412514330657,-0.00674749220458537,0.007990320927496516,0.02080170426264879,0.42463739000663714
2019-12-09,-0.002684966173386672,0.006224418170737827,0.3333333333333333,0.005402000066674415,0.05472191827896586,-0.2450057357337445,0.0029906931376811035,0.00925342279574115,0.6650094669177494
2019-12-10,-0.0014345263334936086,0.007608402161479822,0.4583333333333333,0.005312607848234653,0.054449848388068635,-0.3379930233170938,0.004754323115135201,0.015424210845153146,0.5273171491745803
2019-12-11,0.0017482155107672454,0.0088043991684055,0.5833333333333334,0.005315499237282917,0.055166174784265914,-0.23802358554490421,0.005557074461272993,0.014942542383395319,0.46135553935403517
2019-12-12,0.009557251915833795,0.012808653790149886,0.875,0.005618923927171086,0.06516741447990022,0.0004650174388395323,0.01084767426852477,0.03574464800626913,0.3497788914383314
2019-12-13,0.00039819393354010674,0.00786675971985082,0.5833333333333334,0.005623367571437162,0.06760096822972587,-0.15983224236834892,0.005787746273537726,0.01427723484598531,0.5658098161597602
2019-12-16,0.007186972124758208,0.0070865326321352,0.875,0.005586948073766195,0.08011258649304286,0.03865851713752855,0.005230943065259282,0.016418376544742836,0.6235704999679715
2019-12-17,0.004898632896301648,0.00985380483507944,0.625,0.005639410091541114,0.08664905585173892,-0.2663567497869108,0.004187264237915229,0.011649301736991599,0.4636339035275943
2019-12-18,-0.0008486660591025588,0.0088903466010765,0.375,0.005481876159868458,0.09785775084860127,-0.3165774219680513,0.006994584517145701,0.02227819338883308,0.49274369912007643
2019-12-19,0.005638584575322306,0.010632050394328971,0.7083333333333334,0.005507934232997399,0.09570286350897611,0.1443701293727797,0.007793857479039911,0.022766039662012367,0.4343654861218975
2019-12-20,0.0042983611668053106,0.008003020712168504,0.6666666666666666,0.005529451267536476,0.10644154528723355,-1.3693012468029244,0.0038549598910210085,0.011447366144672936,0.5900694026205616
2019-12-23,0.0016454763096176994,0.00707527497825253,0.5416666666666666,0.005528473238262789,0.11104918495377808,-0.08954728436192028,0.0051383709654983555,0.013160481415362264,0.6685393540763407
2019-12-24,-0.0006588330856812236,0.003414487539768056,0.4583333333333333,0.005354871584976853,0.10659805875896551,0.6621604136102299,0.002573048754426836,0.006815917582184694,1.2696124665841677
2019-12-26,0.006578669065663433,0.009627519164444022,0.8333333333333334,0.005461268441153733,0.12597111896865354,0.5473032028141354,0.004999262163035851,0.015046653959730408,0.47589702869504247
2019-12-27,-0.0008481900154322283,0.004262311529912852,0.4583333333333333,0.005486024678195767,0.14232057301425796,0.20549784043821895,0.0028714547855488884,0.009476129782770421,1.044052308967712
2019-12-30,-0.007709141535741986,0.00658904770233432,0.041666666666666664,0.005738993866724617,0.12662901262750362,-0.0472222237763773,0.003744021260960266,0.011088398354880697,0.7020842289132655
2019-12-31,0.003013857801673278,0.0034530171242848785,0.875,0.005401537136327455,0.11567731974690199,0.09515174246746505,0.002258156579116432,0.006873410734232273,1.2869187275215341
2020-01-02,0.011464113982667473,0.010764455714759034,0.8333333333333334,0.0050982544325859115,0.1299232771133828,-0.06749556297169979,0.009154121383229187,0.026938492216448874,0.42357621783604343
2020-01-03,-0.008728707033573669,0.005300394310817405,0.041666666666666664,0.0055888594121936575,0.13555764440290607,-0.00018597557944532994,0.003924807756665005,0.01260684078453811,0.8641500034142323
2020-01-06,0.005915974362597794,0.009513835558667421,0.625,0.005623463317671257,0.1331256083942643,-0.29640577025287707,0.008912550698682077,0.02954482536997949,0.5112396935308837
2020-01-07,-0.00506735138775873,0.008525867191985321,0.2916666666666667,0.005406453214091574,0.11826555386236226,-0.1887008477567973,0.0029828490730771443,0.00828046644404871,0.5297096661007576
2020-01-08,0.004600364662261755,0.011714082936600874,0.7083333333333334,0.005339181122398524,0.11204174994245439,-0.3877689209203099,0.009503750356099315,0.030884365288270467,0.3937144898914288
2020-01-09,0.00803389479436846,0.008188548059258583,0.8333333333333334,0.005429926961607319,0.1205527810080724,-0.28074102642020926,0.0047734670015018195,0.012874623857371963,0.6035224529684091
2020-01-10,-0.004127085546527756,0.006230379158877743,0.2916666666666667,0.005631125068809765,0.10394528761095068,0.09591586914348427,0.003827839782895479,0.010271599565549941,0.8122966490009055
2020-01-13,0.006983255934902223,0.012601086850779156,0.75,0.005483087472465561,0.11172459574760638,-0.1602478742663518,0.010064633607832496,0.03066530928603054,0.3914119767700769
2020-01-14,-0.0018120987921125496,0.00757861424750331,0.4166666666666667,0.00554186245830455,0.10477511161429773,-0.3886265855555979,0.006577023179001378,0.020037180939158555,0.6601354011772889
2020-01-15,0.0021464708042864267,0.010358066395089365,0.5416666666666666,0.005407645120499777,0.11499488475670838,0.03904126088998083,0.008135606560961467,0.02827071091918306,0.45866538303638055
2020-01-16,0.007114631864175644,0.006867508547756004,0.875,0.005497067190590918,0.11053304221223785,0.207356133108907,0.0046801269519484,0.013606421858610015,0.7079257936420346
2020-01-17,0.0021063109905383646,0.007142078668547986,0.5833333333333334,0.005459401772840821,0.11746052099585305,-0.27159630921673683,0.004338698659380336,0.013333458428633056,0.6895147637160655
2020-01-21,-0.005268266474312953,0.008588728037728165,0.2916666666666667,0.005622223988277364,0.10692911126121,-0.2822922815685889,0.007752535946703964,0.021720884986718463,0.57121994770167
2020-01-22,-0.0029790258395078436,0.00974681578742347,0.4166666666666667,0.005665824809094759,0.10512744896972556,0.5261351705232855,0.006221982963695365,0.01637335097664827,0.49658125481506915
2020-01-23,0.0025284663117117745,0.015844368160480155,0.5,0.005673568131366916,0.10107092376947915,-0.31888261830025266,0.008833522712221466,0.026641902986342097,0.3082631926249538
2020-01-24,-0.010178634359276498,0.008543654001171712,0.08333333333333333,0.006208679808041921,0.08566811203248359,-3.2823370543481705,0.005563053144962546,0.01538604616661606,0.6273926328499981
2020-01-27,-0.015449239799982103,0.013273802583539142,0.16666666666666666,0.0070107887691456825,0.07068767019825385,-1.1023545439264542,0.010646317054453867,0.03370866750060612,0.4372337224502432
2020-01-28,0.010256978744665005,0.00914317079628357,0.9166666666666666,0.0074032897557712325,0.07773715080122034,-0.6948170367048523,0.008671439017356525,0.026439250294400602,0.6862163784233791
2020-01-29,0.0004159796807055675,0.011173503259759493,0.4583333333333333,0.007168994539344617,0.08177523105995482,-0.8919944315055037,0.0065479237778159356,0.017702080131164734,0.5288883281274037
2020-01-30,0.0013287905719392978,0.02256817995881142,0.625,0.0071483676630930155,0.07251096364182741,-0.6237815576915209,0.013301294584258626,0.033459048344430545,0.2581192682584577
2020-01-31,-0.019843825439261772,0.02312949895633145,0.041666666666666664,0.00799109721364972,0.0450730297750951,-0.47792921920078535,0.016090615842063,0.04894993098677699,0.2699698632258529
2020-02-03,0.0052961416567269964,0.01473467224647567,0.625,0.007901386010001402,0.050702563905058756,-0.2398079662030792,0.013220154064165745,0.04028838249339872,0.4121326419278493
2020-02-04,0.011864243254378945,0.01883516210556448,0.8333333333333334,0.008255639607771115,0.06384432681967124,-0.01825198329936173,0.014155277395457197,0.04894337823663993,0.3382000542266704
2020-02-05,0.014081616834033106,0.018320565656679406,0.8333333333333334,0.008745408991280536,0.07150656321179726,-0.08482117410779577,0.012703006849482246,0.03836560738402055,0.37230106567681237
2020-02-06,0.0004596896093753226,0.009111228710778428,0.4583333333333333,0.00870097459113957,0.0706957233582012,0.12465947262537835,0.007477200454893041,0.024452238501236827,0.7258880854692517
2020-02-07,-0.0062673884533792955,0.009969167679647119,0.25,0.008649534820606708,0.06840798267892075,0.1149155333974009,0.007731752862538866,0.024940333632802868,0.6545588616602498
2020-02-10,0.007212351427275813,0.012585486071931053,0.7083333333333334,0.008740569382235974,0.07487046638468298,-0.058810041897655596,0.009652500068628283,0.026988926656047796,0.5307439302662135
2020-02-11,0.0028163597993980847,0.012048941438534098,0.7083333333333334,0.008626814968636105,0.07887931016975344,0.17353584522937304,0.008121997575648776,0.021127066323854526,0.5370866451932464
2020-02-12,0.008238734261209316,0.013029946550425575,0.75,0.008789047268029933,0.08613771344393846,0.07792871026946857,0.006044115936177689,0.01584166332277533,0.5213112181634505
2020-02-13,-0.001414448617292179,0.006822873698052435,0.2916666666666667,0.008796272786122777,0.0768935492138499,0.040962812092666834,0.006013408759653903,0.018511672700534592,0.9902068392949712
2020-02-14,0.0033911874208574313,0.015568860482305883,0.5416666666666666,0.008690254469035257,0.07837820981494711,0.21426962817402906,0.009838708111918247,0.030000417596124818,0.4219887502208721
2020-02-18,-0.0009740469756067821,0.012153119564889722,0.4166666666666667,0.00868627351997347,0.08201074349070149,0.2600395310791871,0.008089674724605452,0.027658951222977936,0.5359340654692148
2020-02-19,0.00675159347854704,0.013975524853608026,0.7083333333333334,0.008698310139527102,0.0896502521979472,0.19851910704081321,0.009724233062097468,0.028772852225510143,0.4713552582646544
2020-02-20,-0.004230503149758706,0.008220560432637832,0.25,0.008731944286854976,0.0832042261370639,0.09597983796280962,0.005612040516609035,0.01764427977925594,0.8089486169174941
2020-02-21,-0.011064786602203927,0.014400427054145414,0.25,0.009112233015053952,0.07064920548692608,0.09261411271686193,0.012140909972723811,0.039005273356318385,0.49143174575204496
2020-02-24,-0.035603197288914916,0.016189428480433317,0.0,0.011956339177726394,0.02648669878457769,-0.21838572611564278,0.009591507187265869,0.030268685900205074,0.5156485396235643
2020-02-25,-0.028039020115534854,0.014537163029256086,0.0,0.013032526268535634,-0.0031983540650674137,-0.42709661728562853,0.011547981416060797,0.030466223998440012,0.6175581955699252
2020-02-26,-0.002820528469719997,0.018507366512724475,0.3333333333333333,0.012721908968234831,-0.009499703944585108,-0.47440057527138224,0.01601820817300651,0.05208086541502699,0.46498898962146923
2020-02-27,-0.04556838883532991,0.014163147157972119,0.0,0.015932588414254562,-0.050878756864591035,-0.8819643790434593,0.011314039715336281,0.03398752972739265,0.7670147031496777
2020-02-28,-0.001950355310472542,0.025783702974001482,0.4166666666666667,0.01588387182940665,-0.046168972939963276,-1.4313726645338498,0.021053950908608825,0.058568528546875255,0.42253125398431074
2020-03-02,0.04351737456583394,0.019998607655822034,1.0,0.0187949001260615,0.006496214908009078,-0.3582360706664247,0.015014572334152869,0.03946829311366118,0.6039469354145891
2020-03-03,-0.028842180185651368,0.014535702516836163,0.041666666666666664,0.019655134833363123,-0.03065930584984751,-0.847252799524705,0.01190183606619769,0.028921760271162222,0.9119201302713396
2020-03-04,0.043301910248763426,0.01897165567264985,1.0,0.02205281425571301,0.012396922306852503,-0.3824100287825176,0.01425340088937787,0.04667833782628421,0.7815492405248208
2020-03-05,-0.03200696710692174,0.012498321721711862,0.0,0.022698951436579264,-0.03162971842443613,-0.35200867416372783,0.0098089984150434,0.03270010721184442,1.2580529567251943
2020-03-06,-0.016344566167035595,0.01901037235562937,0.2916666666666667,0.022829792354987295,-0.045289318418085055,-0.7556546430018976,0.016771038053616218,0.044157656737885784,0.8688832661972598
2020-03-09,-0.0842080460682068,0.05218633127785331,0.0,0.028902889835511987,-0.12806283815279823,-1.716641775925495,0.04733484628587724,0.13872901004376334,0.39119108020897236
2020-03-10,0.051063033722304994,0.018123766085579474,1.0,0.03171523354221595,-0.07874801994126049,-1.2213731402914947,0.016117722623159192,0.04174636113099065,1.2473876187061455
2020-03-11,-0.04616891488109163,0.015621634846614968,0.0,0.03281413805790059,-0.13447418673818592,-1.4273183666777136,0.005308918645618924,0.015553821375072108,1.5859408709025942
2020-03-12,-0.09202075331274602,0.024565488156778368,0.0,0.037361294684087026,-0.22689313398447203,-1.3426750338025442,0.014028380348277093,0.04073398892946889,1.1790561596532985
2020-03-13,0.0968303729397869,0.04271858556147168,1.0,0.044836300210980645,-0.13724973316944336,-1.6420525923114675,0.03806184748363882,0.11632463976691412,0.7897004523644682
2020-03-16,-0.11784135804683778,0.046453390576119226,0.0,0.05083158968006267,-0.25998972411258275,-1.6058864673866555,0.03399927085741286,0.09372447482954241,0.8493975226395576
2020-03-17,0.05686471593673129,0.03689153967122814,0.9166666666666666,0.053276673780682626,-0.20227634211674891,-1.3501962340972464,0.019721849582276924,0.053762560795306946,1.1453012993809015
2020-03-18,-0.05585685885381192,0.05919923278873109,0.125,0.05392637129050515,-0.26377178554588315,-1.853932485704605,0.04710788879021485,0.14321478025929152,0.7551988342472772
2020-03-19,0.01786532629952291,0.04609385042472648,0.6666666666666666,0.0543947725630745,-0.25020482041316555,-1.3751833694833455,0.03907869234667796,0.11859552177284453,0.9847069040585679
2020-03-20,-0.03655942591765562,0.034974319257979614,0.16666666666666666,0.054609703634103474,-0.2884097226404389,-1.114023209513061,0.025086406616112507,0.08022313670112306,1.3342265326006908
2020-03-23,-0.028438876399376024,0.04694365693249327,0.20833333333333334,0.0544957883817362,-0.3161897659541337,-0.3330547440442795,0.03492265624589698,0.09005018806753055,0.9864048030121668
2020-03-24,0.10513113777312148,0.06672888982204382,0.9583333333333334,0.060653018013149665,-0.21763729724667563,-0.231069462396579,0.05231260971744216,0.16417329075268836,0.75169922181855
2020-03-25,0.005670380945371256,0.0353231252150953,0.5,0.060726029913145504,-0.21111872628587214,-0.4013793371060572,0.024331652831848592,0.06875534063555618,1.4240684217355695
2020-03-26,0.05784579297308357,0.020543931705228526,1.0,0.06177737915845908,-0.14556379177704656,-0.12936471084605472,0.011200492080397806,0.03158612249069763,2.478416406035748
2020-03-27,-0.03750481969172979,0.02596539803486756,0.041666666666666664,0.06225206982694426,-0.18608246927044966,0.44396857454710537,0.022074321577225255,0.07551845749361714,2.029398529959719
2020-03-30,0.03690949620497647,0.022338368259962958,1.0,0.06199867944496783,-0.16063708704814067,0.15315037310898338,0.01656539091133688,0.04490310056220219,2.3441169056912647
2020-03-31,-0.007777191150669309,0.02538137364205539,0.3333333333333333,0.0617546271973168,-0.1596855711652363,0.244585418316407,0.01974095751977143,0.058850322222795404,2.0215807842239415
2020-04-01,-0.03978488588869883,0.019663333969846753,0.041666666666666664,0.061185651675151616,-0.20538643141653293,0.20101693522516306,0.01442677663798703,0.047419625368048,2.600507426278664
2020-04-02,0.03793819831536743,0.03294490490920087,0.9583333333333334,0.06175659131971805,-0.16238088171340676,0.12810458497444044,0.03140490228509869,0.10289836884278573,1.5611278197996117
2020-04-03,-0.01831515182964281,0.015187898502846521,0.125,0.0617775153734305,-0.1852963982053113,0.22676829622470374,0.0108588313709129,0.033657744366700396,3.3928154608011716
2020-04-06,0.06188440414483462,0.02395194881268132,0.9583333333333334,0.06053325947697731,-0.13144588885484515,0.19076704606817485,0.01688820318874507,0.0543076144298038,2.1047788284632882
2020-04-07,-0.0017554002902988354,0.02234544812554715,0.4583333333333333,0.05944016010325407,-0.1290742035986162,0.08301199243910984,0.01866359855356125,0.058685751181111634,2.145769143691929
2020-04-08,0.03606603468282312,0.023681293760620795,0.9166666666666666,0.0589390351977366,-0.09999142485069533,0.27268464211822496,0.02130051862824569,0.05288964448288117,2.0033968396923685
2020-04-09,0.008650844167056753,0.027989098113512186,0.4583333333333333,0.054447451358350676,-0.08952848189152604,0.325182927953645,0.025429176450665014,0.08452072306303209,1.546121044953512
2020-04-13,-0.0059416349442294,0.03391399738497382,0.375,0.05041124134072701,-0.09761658764004186,0.5380141352904765,0.023783392546855794,0.06638151357955087,1.1420091911651795
2020-04-14,0.025099822111141253,0.02338772756309366,0.75,0.04163348488001761,-0.07963139739307623,0.3371307529513624,0.022859706867579876,0.06429304853978823,1.457731189746141
2020-04-15,-0.016516460181346868,0.02688613548466291,0.25,0.04058986271771257,-0.09825416856496148,0.39097119239747435,0.020549727525411628,0.05645886853742991,1.1930166444536188
2020-04-16,0.004840887332824941,0.027609191365677656,0.625,0.03779771803849099,-0.08814501475782358,0.4104623788870596,0.023318479710810195,0.06185814527739934,1.0693833140977937
2020-04-17,0.030166199450667952,0.043620291264322285,0.75,0.038027274883086305,-0.05499978946764778,0.22362883449020232,0.04037788176443152,0.11380336541193903,0.6909594444729825
2020-04-20,-0.01820344975188279,0.01693222067272016,0.08333333333333333,0.037030487243628535,-0.07573170553124235,0.4100051860658107,0.012830653820797639,0.0409618077503355,1.725825216685099
2020-04-21,-0.028260608881305816,0.015366850733757318,0.0,0.0370203123218159,-0.09381368005327166,0.2720484182782803,0.009403421340218435,0.03203316701479061,1.901049248261346
2020-04-22,0.020105814311731945,0.024121929558328075,0.875,0.02994522005690418,-0.05825862594155762,0.48023045845424883,0.016258284599604246,0.04647664422178044,1.0348207759302623
2020-04-23,0.0070340861923765445,0.016660826504050347,0.6666666666666666,0.02994225316445277,-0.06148151849384609,0.32969496651799557,0.015137334392315793,0.04117493166760625,1.5023299785727613
2020-04-24,0.010885401110855342,0.012157369382603981,0.8333333333333334,0.02754172488164862,-0.05101209706369631,0.4487918707554337,0.0075762675906331746,0.020133342471841287,1.8657029179502307
2020-04-27,0.013977479858903899,0.0204074038353154,0.6666666666666666,0.02567547803837181,-0.03836340777673171,0.18960391953250233,0.016358336287966808,0.054908572520751986,1.0538171691817932
2020-04-28,-0.008050161514519233,0.022847019185634327,0.375,0.02495541605547913,-0.026569743851989167,0.20117155298672829,0.01829060877682787,0.05257128580089728,0.8781323131279134
2020-04-29,0.02637532650066265,0.030430775758021975,0.7916666666666666,0.025159362804029285,-0.005490559008053515,0.10491361175790581,0.026798472521097842,0.07643634799651977,0.6898480912871439
2020-04-30,-0.005429049292116854,0.02363882343346693,0.3333333333333333,0.02284066929744895,-0.022783851554549314,-0.19470593640683354,0.01860617560032463,0.054189864450958566,0.8153883291814309
2020-05-01,-0.027951453902886236,0.021403871763305386,0.041666666666666664,0.023200256981022453,-0.06481692229146865,0.21550755380690423,0.016655870846646055,0.055279231383612425,0.877200336940624
2020-05-04,0.0058304259906946975,0.018120971884837647,0.5416666666666666,0.02250067241311858,-0.05944618591014929,0.25193686503046797,0.017103296369102742,0.05106268414906775,1.0016707352129204
2020-05-05,0.007433245426506817,0.010199699810093705,0.75,0.018428354231372353,-0.04574555203026316,0.44965120025722516,0.005087672154790517,0.014261398215303958,1.5126611157196257
2020-05-06,-0.006419882642829194,0.013360468987782639,0.2916666666666667,0.018537124178439578,-0.059377786100368174,0.4434982912871275,0.011602517656550727,0.031257105233451085,1.1722577573204962
2020-05-07,0.008963026511758862,0.01598240249668356,0.625,0.016994913259325894,-0.053231119388007404,0.2936910573542282,0.01411480232165323,0.03939454134903005,0.8951572209987603
2020-05-08,0.019168398990870663,0.013460564250601693,0.9583333333333334,0.017350052711780164,-0.04230145465834605,0.34951655651139235,0.011045262010987836,0.028733908607367947,1.1019330593323806
2020-05-11,-0.002894469614077494,0.018166951739156573,0.5,0.017279198093965564,-0.043781475655131366,0.1201323273201752,0.017002305875265876,0.047584836506193426,0.8080762633863614
2020-05-12,-0.019912393525152006,0.011440474996556335,0.041666666666666664,0.017222715767520644,-0.06708505660114081,0.22547769066317003,0.00912732338997134,0.02503161805356043,1.2605168101446258
2020-05-13,-0.017856557153790947,0.017469418452096007,0.125,0.017297130116107572,-0.08396756677932496,0.15110126540291913,0.013078614649224092,0.03063738081871089,0.8293301770490512
2020-05-14,0.015261364539115427,0.014976139393353434,0.875,0.01757395550457859,-0.07545779571875658,0.3056550833102962,0.01127540624094173,0.03532615123001337,1.0021901749122601
2020-05-15,0.005699950505730185,0.01803272516061595,0.5416666666666666,0.016278073763418315,-0.06552734206326769,0.11447441500173994,0.011736203848406353,0.037234837703378244,0.7644783130725372
2020-05-18,0.03367713685500978,0.027763070460297808,0.9166666666666666,0.017279250101380525,-0.020785418606053978,-0.014865642040259086,0.027225512435758163,0.06607315409475523,0.5244128774180461
2020-05-19,-0.014427637977121271,0.014688322164555045,0.16666666666666666,0.016210904648408,0.000390140705739667,0.3227785280715695,0.010822812911106526,0.02999663931862432,0.9441284692338852
2020-05-20,0.018912809974958904,0.017326667521217275,0.8333333333333334,0.016148946548694348,0.047341970796233424,0.056528139831595214,0.012634185085704042,0.04203781124199808,0.7969225984793861
2020-05-21,-0.007243406712622825,0.01003554883410729,0.20833333333333334,0.01630000848213576,0.042919092553330596,0.266859511200473,0.00505374689683954,0.013543122297544582,1.3769529856747875
2020-05-22,-0.00045132980812889284,0.010815995138022646,0.4583333333333333,0.016200854605690894,0.0880361515805316,0.24191372107621445,0.006226876689819057,0.0212556830157317,1.2293621802888242
2020-05-26,0.014377619228329164,0.03138450570902794,0.6666666666666666,0.016216361068295635,0.10436412611933332,-0.006900743295605638,0.0301870849193102,0.0945448271116119,0.42431072379494106
2020-05-27,0.016517029173587494,0.02405402929397765,0.7916666666666666,0.01632492400251247,0.07736378072708688,-0.08035106388185875,0.022674731735069786,0.07123553936671381,0.5712192975393773
2020-05-28,-0.007876620332788103,0.017798851643335622,0.375,0.015576264106706062,0.09832934057995013,0.17670311012927187,0.017071664747359737,0.04496616658180282,0.7200009677423289
2020-05-29,0.0018020857793232582,0.016461889600046246,0.5,0.01548404285461407,0.05682951611050997,0.0486518265157333,0.01316548290039266,0.04256833990835922,0.7674600267170192
2020-06-01,0.0069783512347755955,0.011600488669835506,0.7083333333333334,0.013789644334908042,0.0958148344522073,0.17870400341817072,0.009386322498146618,0.0265675622151648,0.9986809546207553
2020-06-02,0.009805678412274593,0.008542480211984864,0.9166666666666666,0.013847810180515622,0.12196507903151749,0.06179427958288686,0.006801449538241892,0.018855814135957494,1.3794529723820743
2020-06-03,0.014691941945506817,0.019049514921941492,0.7083333333333334,0.01403430355197101,0.22086506704523112,-0.0326333549211677,0.01772444287595806,0.052463639315362944,0.6376479713872727
2020-06-04,-0.003313874830540376,0.015163305035284227,0.2916666666666667,0.013924577596972654,0.16648815849238574,-0.26354748165909947,0.014279631047613536,0.04361091604354313,0.7908291844930466
2020-06-05,0.029663778678566566,0.02222904074786588,0.9583333333333334,0.014994673744886262,0.24232085205204393,-0.6224935799500411,0.01930414994052103,0.05844416564278425,0.5860181692664427
2020-06-08,0.011594139186972713,0.01305808554274438,0.7916666666666666,0.014727996172617308,0.3459357445517627,-0.23734210221136443,0.011397091376570544,0.03139806221515036,0.9685882920598823
2020-06-09,-0.003586780733679485,0.021051995976322038,0.3333333333333333,0.014748945163075913,0.24551859087829628,-0.018815903315265947,0.019121057877534545,0.04928460436600509,0.6024380939300591
2020-06-10,-0.009707440273789803,0.026530004296777047,0.3333333333333333,0.01399091621308473,0.3536525086513443,-0.12528133604302094,0.025701345168383745,0.082246069832732,0.45881171109758695
2020-06-11,-0.05924616565975558,0.023684895264958553,0.0,0.019599613346102326,0.23754162705485737,-0.3060916982516988,0.02138682036741064,0.05918047332012163,0.6013012484458525
2020-06-12,0.011546764292703002,0.015835053036260628,0.7916666666666666,0.019501207777310375,0.3049452502013723,-0.2618327347296774,0.013909147649233332,0.03898316200972348,0.8876526682683902
2020-06-15,0.007426977743815312,0.014326327867773879,0.75,0.019515416888517087,0.2945069016456647,0.09454464156831777,0.01144293023364055,0.030550095802915678,0.9871600435394765
2020-06-16,0.020389952219261463,0.013792084603761566,0.9583333333333334,0.018642732471615547,0.3514562797825818,0.03975544356304439,0.006980754954745636,0.019330208723640586,0.9772285769077396
2020-06-17,-0.0050726135269385615,0.015157398070349574,0.3333333333333333,0.018299488652831392,0.3748225426550193,0.0885378725878011,0.013971259748752986,0.03786459772260024,0.8583444155145732
2020-06-18,8.014695565492873e-05,0.006937556615962054,0.5,0.017938058989234704,0.2697715518375527,0.13494606960028843,0.004088266942411251,0.011861072068765485,1.7396088427852243
2020-06-19,-0.003074692127850017,0.01199210632483443,0.4166666666666667,0.017843849680140054,0.26102647876433144,-0.9368346209967089,0.007875366071969092,0.02653542526022834,0.9890004963223868
2020-06-22,0.0048370771885825154,0.015156060394809772,0.5833333333333334,0.017835009634535225,0.20801776297983035,-0.041509070356668065,0.012870757573612156,0.03650521683132957,0.7970070164388772
2020-06-23,0.005878327323695064,0.009923018323922056,0.625,0.01764719294830419,0.2514009099952552,0.29924415150924966,0.004294659351242252,0.015059904156192258,1.1744936369720047
2020-06-24,-0.0260824392327388,0.01417560406247162,0.0,0.01841617008678278,0.18840897455753997,0.2088549305301568,0.012560104030634022,0.03795255993917227,0.8558924424307874
2020-06-25,0.015220637009696622,0.013851115752166252,0.8333333333333334,0.01859732366891998,0.21140680271790588,0.19468426181112608,0.012411198460887946,0.04096798747546763,0.902453884688034
2020-06-26,-0.035170121912462174,0.020481018029782694,0.0,0.020322383565200035,0.21602156669414252,-0.19764977802702544,0.019268754021512974,0.04935789414787564,0.6917817758794935
2020-06-29,0.01563248142141087,0.008849800239809422,0.9583333333333334,0.02057732266068118,0.19371584980018597,0.13953998100014597,0.005315528876461612,0.016185193803757013,1.6498792219189338
2020-06-30,0.01609113566097937,0.007239354023222646,1.0,0.020780740631425584,0.22812213729080816,-0.10902013356931284,0.004213839104331307,0.012255921764221966,2.060318413546838
2020-07-01,0.0049267475799788475,0.022587728232156126,0.5,0.020540348323983607,0.17116448072595236,0.17485891732821557,0.019223284207126056,0.06712632007406028,0.6387147272922743
2020-07-02,0.0034686495105823952,0.009510629084927126,0.7083333333333334,0.020540454725874967,0.1763885305268336,0.3433841604584895,0.005652466878551881,0.019300469679255028,1.5177601064090187
2020-07-06,0.018012659834984315,0.015038833055797195,0.9166666666666666,0.019814449644681834,0.15833515567899478,0.4708576482058491,0.01161658415779791,0.028403307658852017,0.9211018845931523
2020-07-07,-0.00950811372030017,0.020143874770337473,0.16666666666666666,0.019706969556191663,0.14017619779163787,0.3461910554377814,0.016808835729576223,0.05548859266349585,0.6824901541131178
2020-07-08,0.007691034228143582,0.01195255648924141,0.8333333333333334,0.019802129745267173,0.15380886696401086,0.23434131602856856,0.01000370031415021,0.032513848046244534,1.167382800802955
2020-07-09,-0.009311697074214175,0.023561879781235747,0.3333333333333333,0.01979299085140961,0.11939734777865543,0.23447387354419058,0.020583851540630024,0.06286530986059735,0.5913544182618108
2020-07-10,0.01888982229273188,0.02207507839645776,0.875,0.014711287089380054,0.1548036302527342,0.5108245280031529,0.018587853491770407,0.052677028294975746,0.5397763182915002
2020-07-13,-0.003573677324533333,0.01915821892982184,0.5416666666666666,0.014642374903874954,0.1463890655953759,0.18607461617680454,0.016904850231386326,0.047216278063640524,0.6011493154251589
2020-07-14,0.018873075396630523,0.014945205803599997,0.875,0.015069231287475721,0.13509594154133847,0.08927012702558912,0.011011732828591143,0.033872547435036836,0.8089052259257898
2020-07-15,0.00513549736109951,0.012901325361571764,0.6666666666666666,0.014513731494890894,0.15843488865432076,-0.09401505801247545,0.010195304136662215,0.02971096921368847,0.8779355621785881
2020-07-16,-0.002476195459815802,0.008832896082660333,0.4583333333333333,0.014457255802578726,0.1842193020758108,-0.24553217642922642,0.007176489546845007,0.0191521763580144,1.2676149844878473
2020-07-17,-0.006802655492215574,0.017273636699918948,0.4166666666666667,0.014593578684952096,0.15731083227186327,0.011516135933385963,0.011362932782170931,0.027121835457891225,0.667655402158967
2020-07-20,0.005071096500901272,0.0235578498629528,0.4583333333333333,0.014560099058253754,0.155347842580388,0.5643520179189906,0.018968948410444924,0.0518645734687565,0.49379112032539174
2020-07-21,0.008380288601668867,0.02478114600945589,0.625,0.01461353733946526,0.15284273007120153,-0.30472270653047473,0.024151795156896107,0.07540419883028408,0.47656462870735744
2020-07-22,0.0006378027415232893,0.013555151445915086,0.5,0.014597074576756425,0.13950305295382093,-0.07610000943819228,0.010319102312851967,0.027924090116059196,0.8519116487857873
2020-07-23,-0.012719685102275993,0.015716019915871227,0.16666666666666666,0.013496026032185778,0.13483352936606416,0.16118394486316634,0.014311162909710271,0.03884878111021391,0.6922652026115296
2020-07-24,-0.0034313406159439397,0.008206019440763984,0.3333333333333333,0.013243626053809162,0.10502686224945756,0.08442664834075886,0.0052357332157929,0.01618277522344439,1.2539805646209599
2020-07-27,0.00876680153802339,0.012374532037773492,0.7083333333333334,0.010002454627532372,0.11922271307959781,0.4976409649134418,0.00921237629084554,0.024535618701657436,0.7248777445091816
2020-07-28,-0.007625627839699653,0.011248383573921817,0.2916666666666667,0.009953727021055549,0.13954853914278437,0.0192096870070938,0.00970943715130837,0.021690281730221878,0.7618588162018397
2020-07-29,0.011312861167573079,0.012881032315016337,0.7083333333333334,0.009677097224904414,0.14503097431966278,0.2240738397609554,0.009588200961826972,0.02567959404471724,0.646746803005083
2020-07-30,-0.0028654581296217035,0.037551034399991697,0.4166666666666667,0.009743003398095989,0.13473227076353425,-0.16575595245897978,0.02286299644579979,0.0768291392512146,0.2191071997906386
2020-07-31,0.005018160249290901,0.030817047980044792,0.4583333333333333,0.009758128841103305,0.14617031365565436,-0.6383030006512791,0.015791467092208206,0.04627914138565288,0.2694994516975625
2020-08-03,0.005090748466399689,0.01784562684493095,0.5833333333333334,0.009079306170437089,0.14229803561029516,-0.023362320260673863,0.01545000413565331,0.04602442038994137,0.42918537026934855
2020-08-04,0.007686480905109608,0.013034364511160768,0.6666666666666666,0.008757812504144431,0.13081611752453412,-0.057679571691795495,0.009171755637930401,0.027503392621362293,0.5806190488144346
2020-08-05,0.006985169774560873,0.011185584475786223,0.6666666666666666,0.008737986723102541,0.1406957569131725,-0.036395089019354954,0.007904503617490186,0.022031735630507386,0.6734299059649439
2020-08-06,0.007681155062599157,0.015671802847703722,0.7083333333333334,0.008330090777240201,0.16828930550092364,0.24090502566454142,0.01216957190737924,0.034699909972640164,0.47545136150067574
2020-08-07,0.004942178168901075,0.02098358991011854,0.625,0.007518300872112937,0.19108804082361566,0.012891290441853442,0.016105422158565193,0.05057303425670704,0.32186093151118045
2020-08-10,0.008123107657733025,0.018337142030669606,0.5833333333333334,0.007450685954300197,0.18394978394223327,0.1960511028055376,0.016461853102033203,0.04728721538568166,0.3807174149550073
2020-08-11,-0.006349039280177396,0.01621132212909633,0.4166666666666667,0.006797892461915921,0.1719007941563257,0.17086914033659784,0.014220300990194992,0.044838202724962264,0.3920141401885116
2020-08-12,0.016109028226382643,0.015507037667632197,0.8333333333333334,0.0074636565404396105,0.15433268552769855,0.32027829600775004,0.012530151855870147,0.042222549065429396,0.4452007015776466
2020-08-13,-0.002402138449153592,0.011006882149855719,0.4583333333333333,0.007460983418227393,0.1663581850556662,0.3199788506556642,0.00922717767383344,0.027710807223656042,0.626884262459209
2020-08-14,0.0016592443672017454,0.004856552307865602,0.625,0.007127384687545568,0.14910461944790906,0.2074747538320173,0.0025815181700762514,0.006810836111339184,1.3678161422205517
2020-08-17,0.002133262481210494,0.01910400779340385,0.4583333333333333,0.007114962971519043,0.1584812886417424,-0.09325692816587328,0.014414390341705397,0.047433359711770165,0.34003225980128676
2020-08-18,0.0004071595139109689,0.013973367761365279,0.4166666666666667,0.007017784814362968,0.15933977796378224,0.07711866824871205,0.010389876595649218,0.029075156793054318,0.4363531105023223
2020-08-19,-0.005841904511424856,0.007984250371543516,0.2916666666666667,0.007256607133277859,0.13912025422402824,-0.18191680172656066,0.006643872291278681,0.017946018100095478,0.796258543947771
2020-08-20,0.0006314417869926389,0.014567667297705492,0.4166666666666667,0.00636830656406118,0.12323466683743337,0.12197177024211125,0.013676275410198273,0.0427543508587106,0.39492358605016176
2020-08-21,0.004208097369395365,0.015138283564018116,0.5416666666666666,0.006195221126275987,0.13531938453961684,-0.29065778143477683,0.011385201369769992,0.036332768090050926,0.3826030357255872
2020-08-24,0.011093593177191025,0.011751031098630228,0.875,0.006324116844795696,0.1446108919374846,-0.14887617986406498,0.010195897676477777,0.029963215394457975,0.5027893109665229
2020-08-25,0.0027117690512137534,0.013624550673588077,0.5416666666666666,0.005774095011458946,0.14034430975392276,-0.2594932809065025,0.008863530532440742,0.03198318972259784,0.41561736790185916
2020-08-26,0.009026425599387614,0.031825520746942816,0.625,0.005641053498139087,0.13956505694103577,-0.3115230330336305,0.02914493765631632,0.09743643053702582,0.17433424437920245
2020-08-27,0.0020571345409469374,0.018953832704705405,0.5833333333333334,0.005438565955275602,0.12693024953647591,0.06570585468250034,0.015436025459760918,0.04990257858870095,0.2905935711140791
2020-08-28,0.00849742066166056,0.012538438771313271,0.7916666666666666,0.005526153182935945,0.13874154502867683,0.09078699259405365,0.007876467758368618,0.020665896131388434,0.45315250616186076
2020-08-31,-0.004399891432713919,0.013610770299467704,0.20833333333333334,0.005845904976483279,0.10467787491739636,-0.2673749941440322,0.010090223963230593,0.030163854878790065,0.4149127475257017
2020-09-01,0.008128509247143534,0.02104344829363105,0.5416666666666666,0.005862391142993017,0.10121224497756717,-0.08721158831286857,0.01483357750550911,0.04113481536954289,0.26941323678928314
2020-09-02,0.014456466973268411,0.016647266009725988,0.8333333333333334,0.0062997741256131815,0.11925549268451507,-0.43110785050124756,0.010205774251914402,0.03143173288685974,0.3629994483418423
2020-09-03,-0.030289227042490128,0.02445165546041871,0.0,0.009881075977210298,0.09867370591581476,-0.9455666512698531,0.023600801691308407,0.07095384941265906,0.2933687655028879
2020-09-04,-0.0042761300600802354,0.01675466517394104,0.3333333333333333,0.009963305110105588,0.1536437415154901,-0.3593568265086682,0.015753068667424663,0.049700699115252586,0.4261529250127328
2020-09-08,-0.028685946424345535,0.019158582447406772,0.08333333333333333,0.011935320183078071,0.11341103079844154,-0.5495169093464742,0.016085097354484115,0.04696992911706639,0.4263463401970108
2020-09-09,0.01707788401370507,0.017285362405457624,0.875,0.012424769738836827,0.12306193706833131,-0.03731455443800913,0.015459227654156414,0.04679674894200536,0.5035841044178848
2020-09-10,-0.01939015235631496,0.011456388260062393,0.041666666666666664,0.012702593527942393,0.08328183249275489,0.021868508187315894,0.008357522839218099,0.019156725763732473,0.774126168882065
2020-09-11,0.003051425443592673,0.011182911347318768,0.5833333333333334,0.01272174409326338,0.09140587146328613,-0.38183626701652407,0.008536790783359735,0.025860931334346266,0.7959603743835164
2020-09-14,0.0076844943165085555,0.014484821085271726,0.7083333333333334,0.012843514571766622,0.09901021882413975,-0.16174349868983895,0.011024528891833273,0.037737637446360904,0.6353144954984599
2020-09-15,0.002277516458539001,0.016890537494108127,0.625,0.01284486684642396,0.10436242741052876,0.07071923198562347,0.015012803266131247,0.04946050849133865,0.545253784981908
2020-09-16,-0.0015256875495214862,0.02150261027416023,0.4166666666666667,0.012848289701957387,0.09799966267242477,-0.007273913023397416,0.020513732522123927,0.0644445435220542,0.43090377320172457
2020-09-17,-0.006726115271795563,0.013952870507945993,0.25,0.012870316792364755,0.08539522007693413,0.1854354351418045,0.012129889260429924,0.036422301327065955,0.6672294732140277
2020-09-18,-0.007905258980535632,0.010426630186328865,0.16666666666666666,0.012981683917258366,0.10357240032913731,-1.3782898050245738,0.009102133625721872,0.030584773284065836,0.9277644958772098
2020-09-21,-0.01213623516929794,0.02351812696184582,0.2916666666666667,0.01317304279297701,0.07621552815014275,-0.16960824040026679,0.01824891215610939,0.05173719786701243,0.42817458230620475
2020-09-22,0.004766268604966206,0.01762538551622723,0.5833333333333334,0.012929318945674546,0.11615191866757113,0.09245104874288212,0.01438000448474401,0.03509578266193677,0.5533778509934772
2020-09-23,-0.02467804328351056,0.014381948531543533,0.041666666666666664,0.013846555000820528,0.0758413939626497,-0.23511282303790249,0.012425493650127467,0.03678953810208667,0.7545439095206915
2020-09-24,0.006764402869975164,0.010989591318694359,0.75,0.013750772772816921,0.06651466117164549,0.05985270664034392,0.005858385077787705,0.01762058346160844,0.9771710542846136
2020-09-25,0.013919328679375231,0.013120554601565367,0.9166666666666666,0.014239444491408525,0.07550724227104189,0.17425468423068913,0.010378830958044632,0.03106256467290391,0.8636693025624892
2020-09-28,0.013669134668666085,0.009234907211434478,0.9166666666666666,0.014497525761692047,0.08570772742912557,0.22352766553148495,0.006960018548645486,0.021712449834658514,1.2550646884644694
2020-09-29,-0.005976836771391668,0.012616587414378167,0.20833333333333334,0.014513192562184488,0.06171823082274959,0.3736547390874967,0.011813746846653305,0.041291747100108155,0.9249135939844255
2020-09-30,0.010179882537982696,0.00892431723692493,0.9166666666666666,0.01459917805438334,0.08140622708103246,-0.416313086444847,0.006473942560442347,0.01720559652707972,1.319072547655128
2020-10-01,0.00187820670002579,0.018104988502253117,0.5833333333333334,0.014097703091721597,0.07559339955291465,0.15000733106675412,0.01526550273461783,0.052538874485597284,0.6154606979587037
2020-10-02,-0.007171099340229701,0.019339404649533792,0.4166666666666667,0.01261343368930148,0.07773399728689914,0.3333031845031482,0.017133325464091964,0.044015598540843845,0.5164069244116437
2020-10-05,0.019085984754655606,0.010206590889979092,1.0,0.01343304952056769,0.07793015974882286,0.3056021448578812,0.008176355684000537,0.0255605630013566,1.0510360731984558
2020-10-06,-0.013603544196087322,0.01023291306746251,0.125,0.012139894735103681,0.06790029287726887,0.3582677852673254,0.006485504528262172,0.018963338795638312,0.9746369418544251
2020-10-07,0.01799303073598499,0.012841789483372217,0.9583333333333334,0.012208934124800638,0.06702024821662333,0.12677326936687394,0.005752165271760941,0.020094221306427462,0.78019752990195
2020-10-08,0.010450355044654719,0.014095979351264335,0.7083333333333334,0.011503722015827217,0.07233510590017854,0.16358810101796095,0.012118996205794874,0.03778695628999178,0.6790689976433782
2020-10-09,0.005560295555409077,0.011999394217895774,0.6666666666666666,0.011534023052299417,0.08037159691540341,0.18936280449633702,0.008966952934682623,0.026321499938907568,0.8081729709315465
2020-10-12,0.017116466289974236,0.017165169338324585,0.9166666666666666,0.011974903339786527,0.10429071869759322,-0.09811599865417198,0.012246936821742563,0.036941006439267086,0.5924313633436897
2020-10-13,-0.005374350504284767,0.014109832759538423,0.4583333333333333,0.01209383860479987,0.09384527169240718,-0.04858314826049126,0.010123006490623058,0.029847835305772952,0.7316902015324775
2020-10-14,-0.008544921095577132,0.013566308539131523,0.20833333333333334,0.012296024827895966,0.0769200619951612,-0.05932142711849475,0.007029807818301801,0.02394529216149066,0.7868749278351874
2020-10-15,0.0006060216667126278,0.011128389627439852,0.4583333333333333,0.012147410378012289,0.07688828092035054,0.02722364620502027,0.007401895299582767,0.021537411853900307,0.9317595554793942
2020-10-16,-0.0020057214179059015,0.01271024474812772,0.5,0.011968884661433065,0.08760224460472062,0.4586167926437348,0.010099172270230309,0.03024056095585711,0.7925894972099039
2020-10-19,-0.017138358814985627,0.007507454679733923,0.0,0.012329409034885745,0.07389522640567893,0.30514706669732117,0.004979118115962856,0.01206049506834539,1.3751814852092665
2020-10-20,0.007009711559489591,0.007688642310622086,0.8333333333333334,0.012367247018004127,0.07213813642714514,0.1137944551237472,0.004546219209954702,0.013594652925294678,1.3573638105034345
2020-10-21,-0.007700461702268018,0.021724902275226714,0.25,0.010941080810361332,0.07206330256457678,0.352215894723386,0.009564745965487894,0.03019157845089578,0.4413094992935588
2020-10-22,0.010507507699908969,0.018081347230421298,0.6666666666666666,0.011043354281286654,0.07125794909691266,0.17433210079056183,0.017012063705186733,0.04989567695450374,0.5405880912641895
2020-10-23,0.0037350024254092277,0.010402036461996094,0.625,0.010745254495433733,0.07785840965194359,0.15978742924312883,0.006489521454699709,0.020198562978879342,0.8907241104115702
2020-10-26,-0.020702604193218694,0.014355108434687918,0.08333333333333333,0.011583199155421834,0.052137645209433994,0.02968233052130942,0.008741464654663848,0.026937306062241387,0.6699369910065672
2020-10-27,-0.002286538339761774,0.01678760963816508,0.5,0.011498730034292868,0.044760358403272534,-0.32665456301382867,0.014086885456891598,0.040711118213171346,0.5618729188986143
2020-10-28,-0.038335923681508434,0.016530862752731502,0.0,0.014245193073083745,-0.0012620461833455013,0.07137600322410742,0.010383721755739494,0.030066122218981785,0.6557616168043858
2020-10-29,0.015060503777565565,0.018103322002486832,0.75,0.01470465715222054,0.006813287819659187,0.030796906884527298,0.017062918177466517,0.04763714569554597,0.6352104955212052
2020-10-30,-0.01220674817845531,0.02528903803409219,0.3333333333333333,0.014861994299097504,-0.01307461542139528,-0.24250432297709446,0.014417095592328243,0.038547764453367606,0.46467574471789186
2020-11-02,0.016568009432073882,0.01785496237934561,0.7916666666666666,0.014692237143376675,-0.0014487841582224714,-0.3082335321871934,0.01631811725374826,0.04472383323573781,0.6510965169554092
2020-11-03,0.015627057988033793,0.016624858373042808,0.8333333333333334,0.0148428374300698,0.006055166172078297,-0.07316270928281021,0.015471074934445527,0.050224971051724486,0.70535815957227
2020-11-04,0.01704251815988815,0.04100371374794819,0.5416666666666666,0.01478460112686347,0.029446723612143844,-0.4445914197225005,0.03367021883097956,0.0818537133754833,0.2848267341866976
2020-11-05,0.017324878352873902,0.01605674619235274,0.8333333333333334,0.015110564142420391,0.030662573738635103,-0.2192952032008082,0.014022158647993513,0.03703462534059717,0.7487619158787732
2020-11-06,-0.001416115435993302,0.013653292388973594,0.4166666666666667,0.015070334165750094,0.0316485967517954,-0.08311918753858372,0.009751481735007514,0.02851227848250404,0.865393540193765
2020-11-09,0.021715691960462413,0.0714429246183992,0.5416666666666666,0.015373383576827982,0.05170504434505606,-1.1105862236763895,0.06776924451575439,0.17365343981932652,0.16860217276458905
2020-11-10,0.005947331178577722,0.026677808611140063,0.6666666666666666,0.015355123976889613,0.05551911304242329,-0.5724814970500283,0.0224621845091476,0.07758872802712888,0.4525889487036665
2020-11-11,0.006632486851366831,0.0177468129435092,0.5416666666666666,0.015231017421798422,0.061744440379879154,0.13921976555035043,0.01607727631660481,0.04401334279760345,0.6749639881229516
2020-11-12,-0.009843999814570153,0.011471287778332659,0.20833333333333334,0.015451749147801671,0.057742345076733856,-0.17483537448837572,0.010111662331188367,0.029418440417186702,1.0844779408039624
2020-11-13,0.010866784105402169,0.011496999519798382,0.9166666666666666,0.015575426905397318,0.06797768739514339,-0.024729220975407973,0.009858802435217556,0.03318728871049218,1.120589042419705
2020-11-16,0.016819249091323266,0.023357456526954,0.875,0.015235644327956299,0.08058883911707128,-0.8083993380549162,0.02291147632017409,0.06921468257893053,0.5508928671903464
2020-11-17,-0.004221674475035603,0.011202477121840484,0.2916666666666667,0.015310860896489005,0.06527357146484465,-0.47351263581974967,0.006196541602016984,0.01788272679950024,1.1361821321973593
2020-11-18,-0.010934799466035696,0.011129245827885477,0.16666666666666666,0.015446936182160384,0.05162700294759521,-0.4076693942180496,0.005174309315056489,0.01423342302847112,1.1581891019134996
2020-11-19,0.0031805302903382356,0.008324257172504847,0.75,0.01534342808409937,0.04578110763854583,-0.3490579059544716,0.0057273858985336405,0.017109123591161825,1.504449237976425
2020-11-20,-0.0068142577745154516,0.006997403680551589,0.16666666666666666,0.015480486498489007,0.03690971532308344,-0.5758247163381267,0.004014659024984378,0.013234038678092697,1.8117269927680786
2020-11-23,0.011326479054774718,0.025845759519923607,0.625,0.014642177662938335,0.0397387737161976,-0.25201759509522237,0.025905197040442914,0.07911820017365305,0.47236293679110675
2020-11-24,0.020084316662730018,0.021065355274757367,0.8333333333333334,0.015018265098450839,0.06422298181164153,-0.6030140861142443,0.020040082574072134,0.051899887014956105,0.6218014182875965
2020-11-25,-0.0033631173634272684,0.012749533539023548,0.4166666666666667,0.011322331811508574,0.05273135520107073,0.055982580029194984,0.011401732189201805,0.036906210770045224,0.8902151153948353
2020-11-27,0.0002470094283814478,0.008647070231763336,0.5,0.011214789128264404,0.038521897656183766,0.3917890689920591,0.007645784070579536,0.02594225169196688,1.2269072031174562
2020-11-30,-0.011040454276328196,0.022552944383613337,0.375,0.011119243017725189,0.0577706704223457,-0.6467087646239995,0.021208557259835944,0.06601390902856161,0.46782530381144855
2020-12-01,0.009834056606176053,0.012885116694976334,0.7083333333333334,0.010874887230326863,0.07188085708860198,-0.2725095011218246,0.010414242314576454,0.03170724062738155,0.7927084137929479
2020-12-02,0.006141912416342497,0.014316073286215241,0.7083333333333334,0.010611367685953272,0.10670871592929002,-0.2685106434256064,0.013262213930423334,0.042336275045791114,0.6803459959656368
2020-12-03,-0.0016615795017314444,0.009973500483931528,0.375,0.010311981544825261,0.0879692524138535,0.06685848939847039,0.006843259317202146,0.02327715025410282,0.8994671649911062
2020-12-04,0.011102988680508985,0.02029658251618127,0.7083333333333334,0.00997860846313948,0.11846239345067745,-0.2685734566129492,0.01804442463645313,0.05884037575203941,0.4266600899337203
2020-12-07,-0.0039104598408591556,0.014281782799234014,0.2916666666666667,0.01006155699236181,0.11150050816622561,-0.15028663524470764,0.012346740954198196,0.04362457724001971,0.6150813988303694
2020-12-08,0.0021867069312999734,0.009812434964222228,0.5833333333333334,0.009114550454558813,0.10600272078101704,0.4060366194808078,0.006060307283044757,0.018302328820034908,0.7957260067409921
2020-12-09,-0.005676065073824922,0.015195457602857997,0.4583333333333333,0.009261216857280655,0.09804913924865312,0.15900343344314782,0.012232812062312443,0.03314682813461982,0.512945815056113
2020-12-10,0.0013187473590870562,0.014216255013968459,0.3333333333333333,0.00919877866186389,0.10089357415726166,-0.19838525442901522,0.013043841820740334,0.04271295441393123,0.5295880949826157
2020-12-11,-0.000485304470486785,0.01016375664413105,0.4583333333333333,0.008805884296488603,0.10713438495857044,0.05407106122355865,0.008352223834206795,0.027611941138563835,0.6947061889274616
2020-12-14,-0.005786077813821219,0.017516869569200524,0.2916666666666667,0.008735269807512385,0.10925356612528485,-0.23321121198573413,0.015023648001767186,0.044079493510881806,0.3885848040348264
2020-12-15,0.00996700431047893,0.01107786430143147,0.8333333333333334,0.008218480748873708,0.13135680560506172,0.26866872288832044,0.005551194205269102,0.01623719745447875,0.5835219600021538
2020-12-16,0.0006975863279484786,0.01136063216510012,0.4583333333333333,0.008124701780335827,0.12728812332804398,-0.12545042500541514,0.004903061912342759,0.013353621796805177,0.5534879213651058
2020-12-17,0.003984907476527397,0.009521983369979668,0.625,0.007608768587716494,0.15595107408808195,-0.06946813442122357,0.005610219001827283,0.016531390132224266,0.6238698233508989
2020-12-18,-0.00442706496456111,0.009029153386750971,0.3333333333333333,0.007739200034481303,0.1447596062535457,-1.4401794229267786,0.007167634893454571,0.022715878748422774,0.6648247692301736
2020-12-21,0.0011518814552661193,0.02003474030989953,0.4583333333333333,0.007479309057132983,0.13199215902943653,-0.18585767265795017,0.01952633718580958,0.06170562364024686,0.2854884022580461
2020-12-22,-0.007326144239306766,0.012974157616709623,0.25,0.007429024603550484,0.11099688012146372,0.1719290147481537,0.010586033751557472,0.032523175580112786,0.425435656249915
2020-12-23,0.0036818476911179335,0.01457600996723098,0.5833333333333334,0.005996203117667096,0.12065556458397331,0.4161571469323577,0.013162214999973134,0.04080226995822167,0.3224164789911203
2020-12-24,0.0007500138051731118,0.005822274496342058,0.4583333333333333,0.0059330040381095055,0.11122569585116374,0.6852057957292313,0.0047927480385937605,0.013950114704715705,0.7847260784993667
2020-12-28,0.008938676144756652,0.012983168993515978,0.75,0.00622189262662886,0.11828616529589459,-0.41703172204637395,0.008531309572175521,0.026120991073150506,0.3853815637598927
2020-12-29,-0.0022310722795594686,0.008719433086184709,0.25,0.005608285986842939,0.12322619235656482,0.5474394063879582,0.005510888401154365,0.016467792925274595,0.5233143972022039
2020-12-30,-0.0004421144440175384,0.011480161412649239,0.4166666666666667,0.005255794740519384,0.10369809315789169,0.38832075551667267,0.007958077714145174,0.027457446730671888,0.356563606921373
2020-12-31,0.006295599354974831,0.010125829507528744,0.7083333333333334,0.005263969970845573,0.12359723670895383,0.33199790052365263,0.008324390264058606,0.021633232550285077,0.40501295278734
2021-01-04,-0.011121417309465267,0.013437737773846973,0.25,0.005894152436229281,0.09448278866350358,-0.23196836288918354,0.007023702170892382,0.02099704567395788,0.34039092558825923
2021-01-05,0.009423773016529214,0.016896628002013487,0.7916666666666666,0.005744222259594575,0.09345620663537807,-0.11724247282257227,0.015188451788057923,0.04750821939481916,0.26574078655918987
2021-01-06,0.006953663575102104,0.033746001232392894,0.5833333333333334,0.00583316672102888,0.0948495746550711,-0.7788962195403948,0.03161439379777777,0.0939733580257818,0.13756543687046102
2021-01-07,0.013369907762162606,0.016973454935841424,0.7916666666666666,0.006465465440659231,0.09110301612725946,-0.17662148612345652,0.015769378004272996,0.04697010506868471,0.30644576860571404
2021-01-08,0.002126715322025468,0.009081757572299714,0.5,0.006244347646861559,0.09860408195356969,-0.093617085252649,0.006740557698826528,0.017936046376847314,0.5531942375826064
2021-01-11,-0.0005640219321035728,0.018531434057623794,0.4583333333333333,0.0062668039061105985,0.10658498111704326,0.011313915265877106,0.014359317945068097,0.04539247386514389,0.26906928353544773
2021-01-12,0.0037345686794590847,0.01715475400950545,0.5,0.006258690484841144,0.10971352812978973,-0.2971663774504858,0.015710954415692965,0.04315221205928802,0.3001327149526567
2021-01-13,0.0009428214949550595,0.009349910604665055,0.5416666666666666,0.005995773067854694,0.11266207104265068,0.16903963040143688,0.006656481665374797,0.019125126583566836,0.5247686621545302
2021-01-14,-0.0018732172558403408,0.01709536856741899,0.4166666666666667,0.005779045109216958,0.127927212601796,-0.3570206628606545,0.016334580052772687,0.04529558937649747,0.2633374477296972
2021-01-15,-0.011815354373245648,0.020041270370092477,0.20833333333333334,0.0065230961941925136,0.10910214666906073,-0.13069677554415216,0.0185404113417327,0.05583684244946485,0.25236619412884687
2021-01-19,0.005154524507629113,0.015315689726195715,0.5833333333333334,0.006555693152149682,0.12195713287895786,-0.19395682686191984,0.013808224598996686,0.03782953213460553,0.33405090282103644
2021-01-20,0.016382301432515466,0.03802938925908382,0.625,0.007241721982681953,0.12783192661156434,0.5346358199076737,0.030373049874438885,0.09578258879213716,0.15025173727699054
2021-01-21,-0.001819802136564408,0.019878693883256974,0.4166666666666667,0.007294150966114813,0.12227712204959071,-0.006158137633679672,0.01797295738186894,0.06294921659756578,0.2891225083286769
2021-01-22,-0.0032583579237067672,0.0108639979157181,0.3333333333333333,0.007072950077799945,0.13972136831910265,-0.2029552802267136,0.00480277675817045,0.013775696618912609,0.5103083197414927
2021-01-25,0.00017365544046445136,0.012982948641961365,0.5,0.007078586488925451,0.1421815620993289,-0.4776182703760745,0.009038007750579191,0.028664640514324456,0.4135099858718585
2021-01-26,-0.0006048616164561945,0.012517790225925127,0.4583333333333333,0.0070981994161709566,0.1799126241643811,-1.7049186741256448,0.009445568044700472,0.030345817830567334,0.42829614519126796
2021-01-27,-0.02757008906027479,0.015025656737657808,0.041666666666666664,0.009503601413604467,0.13728203132654077,-0.8700357463400294,0.01119810613419496,0.035606640924591315,0.4188097768852333
2021-01-28,0.008836011838158376,0.014552638859756722,0.7916666666666666,0.00967748054865004,0.15832479134315441,-0.41028666507660816,0.004382159765811357,0.012995042476780256,0.45511600937874397
2021-01-29,-0.019771789272845532,0.011590789924129456,0.041666666666666664,0.010709449230203442,0.12198499263823502,-1.0270947430925585,0.006303096160166435,0.021631437166504952,0.6547977070504921
2021-02-01,0.010898489264008326,0.01241155614155922,0.875,0.0109051915128128,0.11725642391420955,-0.3684035334472162,0.008133428803372832,0.022086386577778283,0.6300392208267624
2021-02-02,0.01538775880643222,0.013374468746626702,0.875,0.01109425681521673,0.11560166456075362,-0.0007533959193017914,0.012039189351722698,0.033530354788370596,0.6006282857066778
2021-02-03,0.006940342048232878,0.02166056799476834,0.4583333333333333,0.011012203871137686,0.1052171282561126,0.27096302936356553,0.015369794079573293,0.044436290888067144,0.3651295150256149
2021-02-04,0.008351738079604792,0.013109180453962962,0.7916666666666666,0.011055129079763552,0.11498498177171068,0.3151902482582142,0.0095867733709694,0.03431033529881555,0.6086434190416703
2021-02-05,0.005215886393922929,0.0098187476500964,0.6666666666666666,0.010730259204990125,0.09848517620517121,0.013418388756909594,0.00663988906926415,0.017810034332758778,0.7710876797865295
2021-02-08,0.010222952364467033,0.019633685373455417,0.625,0.010932046064345467,0.10276079739106052,0.13972148918718896,0.01584215038014674,0.04466241049645466,0.4062368854513549
2021-02-09,0.0011562119428873187,0.010370747345769954,0.4166666666666667,0.010923801683993305,0.09728452248258102,0.15020235335201693,0.005392898495688573,0.013998211494046417,0.7719344064291427
2021-02-10,0.0034558356912232358,0.009919828013210032,0.625,0.010920755466355948,0.1105843579883744,0.05908263316488738,0.006006780374193937,0.017295744514949085,0.8056188107827569
2021-02-11,-0.002152899336928721,0.010775149248539138,0.2916666666666667,0.01094829055794199,0.0975646745460435,0.09871965774291025,0.007654618578034572,0.025489158250226684,0.7472846782481557
2021-02-12,0.0032108204200024435,0.008452490791606478,0.75,0.010933034814731847,0.08395624587472268,0.41319172427679396,0.006598700030119112,0.019170670562245085,0.9605433827317355
2021-02-16,0.006646296825677013,0.01538592511624901,0.5833333333333334,0.010528667460962806,0.09482421717543531,0.07947658453618711,0.013007669495064947,0.03883570146799634,0.5108910358466925
2021-02-17,0.0028526770156219092,0.012327538789780743,0.625,0.010508875852722087,0.1086116936570929,0.07729702884746881,0.009827788049121003,0.03230721383740195,0.6283037496438898
2021-02-18,-0.005329461988168162,0.01645897919750428,0.4166666666666667,0.010082499428775272,0.10010170137858651,0.18774073305009698,0.008924560621127555,0.02730285498769606,0.43701354664650405
2021-02-19,-0.002204827257223943,0.01726077893698329,0.4583333333333333,0.010088817996969071,0.10471113189587801,0.052338470419544425,0.014141276696669267,0.032807103621669095,0.4178286597404173
2021-02-22,0.0019301662646686035,0.021867456149077938,0.5,0.010036805365961571,0.0953148191057719,-0.1379987044083275,0.02093210445948129,0.06984606055992892,0.3267704527517595
2021-02-23,0.002705903539830634,0.012944942104813154,0.5833333333333334,0.010036728715346976,0.07793640598287252,-0.18451769153096786,0.010246285760527826,0.026923263989524493,0.5617831962823383
2021-02-24,0.01063983279014163,0.01823659730757481,0.75,0.010225271256170607,0.09193935613644141,-0.7541924555628863,0.015507877177921578,0.04838685099222395,0.4262856375507612
2021-02-25,-0.01894998753220845,0.01730884217379546,0.08333333333333333,0.00902084755443341,0.07274235917585152,-0.0667484946628778,0.013475912053537844,0.04410908145331586,0.4242337159171488
2021-02-26,-0.010034348909778465,0.01796452812199651,0.375,0.009305848835157803,0.07374846454240125,-0.8118056230252166,0.014954848821829814,0.0444541649561944,0.41208492852808537
2021-03-01,0.0192508224552535,0.012291750530155502,0.9583333333333334,0.008667149771018037,0.0831652303914787,-0.037648995151280396,0.009099808714454503,0.02701337820153808,0.600147467052505
2021-03-02,-0.006307975313638377,0.009596647071288057,0.25,0.008748714185011866,0.07071534266149783,-0.19405362139038118,0.0071041726884314305,0.023298230426954003,0.7447744192010075
2021-03-03,-0.007961051956894491,0.01991327863439671,0.3333333333333333,0.00851412744964002,0.06441587020633478,0.03898185418190525,0.018583792730784067,0.05041040851349965,0.34027555334932985
2021-03-04,-0.004494606563408235,0.017280675278408188,0.2916666666666667,0.008512233192235664,0.04881827496241756,-1.0951835424415548,0.014348885550421875,0.04581690590668382,0.38503791228524276
2021-03-05,0.02051101942793095,0.013999457812618904,0.9583333333333334,0.009453841908818662,0.07323975423120765,-0.37913529071968877,0.012341976829201125,0.04050122493672907,0.5187114598786984
2021-03-08,-0.006018987320980995,0.024615802603719813,0.5833333333333334,0.009555796736848856,0.0650340599789267,-0.29581970068524566,0.02261155942274011,0.05634238980687337,0.2966319791962944
2021-03-09,0.008409204119652078,0.02465550810612273,0.5,0.009471460338221048,0.07911932917240369,-0.5594079213060781,0.021999067204498332,0.06291162606222789,0.2924760991567318
2021-03-10,0.0115629158464022,0.013637374414076893,0.6666666666666666,0.009769428800525034,0.08936349765971884,-0.6026958980268555,0.012672248741735575,0.03478546344202086,0.566933325582162
2021-03-11,0.007847738053565692,0.015515901914377194,0.5,0.009867271390346958,0.09769654018377132,-0.04370072764671651,0.014371364010637254,0.03895026007716255,0.5124469844406063
2021-03-12,0.0036299322000842246,0.01444642591046768,0.625,0.009836015112295211,0.10711255019767676,-0.30064837252107,0.012026994281077875,0.03576283947508315,0.5554957911244917
2021-03-15,0.0031005142599466553,0.01660758621320023,0.5416666666666666,0.009835269247273251,0.10024606014714448,-0.47416778115154146,0.012176401076318127,0.036757486559342446,0.4828765227592033
2021-03-16,-0.0011457697627216962,0.013385976237649214,0.5833333333333334,0.00979114675871658,0.0984027040564743,0.11478500540293601,0.012938338567233263,0.03794565355565338,0.5785448137226097
2021-03-17,0.003586603321166277,0.01018635836644451,0.625,0.009797857579378833,0.09800439990111319,-0.018377466583890056,0.005285129318041167,0.013324592906396277,0.7638729332177624
2021-03-18,-0.013086010019201058,0.023893548836431095,0.2916666666666667,0.010228002272501703,0.08934545484647324,-0.4087449312025788,0.022108257407068097,0.06381835632906152,0.3418877162893259
2021-03-19,0.0006656280476367756,0.01399932293865028,0.4166666666666667,0.010198567115511438,0.0888592014388439,-1.9546413194573549,0.011633538266767104,0.032505974824895735,0.5780244459476495
2021-03-22,0.003790480801230456,0.014413443262344313,0.625,0.010213166109358126,0.09997582647938112,-0.10651106605531169,0.014084111401364919,0.047644992710395795,0.5678703182234871
2021-03-23,-0.003959200892700271,0.01345943715475359,0.375,0.010276345428028676,0.09233477789556292,0.03130228264691537,0.01122250504902371,0.03220442506106217,0.6127768483107953
2021-03-24,-0.0005393700247343277,0.016496373475945455,0.4583333333333333,0.01002842222491614,0.09104539406565548,0.2352005986204646,0.015161279724364506,0.04590199784244216,0.46935214898879507
2021-03-25,0.0020958825533307127,0.012272746283330825,0.6666666666666666,0.008924283800726142,0.08420260047422953,0.19238667696907918,0.009841216059521263,0.02963683468260155,0.5622134551811362
2021-03-26,0.015690924800495585,0.01022126489181513,0.9166666666666666,0.009020857611240659,0.1021245975542846,0.2862885993675065,0.006704157880554465,0.018579736859792823,0.7027243656311495
2021-03-29,0.0032111311691904224,0.01098921772962878,0.6666666666666666,0.008155804710947073,0.10577784316749256,0.06450042174111847,0.010004548179350484,0.027319675400507913,0.5806370826143525
2021-03-30,-0.0038802187943902575,0.010731026134705248,0.2916666666666667,0.00804246192610895,0.09560202501812748,0.0348934516105488,0.00992553532810896,0.028881940822715335,0.5832955225539663
2021-03-31,0.0017447195457919267,0.013324352073601786,0.4583333333333333,0.007685075067994515,0.10846816187338466,0.0681676879172628,0.012622745758271917,0.036680697612181956,0.4464414362041136
2021-04-01,0.010321770904898955,0.014241250910182336,0.7083333333333334,0.007675637192503739,0.1093661597617544,0.3657400069871608,0.012581954025767379,0.03445519534677943,0.4381568116913884
2021-04-05,0.009361686884528713,0.01708106430915502,0.7916666666666666,0.0067098434259151045,0.111774183071181,0.25496920816538793,0.015150522567642991,0.04641661048412486,0.33267449634779617
2021-04-06,-0.0016789584364491766,0.008026748700640568,0.375,0.006475027490294813,0.09672531687256922,0.3513260422615472,0.00445359602503457,0.014673869376425527,0.6809024706939821
2021-04-07,0.005353953206685584,0.008032958810451546,0.7083333333333334,0.006376896746070154,0.09995255475722935,0.3363654643456676,0.006102551148074701,0.017335713552947496,0.6613591083456476
2021-04-08,0.0011516570759017158,0.00986719187013488,0.5416666666666666,0.00604754525155915,0.10166823376523464,0.36193542887485597,0.00851762829820815,0.02944181063104423,0.4856607230104483
2021-04-09,0.007291460110137968,0.011055413484556758,0.7083333333333334,0.006022219101701502,0.10522512519591352,0.09818302234591636,0.007074914900977736,0.018428566095023413,0.4309466712589585
2021-04-12,0.0015955910922289586,0.013206044752983542,0.5416666666666666,0.006016379707940829,0.10587789479318742,0.13031026803841095,0.007208857558501742,0.022701094910129914,0.3530638183029778
2021-04-13,-3.175476861073945e-05,0.01125015989412928,0.5,0.006033370169706357,0.10771935728041701,0.03697435931535664,0.010453021738578932,0.03608641790087871,0.40080662435336606
2021-04-14,-0.0008866680664085755,0.01734502657950247,0.4166666666666667,0.006026359981520818,0.11864804358725409,-0.02193639961987337,0.015004656388242946,0.046968522443246966,0.2592203306911792
2021-04-15,0.009026383432734842,0.016636438137121526,0.7916666666666666,0.00621719892635479,0.12251990251235982,0.004595236319204665,0.012447139819649188,0.039797579154136994,0.28661018013975864
2021-04-16,0.0024669581930436973,0.00808091543678244,0.6666666666666666,0.0050455523219059195,0.10860455927288805,-0.08984830696734947,0.00707297150214785,0.01867396028440941,0.524349001447243
2021-04-19,-0.0031903609452932865,0.008931965205957463,0.375,0.005215860549355963,0.10723400046415917,0.6302808126853746,0.004638446098138752,0.01395691041038268,0.4885214490120226
2021-04-20,-0.0073354815073796015,0.016533693841194165,0.375,0.005692668708428772,0.10315687688048633,-0.09132104998344248,0.015377402364417248,0.04531699135686947,0.27463352496182475
2021-04-21,0.0040131365574063394,0.018651781785657545,0.75,0.005500523032881036,0.10699635799742822,0.2544394162766348,0.013250910108212612,0.044473757713342166,0.24359085130278332
2021-04-22,-0.01161366412747189,0.007266237286195343,0.041666666666666664,0.006345693574778446,0.09598755548641252,0.07797971810011506,0.003957845634409372,0.011371270825262014,0.7014797216026285
2021-04-23,0.00848193546581164,0.011108515264002448,0.8333333333333334,0.00649716243122447,0.13203958001249896,0.16785202079442596,0.00880229885361947,0.02304366514832649,0.48759178211647275
2021-04-26,-0.001330148809434717,0.011039275184941213,0.5416666666666666,0.00575872526963242,0.12187341936490588,0.3350131298265734,0.008928855752889963,0.023241980009629216,0.4256060181468309
2021-04-27,0.006823941286045743,0.022047955686324987,0.5833333333333334,0.0058641984022243885,0.14846914992379714,0.2721180075447708,0.013846074570375552,0.04179244596540636,0.2212913763954487
2021-04-28,0.005055907216577472,0.014638894463294404,0.625,0.005741008476646625,0.1426265678763663,0.15442155604670937,0.013096187199601626,0.043243539748255344,0.33730736252133964
2021-04-29,0.010153049995608551,0.020226763403191628,0.8333333333333334,0.005997931190809821,0.13739185906554263,-0.011668789870783458,0.011473564671115783,0.03501775731994805,0.2649076027303222
2021-04-30,-0.00832784382810182,0.01297196197266014,0.2916666666666667,0.006205182810999745,0.12212367318920794,-0.04477816966991055,0.011666344020629209,0.03527957294768665,0.405376384958265
2021-05-03,0.007785697644055738,0.015180494527795074,0.6666666666666666,0.006113689866130661,0.12155763275365887,0.029419574057132136,0.011872137259164474,0.034455365993906306,0.3412094104566529
2021-05-04,-0.0025583398208102737,0.015110140291374143,0.4583333333333333,0.006142668183942128,0.11378340653892567,-0.2967305388440147,0.014039166763912765,0.0423893040326155,0.3457080183742229
2021-05-05,0.006788716286687975,0.01592779259341731,0.625,0.006195781714754167,0.11034917046114662,-0.13229209360726024,0.01426559749687339,0.04422821479975936,0.3324650782856182
2021-05-06,0.00886019604004786,0.006759040367681354,0.9166666666666666,0.006392078422152778,0.11805315455830714,-0.3470060225920333,0.005312670515592037,0.016575432632024024,0.8404834785213255
2021-05-07,0.0066805512223455,0.007708960715164258,0.7916666666666666,0.006367646363569542,0.1212778700894294,-0.06499628091220666,0.006080624234755237,0.01836886605315976,0.7329543532619841
2021-05-10,-0.006543454496214296,0.017258510523325304,0.4166666666666667,0.0066566419767871395,0.11688731493014383,-0.3973485835820214,0.01575653627638104,0.04370638433298538,0.3417276060720088
2021-05-11,-0.010767344374941002,0.011901751342226872,0.16666666666666666,0.007214466559819973,0.1029091501352004,-0.2256494058116132,0.00903086671970299,0.030017708399973753,0.5406337925236068
2021-05-12,-0.01605073447105899,0.014188775384208905,0.125,0.008175786297325299,0.0802121188384644,-0.06929221490115345,0.012138313278687167,0.03456249653007156,0.5069283353416473
2021-05-13,0.009709147046422317,0.011486708503868046,0.8333333333333334,0.008214941312595191,0.08706858886926479,-0.05150623131104082,0.009759878448226558,0.031080868997941567,0.6291471977637775
2021-05-14,0.015368684654448711,0.013316721875513072,0.9166666666666666,0.008862293976268486,0.10776673551188166,0.3160798719625961,0.011449912494436611,0.03116527290972563,0.5911302243447129
2021-05-17,0.0028586580099932376,0.0111627219458545,0.4583333333333333,0.008811233300167719,0.11283022077909885,0.039176774478894894,0.009187154261558833,0.031256511196221595,0.7037111271915556
2021-05-18,-0.01032455200142048,0.010620763671694834,0.16666666666666666,0.008990768054463076,0.10057550251300977,0.07009992073085736,0.008755004239391987,0.02723155986092026,0.7536920522088826
2021-05-19,-0.005081304108492973,0.010339350700914402,0.3333333333333333,0.0090734346920865,0.09278829486468616,-0.4679445046651678,0.010159348952776662,0.033510258192871636,0.7793713336937976
2021-05-20,0.00723895975227271,0.010857638659263771,0.7083333333333334,0.008687151602092802,0.08938742182681725,-0.05884026916884655,0.009951647102564671,0.026631267337633917,0.7220224003173057
2021-05-21,0.0010616582245448203,0.009692126388803917,0.4166666666666667,0.008541339113155159,0.10939906758357051,-0.15215732911007418,0.006575567120812991,0.02086998977498966,0.7705682081388874
2021-05-24,0.009716587589498787,0.010826309200222919,0.8333333333333334,0.00871298670118058,0.12915000408284777,0.0026838845137314715,0.009498471113846867,0.025763494315844532,0.7285739080237104
2021-05-25,-0.004315202193252409,0.009357208035392507,0.4166666666666667,0.00873915977744551,0.10558397943434185,-0.07725252485774603,0.008531500168806622,0.024055913051515998,0.8295561474619056
2021-05-26,0.0022617947667230714,0.004461470432160514,0.6666666666666666,0.008699301168784607,0.1141537495147033,0.03229346457340021,0.003259436729200738,0.01098448460120042,1.708545185327103
2021-05-27,0.00035739902597477685,0.012756184077474038,0.4583333333333333,0.00844218265752556,0.12247220049757257,-0.4513482186734461,0.009316427277766803,0.025351815564327973,0.5591673210847724
2021-05-28,0.0017090888415541433,0.010909987799691555,0.4166666666666667,0.008168926606769895,0.12867589590253495,0.1578288468285437,0.005906244341890246,0.020537761651926927,0.6234565659853722
2021-06-01,0.003745783061344659,0.016513873223120472,0.4583333333333333,0.008047539441215236,0.11191065953594867,-0.1680610220329184,0.015976563279520534,0.05090330150787529,0.3996583787601179
2021-06-02,0.003205991453293977,0.00820086239204514,0.7083333333333334,0.008015200280893671,0.12113563831022364,0.1501537868341788,0.005860379363882054,0.016844235576889927,0.8087308460949152
2021-06-03,0.00016974139871164343,0.01028182025271412,0.5416666666666666,0.007913693448542225,0.1128961755892832,0.06732652341063783,0.008072400426870055,0.021565461601995572,0.612862458373014
2021-06-04,0.006823436504790369,0.009507599135386504,0.8333333333333334,0.00781967312797044,0.10815669624767137,0.16195933009179075,0.00887817788158575,0.02631910638912342,0.6520577457657949
2021-06-07,-0.002742677129494747,0.008575730605993878,0.2916666666666667,0.007735930934708625,0.09756628106461093,-0.05811227989844725,0.006284310561517728,0.020039050696404104,0.6999531854495256
2021-06-08,-0.0007432732037283054,0.009253920160203506,0.4166666666666667,0.007568036518798851,0.09319307566079839,0.16141932441378815,0.007570142608774904,0.021318315278798166,0.6173168550951146
2021-06-09,-0.005025403585505355,0.012612422472581734,0.2916666666666667,0.007210169084380661,0.08506715781534639,0.25899548264974503,0.01010060644857482,0.03588180926768891,0.4301714331977761
2021-06-10,0.002326476031376678,0.014305879230338178,0.75,0.005991192815260193,0.08853940360944476,-0.19096997806153038,0.011094875923671955,0.030634265104695545,0.33128274416658665
2021-06-11,0.0001654812562969001,0.009195812065765061,0.4583333333333333,0.005711352874873482,0.08511828154457539,0.001730764350282854,0.007115663796153822,0.02078060318009963,0.46348355198593805
2021-06-14,0.0012955179190825977,0.01077547699595307,0.5416666666666666,0.004678334685396974,0.09949980948285904,-0.036150551269322095,0.010227085762738635,0.029855470748495073,0.3302358962117476
2021-06-15,-0.00044093837988089707,0.011464082505336563,0.3333333333333333,0.004657644577639928,0.09839324305534136,0.0049413991330854445,0.010565592042696305,0.03245094460921638,0.29985507516731663
2021-06-16,-0.004288825598025292,0.008622718669843212,0.2916666666666667,0.004073483411659105,0.09031393665608561,-0.06959283295702923,0.006848113317372122,0.019791228194816858,0.3636645379790958
2021-06-17,-0.0038220594060918386,0.022140777955018443,0.5833333333333334,0.003985401764808819,0.09045107814269406,0.0187893603757866,0.02109027127019994,0.05734333806629466,0.13878531153308968
2021-06-18,-0.015046697457965214,0.011317552191022914,0.041666666666666664,0.005091924996381486,0.07594375070946316,-0.8826976350947286,0.00964297533574295,0.023914897636525913,0.30600271091339315
2021-06-21,0.01513656939598911,0.014059948545329179,0.875,0.006137705705250514,0.08898443755212156,-0.07860133682279069,0.01177752355080531,0.033903790924195966,0.29637001846022615
2021-06-22,0.007244609597750182,0.008847325548394005,0.75,0.005965324189878857,0.08053812234937614,-0.27644532194042726,0.007106243547934756,0.01856061726867364,0.4570136238601019
2021-06-23,-0.0003842211468996724,0.005778163170599923,0.3333333333333333,0.005865686986815003,0.07694277003328606,0.22432048631013934,0.004908146695259578,0.01452157895333428,0.6657477721634804
2021-06-24,0.007177783643794011,0.008078938303201288,0.9166666666666666,0.006039529373167865,0.08800077247147034,-0.20914340999040593,0.006832757835750972,0.02165398774719074,0.5065763035046105
2021-06-25,0.0024721047511996838,0.009276965131883134,0.5833333333333334,0.006049080665593364,0.08872815767687808,-0.3201448974969059,0.006628410285100174,0.016327339534774683,0.4525546801625784
2021-06-28,0.0011756799326998514,0.018049222556854518,0.4166666666666667,0.00604672814058045,0.07958206670467899,0.06182921271165864,0.01600857422276488,0.05368548373100816,0.2311270487997714
2021-06-29,-0.0009645672318774149,0.0078108482811476984,0.4166666666666667,0.006022649838512847,0.06925581258827286,0.2587804842192797,0.004897602591656319,0.014508749679391936,0.5162823045680961
2021-06-30,0.006130730020618484,0.009932699315649496,0.75,0.006121732752574059,0.07706550104534052,0.0488753139960908,0.007852642530842037,0.02380381942277839,0.4207154114697631
2021-07-01,0.005639561323958949,0.00935895528964305,0.7916666666666666,0.006212059962783633,0.07735110916261388,0.04900172573955408,0.00611633960762963,0.020643388731136914,0.4757294524933124
2021-07-02,0.006704316715653409,0.008945833328596905,0.75,0.0062063446384740635,0.08290376880236557,0.18481342987456328,0.007408229151197177,0.02267977815078459,0.49703303460627
2021-07-06,-0.0048871746717353655,0.017279114049870186,0.3333333333333333,0.006294140514915949,0.07072513402049224,0.1375459779070014,0.013852916213419395,0.039989077821104314,0.26353200461343507
2021-07-07,0.0010094023803542407,0.010440361303383211,0.625,0.006280877112201098,0.07013894530861753,0.12405426121757457,0.008657797992331524,0.025471560707228412,0.43742796725414534
2021-07-08,-0.008502040349682313,0.008360094540989496,0.08333333333333333,0.00650295682098039,0.06166865972754595,0.0028489279910944854,0.007083291500209022,0.020371541956132666,0.567067493950313
2021-07-09,0.012243112059649688,0.010800607005058959,0.9166666666666666,0.006977612121079968,0.07479843985360421,0.3607799198652496,0.010240988591187435,0.030880094694282805,0.48484031124430954
2021-07-12,0.0038476899888069773,0.008305770511851229,0.5416666666666666,0.0069918075378156835,0.06961974640967634,0.09374008991497451,0.006315078791614976,0.01900382533977037,0.6526402446168205
2021-07-13,-0.0033205104160523025,0.008906211102669235,0.375,0.007077598635886131,0.06383227780058034,0.020153714270239154,0.007104609562575341,0.019386870995681222,0.6200088522244095
2021-07-14,-0.0016129205014273618,0.014899836650726755,0.5833333333333334,0.007098083511547131,0.06540971824444627,-0.039951750425399224,0.010982174780729204,0.035982927106904206,0.3745362422640635
2021-07-15,-0.002884032203749267,0.012429228714546787,0.375,0.007046657100757934,0.0698611675480766,0.22146733287274623,0.008655738098778053,0.027057169692661476,0.44333315335558143
2021-07-16,-0.01252009440091103,0.012584470876656435,0.08333333333333333,0.0076282352640906935,0.053327936589759234,0.21872702539741817,0.010467256250566768,0.030024657792867265,0.47242279534904874
2021-07-19,-0.015333361798277356,0.01637989958176783,0.125,0.007660043830088532,0.049608238918953766,0.30694137435144464,0.010521647772797063,0.02920258304034677,0.36383154223898734
2021-07-20,0.011504514655053533,0.012366376072287239,0.8333333333333334,0.007341664567277471,0.052630818108195664,-0.0857449625088007,0.008525267358292937,0.022932530627937875,0.4672283420569541
2021-07-21,0.011199583022162873,0.017073619089595052,0.7916666666666666,0.0075757058851652105,0.06516054993979326,0.07110373861356956,0.013242972893312563,0.04062558335621654,0.34999434094027915
2021-07-22,0.0011910898732236848,0.008767241122654361,0.5833333333333334,0.007569457086017558,0.05952769852697119,0.09355263921565693,0.0078059973483721005,0.021231512698542142,0.6861923167025876
2021-07-23,0.007444320306327014,0.014867536590457744,0.7083333333333334,0.007581106754163486,0.06191611161672073,0.20807964589415173,0.012624731797708837,0.03874230621457123,0.405537278720456
2021-07-26,0.0043006698102264485,0.010104177028761086,0.7083333333333334,0.007610423223977614,0.05606373143133864,0.6143952268187036,0.009316013996339575,0.02913218392194365,0.6057661663785071
2021-07-27,-0.006345882440383911,0.015778449152745185,0.375,0.00779113632564706,0.058045692819056534,-0.07013075348867992,0.0087777189522371,0.028894082637283842,0.404303277638455
2021-07-28,0.00011931951725821048,0.011462543059688112,0.5416666666666666,0.007782404042109023,0.05037931469225901,-0.055961239587778655,0.008097019573484422,0.02513552326924292,0.5528455849436997
2021-07-29,0.0020035878639908244,0.011780025360289001,0.7083333333333334,0.0076876562794535724,0.05494124237706011,0.24813786572107033,0.009072629334337409,0.02813563283472409,0.5204283545611852
2021-07-30,-0.007257308554445878,0.017419615391027137,0.3333333333333333,0.007782126369504782,0.04089521753592626,-0.10068358742235528,0.010244324425524214,0.033413692421323415,0.35658345130100627
2021-08-02,-0.0023315281876709663,0.006457980033963873,0.3333333333333333,0.007629872342775361,0.029703493308207433,-0.1135127379082419,0.0028449647031616294,0.00872006629261779,0.9279847752008377
2021-08-03,0.008028455832298631,0.008197379887939681,0.875,0.007784602184858145,0.031051397918160563,-0.01657441367782364,0.004851973186101764,0.01591203565509395,0.7502362086629306
2021-08-04,-0.007039762046862144,0.012665030845023115,0.125,0.007943688117765652,0.030555090367512715,0.09847022760076318,0.011424349313520947,0.035634959040715786,0.509393879128073
2021-08-05,0.0077392890312415795,0.009430828509472591,0.9166666666666666,0.00788708311758067,0.0490617237736953,0.2488803523955443,0.006964303484948517,0.023487304629159857,0.6800411670150964
2021-08-06,0.003596594883893342,0.012622815865331503,0.4583333333333333,0.007436431402935118,0.06870905312864763,0.0759018870375503,0.012365366082968097,0.0374723864263237,0.4738265875477137
2021-08-09,-0.002439852256996245,0.007413166616707184,0.3333333333333333,0.007403221373084942,0.056560053825229065,0.2932463349039377,0.00629807351286577,0.02117975746555815,0.7973156662635548
2021-08-10,0.005352484376613097,0.01161929668227352,0.5833333333333334,0.007464445292949494,0.04654385354739345,0.07426175437697846,0.010123669629579972,0.027186788345545186,0.5174351548594996
2021-08-11,0.004689503761962352,0.010391358466521774,0.7083333333333334,0.007515153583730258,0.04837469929936256,0.1306894759137277,0.00817234266230792,0.02284442584307189,0.5933836043711561
2021-08-12,0.002776460472306739,0.0068435354726716306,0.625,0.007485514668335598,0.06147571177308978,0.09074964484915071,0.005177906040273624,0.016041390342187913,0.9002193645677472
2021-08-13,0.00012037424066118722,0.0088726424895664,0.5833333333333334,0.006800992348241494,0.06667739012224395,0.2784566448861927,0.00813046540358574,0.02053813349522915,0.624469784859276
2021-08-16,0.002665041075621243,0.010539143203662239,0.6666666666666666,0.0055338245287415945,0.06210347144559248,0.3694974497351199,0.009338823150994005,0.029581242080320903,0.465624293704897
2021-08-17,-0.006937317969413566,0.01223374702766585,0.25,0.0054669806200168865,0.0541044952516341,0.22394880781570936,0.00918767519813843,0.03149951556902956,0.38246019519587177
2021-08-18,-0.012436298952515449,0.007488251395762714,0.08333333333333333,0.005792084843398157,0.031951608709619855,-0.1271047076127978,0.005879222197954783,0.018248254079196502,0.6330926703900753
2021-08-19,0.0010113414543715855,0.018538038718281486,0.5,0.005790706553235086,0.037278152357243854,-0.674257236976213,0.016025788365470847,0.04623811153698165,0.2552465082019025
2021-08-20,0.007806596908665313,0.01135224020314521,0.9166666666666666,0.00581490172798904,0.0428229544991861,-0.04379714126385026,0.009241604693530288,0.027950220273763777,0.4184093532969774
2021-08-23,0.011096567452559852,0.016542643358503212,0.6666666666666666,0.006245389114323597,0.05356212292577117,-0.04770388988188179,0.013564771006234138,0.04114874847029012,0.3076701983888458
2021-08-24,0.0016431034307989821,0.009457569389271059,0.5416666666666666,0.006028749160202728,0.05349613751501601,0.1723878940059611,0.008476469504688063,0.02128651951318953,0.5132967270654647
2021-08-25,0.00247738601068991,0.00888639733574851,0.5833333333333334,0.006033462956641964,0.05222774046436126,0.1999910806574684,0.006886494241664356,0.02385744743367927,0.5595566516225453
2021-08-26,-0.0059636691490186034,0.00612566821905706,0.16666666666666666,0.006232368170926669,0.043058079862048675,-0.08905178920623968,0.004177121242379617,0.014444933995445774,0.8440624953119374
2021-08-27,0.009070640818669993,0.00949159136293777,0.8333333333333334,0.0062003781143751,0.05195897928200703,0.20623566941943194,0.008338481591063181,0.022536267268970806,0.5542920269602879
2021-08-30,0.0028522674261272593,0.01231864014823843,0.625,0.006137776917573706,0.04798781020334392,0.15322122392606718,0.010830112923619713,0.031892790884785915,0.4291991903278722
2021-08-31,-0.0018192456159464715,0.007414056030306413,0.4166666666666667,0.006005864517676286,0.04891124171689219,-0.3724411530249616,0.006550303810384915,0.020247234845744682,0.6712506415386592
2021-09-01,-0.0004987846285474615,0.008901914878091543,0.5416666666666666,0.005697236122570371,0.049155730292073034,-0.06915769716959397,0.007553610914183968,0.02460106583381394,0.5223191930619578
2021-09-02,0.0067379878916863645,0.011536884755589295,0.7916666666666666,0.005644978026850451,0.060919121769264756,-0.3780433693476428,0.009986351303385013,0.033602840294040114,0.3986843967237244
2021-09-03,-6.047917640183975e-05,0.006331470457801866,0.5,0.005635783897420462,0.05853216656148624,0.06502898774154964,0.004990141324343495,0.015467681494475971,0.6985375961169934
2021-09-07,-0.003417643105668398,0.011816852253359005,0.25,0.005675017502070863,0.05494904219952094,-0.30725784368317166,0.009804223752569468,0.029955759843762787,0.37841377720883235
2021-09-08,-0.003551893484206569,0.008412894372171107,0.3333333333333333,0.00569442490656329,0.05010163079623177,-0.04967697274315808,0.007320760328695206,0.017798665951601546,0.5208231504469959
2021-09-09,-0.006142965297922409,0.008578665694287287,0.25,0.005829880706122095,0.044399603878190266,-0.050083725547284574,0.006184145194324519,0.017243870852436134,0.5192303076988037
2021-09-10,-0.0038645265375950124,0.011130048495683168,0.375,0.005874643417316521,0.04482390293862054,-0.061109071451018515,0.005901683395171801,0.017260273102994644,0.4050931613732943
2021-09-13,0.007082814149997729,0.012499772953535286,0.7083333333333334,0.0060823137987226624,0.05572877649471011,-0.4925683846922675,0.009703180365839502,0.030023744327143796,0.38855333971866696
2021-09-14,-0.008301696569855641,0.00899371460220561,0.20833333333333334,0.006354438029021204,0.06247377738281968,-0.19209596878438062,0.007644364265668668,0.020620114031346115,0.5713613927967783
2021-09-15,0.009225418471073984,0.011157617319814076,0.8333333333333334,0.006473901737631093,0.05656262645790456,-0.1764300759705073,0.010010707727974893,0.031234419258753584,0.4708053857777832
2021-09-16,-0.0025394516797546582,0.006734710561148439,0.2916666666666667,0.0057600859089500895,0.04677856518039972,0.19489250055499474,0.004679327795607801,0.014471876373203758,0.7065224139590199
2021-09-17,-0.008056968278832677,0.00849685779519029,0.16666666666666666,0.00611679678468231,0.03910581804846671,-0.942457768727512,0.005711380293747518,0.0174479236623352,0.6014582599103631
2021-09-20,-0.02022592394417005,0.011801527648326333,0.041666666666666664,0.0074634508467651,0.011702110460502652,-0.5221180323709267,0.008478090418305806,0.026111469739966146,0.48565506320607726
2021-09-21,0.002512182347249148,0.00873986934991435,0.6666666666666666,0.006979717717577173,0.011742188056552116,-0.05559474815407106,0.004843722712968765,0.015531999834949056,0.6066741032876675
2021-09-22,0.010549939137197428,0.019096541950138254,0.7916666666666666,0.007436015030795501,0.021116447261049692,-0.34603037516469715,0.014604837594037462,0.03985677542015583,0.3009756531333134
2021-09-23,0.012959599089763135,0.012085918289648475,0.875,0.008018132592636827,0.03504061358269024,-0.13750860402070142,0.010572118054102617,0.028662487189326846,0.5189266292951794
2021-09-24,0.0033304320889405298,0.008171113220776084,0.625,0.007933721039956524,0.03224031565101229,0.07091138712550615,0.005707570693603724,0.017605746661957723,0.7514328612371329
2021-09-27,0.003207260611086421,0.015321072347083133,0.4583333333333333,0.007697063378105444,0.02980801493813976,-0.16255040739217597,0.01502449269985441,0.042054529488430734,0.3816230250824645
2021-09-28,-0.013759709341583498,0.015917173099298847,0.16666666666666666,0.008249437561100035,0.009343988880902853,-0.5639983266139892,0.014622042033165701,0.044984995538452775,0.401594305251072
2021-09-29,0.0014107996670696722,0.00988062297040375,0.4583333333333333,0.008260696314481127,0.015641963219707893,0.262329052582463,0.0062014363046316995,0.020158447781049436,0.6448807726006935
2021-09-30,-0.010464649350514508,0.010757974100912464,0.125,0.00854547984653258,0.004167911488839144,-0.46827146595817015,0.007661351316164665,0.02317681524384644,0.6386069483515282
2021-10-01,0.013410873241670765,0.01969134592867257,0.7916666666666666,0.00898916933778377,0.026080825080192223,-0.27427528687758085,0.011630373798301319,0.035483209402550855,0.3658338695903111
2021-10-04,-0.009934057895582262,0.017544966617882907,0.25,0.009212748905244504,0.003903655124960272,-0.7319956989479592,0.01445819094724893,0.043517102038643715,0.4387264098092396
2021-10-05,0.012207492783544077,0.014179645508060779,0.875,0.009677080094672132,0.012263457919697372,-0.2400896659386531,0.011425691577398362,0.029885415322726816,0.5738459888686824
2021-10-06,0.003833373028084545,0.008096222589425462,0.8333333333333334,0.009697277410453219,0.01941734136383422,-0.18723060376487055,0.006812729856512328,0.01985143157233419,1.0067666230200365
2021-10-07,0.00758296274370629,0.009457615918123703,0.8333333333333334,0.00973852346815586,0.02861322460896787,0.01513862505654906,0.006857566089808619,0.021280686180248105,0.8694587112705423
2021-10-08,0.0034368661592147306,0.013146942988286957,0.5416666666666666,0.009702759235727143,0.03493412297193187,0.056086526330049624,0.01193369541583173,0.037050726328885175,0.6238426329414893
2021-10-11,-0.007513110836394531,0.006900259291610292,0.125,0.009759883627880158,0.03994110653644837,0.2783702399133966,0.005982498328311893,0.019399189887240098,1.1917144002490694
2021-10-12,-0.0047774561264571636,0.0056143302210743175,0.20833333333333334,0.00963033615786304,0.05049701220826856,0.11049308393425405,0.0028257029640693246,0.007901706146544544,1.4332834058974717
2021-10-13,0.0007589524555759314,0.009011310411261545,0.5833333333333334,0.009401631352002861,0.03975145000879096,0.27062469452109505,0.0059353859003094265,0.018853259584899917,0.846003821019448
2021-10-14,0.01715151639858302,0.013295732024412322,0.9583333333333334,0.010135500295281158,0.045703383385211106,-0.10466619872046401,0.0077302053254909376,0.01783727830208045,0.6283374439949484
2021-10-15,0.009372186968527351,0.012842022433416221,0.7916666666666666,0.010075667702085579,0.05388448048051477,0.544329627103203,0.010360513572894943,0.0348983820213837,0.6556574133398302
2021-10-18,0.0036572520226379143,0.011424946724943768,0.5,0.008647848208348696,0.050097412196825675,0.17069413181145077,0.009740901500280605,0.029466106716505257,0.6644699356098318
2021-10-19,0.008195664808779035,0.009672250090980935,0.8333333333333334,0.008725850153992092,0.05399240719537826,-0.22578312475297402,0.005340102459066438,0.01447897206754478,0.8142580747668514
2021-10-20,0.003501830261663711,0.01126793059946366,0.6666666666666666,0.008555357685180124,0.06384011989742588,0.13685571525073037,0.008857451056066288,0.024726742188926565,0.6676738224077324
2021-10-21,0.0032862158393305537,0.014578799635149436,0.5833333333333334,0.00822238873924887,0.06700701621949823,-0.01720176595972145,0.010723089418933601,0.03280082589639344,0.48286781543212876
2021-10-22,-0.0001540960089411736,0.01851784590615358,0.625,0.008238420157426473,0.06484933234656623,-0.25804710654666096,0.012294645928353587,0.03631076733587509,0.37157757777651795
2021-10-25,0.0042916913497503305,0.007577161234931726,0.6666666666666666,0.008248818373309893,0.07639833225076244,0.019379616417828927,0.004421884244654342,0.014824504548467102,0.9152554168187821
2021-10-26,0.008549328349389693,0.02204427083237075,0.75,0.007434626568185962,0.0872791887878231,0.029463046385357905,0.011091834470003547,0.036089871548408994,0.3027779356153488
2021-10-27,-0.004385524343533014,0.020451916547338866,0.25,0.007626351668560019,0.07486520861199145,-0.28586887389287763,0.014854326283967857,0.03723864234745707,0.3336242367702135
2021-10-28,0.012857717491353601,0.014120563111598214,0.875,0.007214981495395852,0.09476268815020719,0.3119417363303598,0.005527788493109915,0.013249491432956617,0.49168778899003557
2021-10-29,0.0045660158576966885,0.012217174751937173,0.6666666666666666,0.006888669148317932,0.09158941497666231,-0.01227683625141962,0.008471468683583509,0.02700666375721657,0.5320923796564772
2021-11-01,-0.0010997544493443524,0.012115327936469465,0.5,0.006209814751564235,0.08689306564342461,0.16768962234703555,0.004566577121603747,0.014614011738831773,0.5001061833321722
2021-11-02,0.0025228160783312553,0.010364774610938775,0.5416666666666666,0.005929209907813434,0.0918557339787521,0.046068157671610876,0.007941976579674407,0.026708214601301867,0.5378521760599888
2021-11-03,0.0034134616401676524,0.00987387728442438,0.7083333333333334,0.005929760820642574,0.08991671124230667,0.04066102458745746,0.006385267108144009,0.01976853462535618,0.5624660758372658
2021-11-04,0.006267984019854965,0.027730355904673626,0.625,0.0058923214851474065,0.09149519150019927,-0.16807424440463348,0.017530025627955036,0.06079602801251316,0.19790485531963184
2021-11-05,-0.002445931034064708,0.023850767240178795,0.5,0.0060505909797900015,0.08627279999382782,-0.18863600251068346,0.015050001183503118,0.052438495322022424,0.22801888351236385
2021-11-08,0.004367601258179213,0.01254702497921662,0.625,0.005478888467790181,0.09052002701134586,-0.21977639803321591,0.007678585805990711,0.02240272703232012,0.42090852985914734
2021-11-09,0.0005385802650042237,0.008749414112346927,0.5416666666666666,0.005149988963728992,0.08839356620072883,-0.05689605948185883,0.005403395203776875,0.01780945417218449,0.5793766279597965
2021-11-10,-0.00970128580954579,0.014682918181935622,0.2916666666666667,0.005987393816216042,0.08562959836059662,-0.17541951249160403,0.01164363191559554,0.030137605966322683,0.3756966186408801
2021-11-11,0.0008843739379603236,0.009961103786337064,0.5416666666666666,0.0051098852938766025,0.09895027125107238,0.22911724555283197,0.005976786456846915,0.017748547797295733,0.472132977487244
2021-11-12,0.006679587041279175,0.012673272635267144,0.6666666666666666,0.004964463669027601,0.10461851683797997,0.06796590433028427,0.011678557629068621,0.03615356225232873,0.36047007941955084
2021-11-15,8.152448299244645e-05,0.009115632786196952,0.4583333333333333,0.004995862493785579,0.09689344441230711,0.003058443702659064,0.0068491450371732454,0.022276616557244923,0.4815408122851138
2021-11-16,0.0009444519341458522,0.014558752619561077,0.4166666666666667,0.0048295826428911524,0.08674132889389312,-0.09669562781380048,0.008948305152956882,0.029303413939853733,0.2766025825053028
2021-11-17,-0.005806753741507446,0.01092531400153047,0.3333333333333333,0.005140925141683557,0.07929147172158668,-0.15466049703406415,0.006010722125869731,0.018598738220815075,0.37914102478321066
2021-11-18,0.006342114532651956,0.02110393424417799,0.5416666666666666,0.005232553298772795,0.08315620024354874,-0.048046694582866145,0.016191626921390766,0.04351794582493296,0.2035179617027842
2021-11-19,-0.00625268771005788,0.018997863721681205,0.2916666666666667,0.005529991967792536,0.08286718168250945,-0.43420174377804877,0.016850380229605263,0.05830139484776513,0.24213034337596867
2021-11-22,0.0021352921031294048,0.017396004654422936,0.625,0.005496299856751197,0.07593183296696887,-0.16124321135585662,0.015191320397790887,0.04113058159278826,0.25822821925190476
2021-11-23,0.008477275032981799,0.012627453556859911,0.7083333333333334,0.005491473361532241,0.0815568405738234,-0.07422971499019804,0.012117070685866363,0.03278278465012552,0.3554585742863947
2021-11-24,0.00156527011606739,0.010647465480542321,0.6666666666666666,0.005313009693140228,0.08494135630583727,0.27523950192971636,0.007465921016099673,0.019346080394787767,0.4083153812295213
2021-11-26,-0.02461022349209877,0.012546728183320534,0.041666666666666664,0.0074077944126458165,0.060829917442285955,-0.3411941755730463,0.007346160831043138,0.02123585025133075,0.39334152734844374
2021-11-29,0.005660291260959992,0.020379245172702287,0.625,0.007447667074440772,0.059752220811559585,-0.13513108965146992,0.01369193419177772,0.041804619366261085,0.24485023634241768
2021-11-30,-0.019457708348422434,0.013876777485544474,0.08333333333333333,0.008627871821803527,0.040354991639538984,-1.4125559676421284,0.009153943464342826,0.030273227438905037,0.4257300153529366
2021-12-01,-0.010203038878450232,0.014476360926320703,0.16666666666666666,0.008827574646281124,0.03356959586675715,-0.33082052939194884,0.009327923506999281,0.031351859461861996,0.4346238577498076
2021-12-02,0.012512305912548441,0.01432555346124348,0.6666666666666666,0.009318000350095909,0.049633795263512165,-0.5834295156217015,0.012537628351568875,0.030559586332936355,0.4709566065875054
2021-12-03,-0.005447936911395747,0.014524377504213433,0.375,0.009197846229717197,0.05032882365003883,-0.22834198594316701,0.013001367158591697,0.0392344833877607,0.46168668421258496
2021-12-06,0.014621528541338205,0.010941648167284811,0.9583333333333334,0.009889465564431795,0.06881487872897205,-0.4839513185789919,0.0054195433461741715,0.017211121232226973,0.6684999785869499
2021-12-07,0.01631278339007999,0.01805747359372599,0.875,0.010558203580462451,0.07804484796905431,-0.306992273073033,0.01502173926401726,0.04822908121066853,0.4381427241781922
2021-12-08,-0.00010394469651974862,0.010649477829019732,0.4583333333333333,0.010556699401210278,0.08624259984239019,-0.31835047531543803,0.007399585380368251,0.021648809682843512,0.740883170084304
2021-12-09,-0.0022811010971490603,0.012777488416310658,0.4166666666666667,0.010335813853725607,0.07473608027416716,-0.32096979974508333,0.00841922236182499,0.022577868112176287,0.5884575601327632
2021-12-10,0.0063813280306444274,0.011942222633289154,0.6666666666666666,0.010430349368140733,0.08365685998456623,-0.40764190928376154,0.008200421139325505,0.025039433623499363,0.6526303856532959
2021-12-13,-0.009234634034772773,0.02012886709162395,0.25,0.01053082152498393,0.08247919422862614,-0.4956917859081047,0.017326209976130887,0.05193976361282119,0.3935447373335805
2021-12-14,-0.0011153865368229987,0.010622436165749566,0.5,0.010531233168327908,0.10158973163597318,-0.3593070859279748,0.008330924879281554,0.02183675129797724,0.7506096238823192
2021-12-15,0.012688639516504618,0.017200646609329538,0.8333333333333334,0.010934427061539426,0.11176618880522865,-0.14382679276422983,0.01434326824637141,0.04408433885997798,0.4976854875654495
2021-12-16,-0.004147190826243101,0.022353390280291062,0.5416666666666666,0.01089338996165498,0.09706905884178813,-0.5344363888404982,0.020901077649869374,0.06510665428501014,0.3792504824611134
2021-12-17,-0.01825310949579476,0.012171882042652142,0.041666666666666664,0.011532133994508385,0.06585635025623024,-1.8468852526488195,0.008273256881322978,0.020507750885509636,0.745413385112147
2021-12-20,-0.008290582037965224,0.011939545831137956,0.2916666666666667,0.011589498609264073,0.054235336129324484,-0.04177158667978054,0.009416246104883534,0.025968977009069305,0.7684528911532299
2021-12-21,0.014951590892632574,0.01274015612290265,0.875,0.012122183518573757,0.06597966641087064,0.025639346871810798,0.010942678122879305,0.032828782917914176,0.7704610020299527
2021-12-22,0.007940846649545882,0.007167910783309256,0.9583333333333334,0.012101854517244964,0.087680222402,0.3194696381864648,0.0032829867930577418,0.011108146395886791,1.3656659979769559
2021-12-23,0.004865264990554091,0.006391363514346125,0.875,0.012154244204232051,0.09113468772548443,0.08346394454607231,0.005848100424615364,0.018660466310825925,1.5574097381066432
2021-12-27,0.012674469596581759,0.011461678000452846,0.9166666666666666,0.01104808235509362,0.1142738066725807,0.4077225259521646,0.008576895812410805,0.024025594109192284,0.8163886720492938
2021-12-28,0.00020922819473863838,0.006469945945768369,0.5416666666666666,0.011007306854060423,0.10107216162564857,0.50293083216802,0.005512668968156341,0.017682508513075956,1.4041277941243058
2021-12-29,-0.0002817373847333234,0.005544092996922447,0.4583333333333333,0.00988866623474088,0.1107244821364975,0.7146160291168593,0.003569033400343928,0.010250038605934469,1.4656738956690425
2021-12-30,-0.003056142561182728,0.004453350683599747,0.20833333333333334,0.0095402467533551,0.09546084679177072,0.5583873446802305,0.0036462752626485223,0.010908981936537407,1.7444140641104764
2021-12-31,-0.0019920604322102298,0.008523961122556706,0.4166666666666667,0.009290900448159965,0.08963541333147594,0.49596373001431215,0.007493031675952836,0.02371943198275154,0.8496607606180824
2022-01-03,0.008904835957081178,0.01549385944209124,0.7083333333333334,0.009254039257375063,0.09095728654485083,0.029683616619279873,0.013188113471896173,0.034470382665829136,0.47859736115909307
2022-01-04,0.007605865568950755,0.02319042391416938,0.5416666666666666,0.008898085320145842,0.09512628595458684,-0.05654632868701759,0.02120643516994518,0.055088534306209344,0.3046316497137834
2022-01-05,-0.01157558896460637,0.021571964882928233,0.375,0.008752245490204858,0.09106380782637502,-0.2746762229285391,0.020532895341480686,0.05035260862058222,0.31650697608288086
2022-01-06,0.002037346916905866,0.01702433474311635,0.4166666666666667,0.008753773032458192,0.09787861086973804,-0.0170676618527561,0.011201221433915895,0.0381848739577743,0.40673233866485276
2022-01-07,0.0014088416902528396,0.016220284164145105,0.5833333333333334,0.008721990571131908,0.09852850010441494,-0.134111885356621,0.011947364327008506,0.03131095474596072,0.42420554685139567
2022-01-10,-0.0024190207467877692,0.011119944520705803,0.4583333333333333,0.008662572980461336,0.07895796295904417,-0.28894767046502157,0.008643301639239782,0.02875072594247874,0.6009579577757835
2022-01-11,0.007008406453370956,0.013967480696406928,0.6666666666666666,0.008446183541471428,0.07659418244388776,-0.07218052686254883,0.011648089306882109,0.03686898328925906,0.4704719421852305
2022-01-12,0.00024964628891425517,0.009526950190030643,0.5,0.008429791562495124,0.0731865767101641,0.06044592646815128,0.00548493063961269,0.01764019156596719,0.6852162158997126
2022-01-13,-0.009044824554230632,0.016744328800975882,0.2916666666666667,0.008315197639034108,0.05594608734715443,0.18609094644920532,0.015163282996712697,0.04491611782998898,0.3789838389816081
2022-01-14,-0.0005248759348584209,0.02098430955675994,0.625,0.008249216068290767,0.051919381150632306,0.030656978182119765,0.018420351202367086,0.05867622300761251,0.2937773219995697
2022-01-18,-0.0173017064080361,0.01934160308951544,0.20833333333333334,0.00813662298546479,0.03133145890326565,0.2824142468673252,0.018043903545412045,0.05833569208792937,0.3162687230678887
2022-01-19,-0.005501036786387507,0.014362586474779386,0.375,0.007997687324374154,0.02598451812581931,-0.2719979696622863,0.011313463042441286,0.032852796392609664,0.4161971006493044
2022-01-20,-0.011136992962543482,0.01052770475321838,0.16666666666666666,0.00769109647283666,0.010555833813525504,-0.3769804528014147,0.0062187034058139535,0.017446655511637044,0.5496864784657395
2022-01-21,-0.02355704075619698,0.04400539696981253,0.08333333333333333,0.008988011376141787,-0.02155053529206117,-1.158237478794701,0.029316963370870606,0.0913240862808969,0.1492486628847283
2022-01-24,0.0006790569588584714,0.012807661136636974,0.5,0.008865885132529458,-0.016485953989669684,-1.7158615445118173,0.007840940305389035,0.025043934335962786,0.49645569070240153
2022-01-25,-0.005626253633090966,0.025862467941230725,0.2916666666666667,0.008157223143316508,-0.03496992511411425,-1.7906920569431346,0.024453154661801674,0.07735165567841762,0.23222940174715062
2022-01-26,-0.0006221251576924621,0.011678315563822107,0.375,0.008141061253756774,-0.04015806612950341,-1.6987614393087607,0.008507688452399988,0.023602252648581436,0.5160564700370317
2022-01-27,0.0037247595147969215,0.02065884111313694,0.5416666666666666,0.008265950361029771,-0.03533355216536213,-1.051258748749528,0.014167801486104088,0.035053287546019295,0.30005658973803323
2022-01-28,0.012941363322066435,0.024006838893116625,0.8333333333333334,0.00900497741278068,-0.02491500492162695,-1.5641169038819784,0.019237161472183538,0.05887694018313313,0.27879899057893076
2022-01-31,0.018803425540175136,0.02569050344306477,0.9166666666666666,0.010161129663052697,-0.009525041021619465,-0.8318910183037314,0.017684641166191655,0.05213516526330301,0.29324651899042126
2022-02-01,0.01876498790114634,0.03300120850216832,0.7083333333333334,0.010890123823511936,0.002971962859671908,-0.1412810822160715,0.022530845508612434,0.05847978540409497,0.24322316264466642
2022-02-02,0.007214569078183182,0.02179165031083369,0.6666666666666666,0.010874748950883343,0.012632462971919799,0.21074143376453236,0.005958598522358606,0.019532984261458813,0.36743859984180904
2022-02-03,-0.031046897566705523,0.05550687079864322,0.16666666666666666,0.012627691773916835,-0.022782035852964937,0.06756909118923193,0.03851284106649817,0.12339071812383944,0.16179364427042303
2022-02-04,0.008439065499737062,0.03103939687807935,0.4583333333333333,0.01280720218195451,-0.0148815506182321,-0.03660530084212832,0.019124650089736697,0.05242302223862483,0.29964322033170515
2022-02-07,-0.00266138447914079,0.015458401696520569,0.5416666666666666,0.012792929403536437,-0.0078416492878271,-0.0047219340968940315,0.013724517766831886,0.04764610883402798,0.6057141068635519
2022-02-08,0.0035892114185877197,0.013366429212399115,0.75,0.012842658769023596,-0.005136811807199703,0.11511863520591237,0.011547530331087652,0.03474449907751672,0.704891438170782
2022-02-09,0.009756116587508967,0.017727619440373092,0.5833333333333334,0.012950242568108627,-0.0020602822609699124,0.2096504747375596,0.013858018461422405,0.03788086762528028,0.5392301571903375
2022-02-10,-0.014379697480870169,0.009406718755572589,0.08333333333333333,0.013276483584353125,-0.016521504224832527,0.03831675630189879,0.007060657030223937,0.021856925535024347,1.0913231110432815
2022-02-11,-0.016199288278692266,0.02130654403830996,0.16666666666666666,0.01357292544611666,-0.03366524443767065,-0.21132358509462557,0.019050942255879215,0.06175836644947619,0.49860234227391875
2022-02-14,-0.0029573888611578772,0.009600394559588948,0.375,0.013567718469195827,-0.030815879557321076,0.1520265353296094,0.007820976175111533,0.02212752384587713,1.119237167064807
2022-02-15,0.011797664341845288,0.020220601663249,0.875,0.013440053511290706,-0.02536032974812774,0.3480858284642223,0.016400058883046846,0.05792902404540549,0.5177846080266879
2022-02-16,-0.0021841339402333356,0.008136567039461437,0.4166666666666667,0.013400682941193683,-0.0212917759783032,0.2587405872899272,0.004459132882576843,0.015252500043605602,1.2663904954003182
2022-02-17,-0.016995752083622393,0.023739828548368487,0.16666666666666666,0.01370075866027638,-0.040422820165054996,0.20508941072498688,0.021810084445890124,0.06589867921749615,0.44638103002406443
2022-02-18,-0.006716527831188017,0.009584799379157951,0.25,0.01272597571644849,-0.055616623029224814,0.22392214755000361,0.005665114373181706,0.018378636132856098,1.0177556240746235
2022-02-22,-0.012554553473355268,0.018461551103956544,0.08333333333333333,0.013019396510712619,-0.06973644661864747,0.3291377131054981,0.009572831196747997,0.030840549041228793,0.5605573573540056
2022-02-23,-0.01484183709837239,0.014303249500534108,0.16666666666666666,0.013356216580699375,-0.05996806022492109,0.2799050436733713,0.013729341172284094,0.042346348105457385,0.7557399786915715
2022-02-24,0.006911365355016606,0.029739802316755774,0.4166666666666667,0.013482167531824584,-0.05871698613086448,-0.09625712090036975,0.0274716211636399,0.06848916499644342,0.3740441635804918
2022-02-25,0.0247561766143031,0.013619835697302142,1.0,0.01463520302815116,-0.014503101168138941,-0.20367199789974322,0.012144282693353745,0.034105726323928685,0.8939586796929693
2022-02-28,-0.0010172791217563093,0.01601910247537158,0.5833333333333334,0.014321145526714941,-0.005317341411445022,0.00037478618068920166,0.015196492356930972,0.05256811920099054,0.7228473720910692
2022-03-01,-0.01199944399756323,0.020477869287844744,0.25,0.013773151662745231,-0.029829091321556693,-0.010456729590970992,0.01866180067941269,0.06032637212298597,0.5488445546979166
2022-03-02,0.015807448629743037,0.013571552292303484,0.9583333333333334,0.013551247648958483,-0.008573705780417912,-0.07892116435978758,0.010005645783208342,0.02904422096806377,0.8172455035352935
2022-03-03,-0.0038751426756055696,0.014073672548422901,0.4583333333333333,0.013368640684460628,-0.027070376997361686,-0.08307987117481241,0.012380266621777793,0.029499240391065662,0.7762237418245479
2022-03-04,-0.002696978594974253,0.0196585270065734,0.4166666666666667,0.011604634790053907,-0.04608013898241593,-0.17244145871110872,0.01881157870566726,0.05272363656723296,0.48359792241732047
2022-03-07,-0.02321871248789512,0.02833452744410777,0.20833333333333334,0.01232829628783571,-0.0691949067737913,-0.4457090315138903,0.023890457439387086,0.06797409403004237,0.361601413250399
2022-03-08,-0.003925494894435509,0.024982435058321425,0.375,0.012329795562358007,-0.07083930057107775,-0.20358167744121736,0.01876422901047009,0.06150494955432573,0.4126503547100178
2022-03-09,0.018675851061083628,0.02972880871839312,0.7916666666666666,0.013188755864149294,-0.05854477754063854,-0.09518095534876636,0.029132595951692205,0.08620660518015874,0.3721421458646024
2022-03-10,0.0014445161192253632,0.020335487106805425,0.4583333333333333,0.012917263056747098,-0.047865627386640415,-0.038417424261140365,0.01652555661014964,0.04921070900060509,0.523604996089992
2022-03-11,-0.010829119812024932,0.01497927954404727,0.20833333333333334,0.012771998601203994,-0.05757936066184235,0.07503509987373536,0.012323272138304637,0.037959082962787646,0.6989811314233414
2022-03-14,-0.005502686898172265,0.018179787905624696,0.5,0.012387688088279683,-0.07577068707651922,0.14293462570444493,0.0167181300646642,0.04143768533224176,0.5465082291474221
2022-03-15,0.01819759667770253,0.027843754619200457,0.875,0.013179182565057769,-0.0534258995725736,-0.11637280037779418,0.02635255358547747,0.08950661297523352,0.3841943815303271
2022-03-16,0.018773417322282368,0.022598145267758725,0.625,0.013618951371100257,-0.016399372754496475,-0.2733532960487035,0.02064275299571903,0.04906660472666298,0.48881010381801654
2022-03-17,0.014318873708933921,0.011562131088763698,0.9583333333333334,0.014011540937535644,0.006210082992402674,0.09146983964612632,0.007934114304615882,0.023664966226482433,1.0078538838041147
2022-03-18,0.010038013522133293,0.017629206525175762,0.6666666666666666,0.013558391590456978,0.0012965056219033932,-1.1774612051316202,0.014561418748054257,0.0391304597269051,0.6412683281373961
2022-03-21,0.00043191208744808307,0.01678345621926709,0.4583333333333333,0.013421499627949713,-0.006212428940194406,0.029995971281129186,0.014637969948309482,0.04717746085943071,0.6548604092036827
2022-03-22,0.008001699488487992,0.012551952677576646,0.625,0.013034221087854427,-0.0030759944422605046,0.030728401818620243,0.010920212306026087,0.03055490977102012,0.8574903510898176
2022-03-23,-0.009211682392769344,0.014972211545187436,0.20833333333333334,0.012685354447403317,-0.024962146431611605,0.033453457353486704,0.012529440603419243,0.039418667501771844,0.7000749716528669
2022-03-24,0.011935327976116095,0.020377289696755806,0.9166666666666666,0.012810713218345399,-0.01323604665023415,0.4142305948609232,0.014569428501702354,0.04297770373272858,0.5267073719740824
2022-03-25,0.00641382159900962,0.010308250266524112,0.7916666666666666,0.011828172434058332,-0.006540487666491207,0.3512501400271246,0.008298916607768356,0.0273866942590566,0.952222802083553
2022-03-28,0.002180074776815491,0.015196494647602933,0.5833333333333334,0.011798448140332152,-0.0013042703284929882,0.29095307977564244,0.013976611101703002,0.043309394852055164,0.6497479165485424
2022-03-29,0.006508523120703723,0.013195735014038321,0.7083333333333334,0.011295999969797235,0.007196313224420964,-0.016207862973516507,0.011547659066562169,0.038431703346583114,0.7274581281047109
2022-03-30,-0.003208870213114732,0.014399061079662216,0.4166666666666667,0.011017786502025622,-0.004917392945774946,0.21999491424236128,0.011421062160249483,0.028537983569837756,0.6229167111538568
2022-03-31,-0.01638401245916488,0.009455100673505934,0.0,0.011743191268473936,-0.02890727097389058,-0.2319891976331212,0.006781597921806077,0.022589313970618845,1.0147812902204563
2022-04-01,0.002149201545448597,0.012374240422385325,0.7083333333333334,0.011688936515283894,-0.015182480463835612,0.337818893238339,0.0096169063996788,0.028584812356805177,0.7731763794439107
2022-04-04,0.007309894234341511,0.01609892378024095,0.5833333333333334,0.01005480153727957,-0.00990993314639997,0.3601026255048768,0.014733628819008146,0.04121203475197103,0.5448829757326427
2022-04-05,-0.011698708520972614,0.015582713284614465,0.25,0.01051167475719734,-0.02301748335762542,0.28231453387629346,0.01236382433434365,0.03618273608179845,0.587875167147067
2022-04-06,-0.007638373270180146,0.023109894765477985,0.4166666666666667,0.010149785927726461,-0.028236835881017795,-0.17794569924503167,0.021616110308654717,0.06059696482867971,0.3725164642511654
2022-04-07,0.003178731182499057,0.010856814059409373,0.5,0.010150746283995761,-0.0320665111518897,-0.09620419688511905,0.00927846990612977,0.02622342431363478,0.8009280616609463
2022-04-08,0.0013857873702655167,0.01834986710668006,0.5833333333333334,0.009679014369093679,-0.03093037007053844,-0.19194627184173707,0.01549884661023968,0.046796262765064135,0.448142777847937
2022-04-11,-0.017901333462001064,0.015452984679944912,0.0,0.01059634636806025,-0.039786878978308876,-0.01115721834019534,0.014477875431758469,0.0364307688795387,0.5722708544451267
2022-04-12,-0.0016563014719268299,0.011682773933376677,0.3333333333333333,0.009931756782286406,-0.040918304515377285,0.11236754157475382,0.009751215413632575,0.030952860824296713,0.6861579306374381
2022-04-13,0.009996723293237706,0.013350735604970061,0.9166666666666666,0.0092897073993952,-0.013619874814103471,0.29118107545088523,0.010139783727127458,0.03429361393223399,0.5675637289946543
2022-04-14,-0.008329684336799556,0.01870858555554634,0.25,0.008929419401699874,-0.016448522364515522,-0.3463195361593614,0.01618463160114806,0.046862197822057215,0.38901571658442013
2022-04-18,0.0033897965541694053,0.013881051568674306,0.5416666666666666,0.00864247255552643,-0.0019217328478026308,0.5926595631944062,0.01204269210245462,0.03477470401979317,0.5003600003509621
2022-04-19,0.014692940332483037,0.013841809695153199,0.8333333333333334,0.009300342537708048,0.03632824824087739,0.13178498891879553,0.012559824888472178,0.040114549258623754,0.5532928532247519
2022-04-20,-0.014515354806388015,0.07482651470375082,0.6666666666666666,0.009644349033776369,0.021133836475630906,-0.031673073381591976,0.054512960564221044,0.16562329264113893,0.10670358197934512
2022-04-21,-0.018390645529809627,0.018941682516712792,0.08333333333333333,0.010251464046713439,0.008369444578912241,0.01593118450978892,0.014319532527178548,0.04218692773918161,0.4457473772629585
2022-04-22,-0.025830175288917595,0.012680966639245698,0.0,0.011085067764345254,-0.01683860555231289,-0.23273318481282956,0.007065237415108534,0.02173038367486816,0.7206033994389555
2022-04-25,0.003622996891461644,0.018487976748059843,0.75,0.010971783581594485,-0.016940368175648167,-0.4561964328229786,0.01599697280374815,0.05050009987960195,0.48671666757582566
2022-04-26,-0.02439516169902316,0.015378369533541172,0.041666666666666664,0.011817085480973332,-0.05427689319673776,-0.13027931579546626,0.013990957616459602,0.04042203828258069,0.6573623268121317
2022-04-27,-0.002583808354260466,0.020838692057147022,0.375,0.011527001508916017,-0.07566412709117337,0.09228965845444659,0.016940965703146144,0.055107844320672214,0.47569804350669087
2022-04-28,0.03505378254532427,0.035086278254944425,0.9583333333333334,0.014651212027673359,-0.05937533244699543,-0.04304060249111896,0.025718924500847992,0.07964668274484436,0.3279108309474917
2022-04-29,-0.032315642161436266,0.02865231409057215,0.08333333333333333,0.015782193486173917,-0.09890554368661489,0.14364551570556028,0.01749579869427558,0.051048683097898784,0.4293458498207344
2022-05-02,0.00975928134314528,0.020701830495243195,0.6666666666666666,0.016033665629384932,-0.058099364776764084,-0.26764383460236063,0.018136967767533867,0.05362745683608446,0.6126152049861595
2022-05-03,0.00478469747941888,0.011813617621140726,0.5833333333333334,0.015950944853741426,-0.06175373279708225,-0.009424393602705416,0.011096233544383985,0.028339949015890986,1.0628409262389513
2022-05-04,0.03098368137606806,0.01276481036045156,1.0,0.0176293968390345,-0.02810866694187341,0.03005148450384243,0.010231543170962398,0.02599742122704559,1.059181026247733
2022-05-05,-0.03366693085433993,0.022880218119656848,0.0,0.018988659262425937,-0.06536480921480106,0.13602541231224807,0.020882940706144167,0.05299458267359606,0.6477942097901233
2022-05-06,-0.0013244070956031039,0.01707640622388796,0.4166666666666667,0.018936457559702625,-0.07644533289791314,-0.08798381489133655,0.0146451659335155,0.0520269215120593,0.8625325738444795
2022-05-09,-0.028648470922971944,0.031166646635049377,0.16666666666666666,0.019715023784662625,-0.09071410634001491,-0.02481022050640691,0.02732085534615199,0.0834924635744766,0.5163241005159167
2022-05-10,0.0014282681956624226,0.015211860551275201,0.5833333333333334,0.019515025826934398,-0.07308654986566022,-0.18174120758141066,0.014233620330467564,0.042101427534648364,1.0037192672886037
2022-05-11,-0.014132556140828085,0.02331135175308488,0.25,0.01963863800739817,-0.08426171714533043,0.009693475680178198,0.020589866603739983,0.06204334029794367,0.6817386837279541
2022-05-12,0.001355792594096498,0.016741950484728648,0.5,0.01939599048650765,-0.09470358889307921,-0.18515670528154993,0.013104971438996409,0.04283552060649598,0.9234410135911317
2022-05-13,0.022746045851846124,0.02455831299438117,0.9166666666666666,0.02033332700854881,-0.06977340910099974,0.27507430872327543,0.01862987063182262,0.04857999247761099,0.6588816505663413
2022-05-16,0.002523615434375052,0.01459861917446091,0.5833333333333334,0.020319022912838356,-0.050254041583002305,-0.05159952673474377,0.013507438418815767,0.03936352034717009,1.1054273388475386
2022-05-17,0.012624544325364093,0.030659760398182186,0.8333333333333334,0.020226913455157168,-0.0309129694264502,-0.26466197097508903,0.023252785899063756,0.07265807307952525,0.5229751549352518
2022-05-18,-0.04221680038671141,0.020419991963519523,0.0,0.02189708806175071,-0.060575216339806344,-0.1247436727635376,0.01807922928138037,0.04463783899593762,0.8530544602883795
2022-05-19,-0.005209579797731835,0.014801096911671606,0.3333333333333333,0.021667824636036122,-0.05094295903916579,-0.14204310156640254,0.00950922569454619,0.029031384573710795,1.1323695829403517
2022-05-20,0.0011661168407717803,0.015814264266753073,0.625,0.021087260184815538,-0.05668820755341062,0.05447194218498852,0.010106965355577435,0.028273787229699015,0.9818420100115087
2022-05-23,0.022795376268270634,0.016908571044856748,0.875,0.021823399374584183,-0.05864900789944308,0.20900635679056023,0.014297388131633334,0.04669278031060594,0.9749923834265758
2022-05-24,-0.005297325480255438,0.02531601161707575,0.5833333333333334,0.021199127513349007,-0.06292905425794221,0.03194096421701764,0.022835151788542535,0.07075965047809574,0.6134787899192015
2022-05-25,0.008608940927588857,0.01576823529341789,0.7083333333333334,0.02130284347842443,-0.04232066933279012,-0.0013761996983292502,0.010928718356033327,0.028289332936409818,1.004049756138486
2022-05-26,0.018150826153458238,0.01454741257553213,0.9166666666666666,0.02012281956754543,-0.03997729180907492,0.008129816411309831,0.011381156341415639,0.032143106743245164,1.0302137856943945
2022-05-27,0.019645825150975266,0.012239883338457415,1.0,0.01924193240149315,-0.016456323982494088,0.16440644180144404,0.010558798520856576,0.0316662407693491,1.1726789981629926
2022-05-31,-0.004314326889946869,0.014323110768696183,0.3333333333333333,0.019173657196648812,-0.018073672277466705,-0.44717459689560735,0.00974126441264029,0.02765088569575606,0.98311090626272
2022-06-01,-0.006255018931203504,0.014079904653294862,0.2916666666666667,0.019205732395082716,-0.001109978720775089,0.1717177509747283,0.011632697373577455,0.03548791149266868,1.0053138021492987
2022-06-02,0.0170702408648937,0.02125932311815658,0.75,0.018254644862808835,0.01988575703855412,0.1340780199089826,0.018190674953066966,0.055439438684479425,0.6330893218255855
2022-06-03,-0.011149752308265487,0.017988449087324568,0.20833333333333334,0.016742747131773133,-0.009939846330794996,0.40762229888144164,0.01679362392582898,0.05026260597164045,0.6856172796314893
2022-06-06,0.0020548903772980714,0.008095139946177643,0.4166666666666667,0.01674064780996491,-0.009329472072722288,0.43964152999101647,0.004521684478718904,0.013988604405147894,1.5280422295807856
2022-06-07,0.00904426382731166,0.014289461127769954,0.8333333333333334,0.01533136401680988,0.010543911566614304,0.3501578080566158,0.012592135186244644,0.0427034602774636,0.7970563225234949
2022-06-08,-0.007084177195713091,0.011740743409806579,0.25,0.015481045730728917,0.008962421269073477,0.34857072138085277,0.008765596210215899,0.025500113101756816,0.9941705035130802
2022-06-09,-0.02410368829115843,0.014801201487585285,0.041666666666666664,0.01617647018264718,-0.03333886369978748,0.04661872538800338,0.010418883240329423,0.02967268035332693,0.8222884746937794
2022-06-10,-0.02861127212580296,0.019128582158919383,0.041666666666666664,0.017532094714492324,-0.0807235531478728,0.08782700000181876,0.018129931575713604,0.04607281333062167,0.7075083379944387
2022-06-13,-0.032721369898674524,0.021922220658271197,0.041666666666666664,0.018139411429094646,-0.12776379675548125,-0.2988627640053543,0.01730049866980528,0.04434081097714315,0.6400992760965646
2022-06-14,-0.005625525846515096,0.011584005619962916,0.4166666666666667,0.018108251437077505,-0.14342733612412964,-0.19854224629374717,0.008989465297254369,0.028719263812968115,1.2247484643779865
2022-06-15,0.013509714466852252,0.02266310198211811,0.75,0.018149667428944603,-0.13034953374472547,0.06397674583992308,0.019663889741710974,0.06317441922914006,0.6279701522191996
2022-06-16,-0.025876346796734825,0.020895314658315255,0.16666666666666666,0.016593759319873523,-0.1642275800299483,0.13609964573220046,0.019218765781946163,0.05332841666142348,0.6419969807266223
2022-06-17,-0.007077162814621711,0.024974443086767058,0.375,0.016616765648587876,-0.16209306045180066,-0.5065806278959275,0.024094142644081936,0.07628264534004736,0.5408772490295496
2022-06-21,0.025061627664846067,0.024402813673310805,0.875,0.0177029328011299,-0.14896676076307067,0.0822249803587991,0.019238181113146298,0.06306197921596894,0.6025077194315415
2022-06-22,-0.0047603220632003035,0.023787637707836432,0.375,0.016793554061831695,-0.16014090442528062,0.13565211192327964,0.020612539891224853,0.06459843245142438,0.5801808095983936
2022-06-23,0.0032322169112888647,0.02563422115982118,0.6666666666666666,0.01682668775658289,-0.15908876229080723,0.036457031224047864,0.02305016672550246,0.0657840809855657,0.5343589489189319
2022-06-24,0.02842116642065304,0.01907901245659819,0.9583333333333334,0.01802813709323763,-0.1371761189908579,-0.5383254973509946,0.01598099950909978,0.05155771744018271,0.7698766790673647
2022-06-27,-0.0006606259681432811,0.013318662847797034,0.3333333333333333,0.017454175975005915,-0.13462787474588647,0.18691187202695858,0.011528323450741621,0.032889957354183916,1.0371894610268508
2022-06-28,-0.017180418469490432,0.024080108201020467,0.16666666666666666,0.016985561137606676,-0.13542428075621202,0.008005074129484702,0.023049492485304808,0.07055696465986439,0.5685483757938647
2022-06-29,-0.001560321263991175,0.017611247539254006,0.5416666666666666,0.016992771508473756,-0.1391338035656518,0.5367927075254836,0.014386170018154329,0.04810369974900404,0.76956536413019
2022-06-30,-0.012083599804634707,0.012221624129020184,0.25,0.017088363115142034,-0.158527297604628,-0.30891088893685636,0.009577771257939623,0.026048771751673083,1.1327819463970377
2022-07-01,0.010755945023454705,0.014577512065373405,0.8333333333333334,0.016733132649577674,-0.1360726440602007,0.11276705750759242,0.00872938321737024,0.02959656145785187,0.9280541368281825
2022-07-05,0.00010451730792212603,0.027384330664227453,0.4166666666666667,0.016680545481915606,-0.1283297534820984,-0.41594184154131963,0.02573379279761276,0.08427427680293875,0.47386437105314033
2022-07-06,0.000867285633052541,0.010235660704346646,0.5833333333333334,0.01666086550523827,-0.13064119903154492,-0.11731343099238223,0.008989756139468426,0.02668711323755683,1.2619682073105216
2022-07-07,0.016590272468037317,0.015938002261523865,0.8333333333333334,0.01704839551875839,-0.11543671393377312,-0.03166025258695626,0.012458512455719497,0.031409965983192824,0.8341308153678395
2022-07-08,-0.0019421049341469914,0.004735460280154627,0.3333333333333333,0.017029310172838492,-0.09947748540591907,0.17981359349735804,0.002384130721833014,0.006487119229532119,2.7531167906312497
2022-07-11,-0.01262349762904555,0.017173651462755995,0.20833333333333334,0.016471360737787114,-0.11044468156303779,0.348261787128194,0.014938129439804708,0.0475722591198704,0.7257201942513011
2022-07-12,-0.009639585527522651,0.011290482338885454,0.16666666666666666,0.015406975796763362,-0.13008099038379814,0.22287826566958768,0.0051027772712804835,0.017246805563869295,1.0198573453309245
2022-07-13,-0.0032541537653147565,0.009894390303304535,0.4166666666666667,0.013581070257971893,-0.12500545981231334,0.32994399527717344,0.006321273758185463,0.018953939125320028,1.014849852407764
2022-07-14,-0.006394138018235652,0.01555967760115542,0.4166666666666667,0.013598346083282208,-0.1347893943847184,0.24169322979484387,0.014318196544839486,0.04234808342297206,0.6478123394286107
2022-07-15,0.02469939904238461,0.021082516167616038,0.9583333333333334,0.014399778519811628,-0.12478293567481681,0.18771916191631122,0.01663969206715435,0.0487518811344911,0.5046473244345732
2022-07-18,-0.0025860177898773123,0.016313507294522404,0.4583333333333333,0.01304675943448761,-0.11285359865830612,0.05464093352613375,0.012292830053710605,0.04280028090542513,0.5807898175994637
2022-07-19,0.029021993162166835,0.01833053003567993,0.9583333333333334,0.014240383997639954,-0.06544095996632966,0.4173565054152002,0.015542686779526634,0.04610574440048417,0.5767405755748679
2022-07-20,0.008950318974524094,0.02354088623621221,0.7083333333333334,0.013374117463624186,-0.030660465702887968,0.16551685415028194,0.018489790288521088,0.05902823833229787,0.41486947053977125
2022-07-21,0.005366243229385341,0.011162006556493085,0.7916666666666666,0.013276198024906807,-0.02891721936496427,0.194010271875652,0.00879745396246041,0.02754583665058234,0.877681895058979
2022-07-22,-0.010344388056609232,0.020684431467675114,0.2916666666666667,0.013606904327765377,-0.014866445722550345,0.434533964433353,0.01771727970795122,0.054913775019141596,0.4908184032176696
2022-07-25,0.0037647610845493638,0.015435103670034608,0.5,0.012157942165905926,-0.008517876283740514,0.5652110986861782,0.014952499285263514,0.045947731911720746,0.5778697408388987
2022-07-26,-0.014780657241079312,0.022843557618565775,0.2916666666666667,0.012664523935331896,-0.0583523160701441,-0.03191539395559895,0.010803256461987687,0.03623003521083986,0.4213652304949323
2022-07-27,0.0269267967382698,0.025698594665362517,0.875,0.013270313908736956,0.0008901228295619713,0.24656804583904834,0.023329247575551007,0.06661911585108427,0.3935156753275928
2022-07-28,0.008165938606279977,0.017269416961140028,0.7916666666666666,0.013288343353475713,-0.0007032199073033311,-0.10655583223030107,0.012461694179622876,0.03990094088558808,0.6047153025098568
2022-07-29,0.01786721677280041,0.033205439029664795,0.7916666666666666,0.013176932808686882,0.012379299386078197,-0.04783834117288954,0.023387265569508674,0.07117583281943492,0.3232079401403195
2022-08-01,-0.002920501000469436,0.012903127366723707,0.4166666666666667,0.013194193065719258,-0.0215248829904593,-0.14736547600832384,0.010801126065842768,0.03568168191102924,0.8013940384523436
2022-08-02,-0.01057881367618583,0.012329858670845002,0.20833333333333334,0.013566600447245851,0.001563234187694799,0.11173072119922234,0.007924574487557012,0.022175351242516943,0.881129659108436
2022-08-03,0.010059608748100851,0.021828084386889494,0.75,0.013633331072153606,0.012947250031398756,0.026082839537238223,0.020198352285223306,0.06510741647291865,0.5187729771674624
2022-08-04,-0.004573821881685948,0.015602788774355067,0.4166666666666667,0.013409263212762172,0.037021899072684744,-0.02527202292319819,0.01328286411828992,0.03681768316739512,0.6872487956483874
2022-08-05,0.0034813666314485923,0.013122946922087144,0.5416666666666666,0.013363947354432163,0.03907499750847092,-0.3323448471205923,0.0117477542074341,0.03467565202640251,0.822982897280445
2022-08-08,-0.001264228367641886,0.016605834324009038,0.5,0.01289686678223314,0.05194332528165712,0.057722885575100635,0.011872779149375321,0.04065762687028174,0.6161688245277128
2022-08-09,0.0009048607470559846,0.013478425961087151,0.6666666666666666,0.012537746391740337,0.051492393434616604,-0.023983703540609858,0.009797142998921244,0.027973652273271976,0.7267362824845156
2022-08-10,0.02163024164659785,0.018833681667288757,0.9583333333333334,0.012993312453009793,0.05037658922936833,-0.09776823720632977,0.01685048592969383,0.048702447674494796,0.5688779156428092
2022-08-11,0.0036354161328657395,0.015987795754148295,0.4166666666666667,0.012705749368992889,0.05148838992785902,-0.15976071780172685,0.015561777832188272,0.043861839945303016,0.6615126712357937
2022-08-12,0.015292558423203326,0.010224150945132024,0.9583333333333334,0.012133302121458526,0.05415640402569825,0.04562231226187208,0.00617164717488215,0.01612536986636378,0.9884231463104011
2022-08-15,0.0014708438655404905,0.009105869804217855,0.625,0.012026187661940153,0.09784404827795014,0.21055473367965272,0.008327898847737407,0.026897216384892952,1.1036868487475875
2022-08-16,0.004807330963721411,0.014559259411656728,0.5416666666666666,0.010689047784444319,0.1078609590394034,0.1949817378365558,0.011187842232609694,0.03106208721135669,0.6071253619070519
2022-08-17,-0.004881926824584715,0.010690057678850036,0.3333333333333333,0.010825285165444126,0.10181291537404691,0.16604045672068535,0.008601527385490132,0.030271082970779184,0.8078418556140816
2022-08-18,0.005665834831912062,0.010775855785651964,0.625,0.010827917055519078,0.08468337393768834,0.06683432038190318,0.008935592435183746,0.028339688493407622,0.802799868902172
2022-08-19,-0.011415329724053814,0.01497551074579052,0.20833333333333334,0.010903495702735043,0.07856536969388996,-0.5333113534368079,0.012551077370603073,0.035901368002778024,0.5812424593163922
2022-08-22,-0.01905272072502311,0.014606095523887499,0.041666666666666664,0.012028024685301484,0.05090370804127799,0.020274292989564513,0.012682357693718614,0.03679761230796571,0.6482773347565955
2022-08-23,-6.395310769100974e-05,0.016672967059426922,0.2916666666666667,0.011344533332320618,0.03268892878012874,0.2572505775082955,0.01547042948235758,0.04691083050447997,0.5237799270897606
2022-08-24,0.0025407169104334124,0.008108004109775425,0.7083333333333334,0.009883081780177131,0.015583820539586887,0.03975798506819339,0.006421178826609202,0.019833215990040953,0.9266968020287432
2022-08-25,0.014407492719061379,0.01019205089208787,0.9583333333333334,0.010180810205337081,0.034305640148595135,0.20918159192099195,0.007695261761833886,0.022739294006886086,0.7678277186664183
2022-08-26,-0.03169266834867674,0.018447116553441043,0.041666666666666664,0.01206277353626532,0.008867990731121898,0.3516790526887962,0.015762493966555907,0.04975351467649314,0.4616988101703599
2022-08-29,-0.004148184292769072,0.010626518192864328,0.25,0.01208084515382294,-0.012350434426540872,0.27666695904731864,0.008880126322355117,0.03154570946213816,0.8072630915150575
2022-08-30,-0.011798597459079421,0.009752084485115201,0.08333333333333333,0.012138998199375514,-0.012999279577354807,0.011336185564849721,0.008848716043421417,0.03102290685412105,0.8859013814681165
2022-08-31,-0.006034941862889841,0.011982863696331727,0.20833333333333334,0.011951621452309711,-0.021089111817542718,-0.3150006117058908,0.00866676270988281,0.027937059150396792,0.7041849083103509
2022-09-01,0.0031818124068149906,0.021220473062698864,0.75,0.011957241473505003,-0.026951563238039388,0.012043326575138291,0.016425119864099755,0.04466126436893562,0.394362146160794
2022-09-02,-0.008407774573445442,0.012822767341313898,0.125,0.01203544535860072,-0.02827516061577174,0.11038886025100836,0.012638977042278789,0.04111610821325162,0.6718418471882182
2022-09-06,-0.007306464806399474,0.008084950238922006,0.20833333333333334,0.012111124104228025,-0.011477937131012785,-0.42755769808560573,0.006078455288600234,0.020790523605488907,1.1029113668088446
2022-09-07,0.012895959422921377,0.014154792272658045,0.875,0.012529324763771894,0.03002929441771155,-0.11847308399289025,0.012807103119422613,0.04110785561075381,0.672319188375993
2022-09-08,0.00648617806594803,0.010270815756333908,0.75,0.011507989023553263,0.0692368423823341,0.11736638826004087,0.007811739346411524,0.02535056062827427,0.8528373481872605
2022-09-09,0.015715228551568924,0.013155391493845469,0.8333333333333334,0.012105403934261315,0.09057759678041813,0.2225171322795526,0.011125716679183476,0.0311723326542247,0.711748175542125
2022-09-12,0.00968262734687006,0.009356264428750762,0.875,0.01176538375454588,0.08675050966043593,0.0578716147218169,0.004957724160484614,0.013847656855042672,0.970775185934219
2022-09-13,-0.04336820943395533,0.023339272908578686,0.0,0.015013771613755488,0.06925864702321544,-0.20711686219708825,0.021137191487580184,0.05669774204153544,0.4789222724578732
2022-09-14,0.005556414015360607,0.015647788043547023,0.5833333333333334,0.015036868843601751,0.08189222385319775,0.041759048169028645,0.012626275652205357,0.043658565135414884,0.7167244175510127
2022-09-15,-0.007078334785645721,0.0192725306056704,0.25,0.015054719274404407,0.04975226140270596,-0.22578957797610855,0.014895148355434741,0.03695433958643598,0.5876224768424514
2022-09-16,-0.0052165485261422935,0.016301767208891083,0.375,0.01489374820591584,0.04929603493976397,-1.2107529973748852,0.010804814950089937,0.028968457071511928,0.6933302205464599
2022-09-19,0.00724912895836644,0.008751286403702459,0.75,0.015005858195363795,0.053312946986841546,0.16817686990871727,0.00671816703758423,0.01868248703189801,1.2677219444285868
2022-09-20,-0.010219560837735989,0.009012054992909626,0.041666666666666664,0.014644148642963551,0.014672219728452517,-0.17407718277742523,0.006435920936248643,0.015887341386245958,1.1820322701059667
2022-09-21,-0.01558241179920635,0.010642514654808637,0.08333333333333333,0.014895990590392923,-0.0002495661026105517,-0.3455358650534879,0.006827901416192673,0.019368300708784553,1.0738498491050505
2022-09-22,-0.00548740308937129,0.01732321335575719,0.3333333333333333,0.01482820537339442,0.01144344927750859,-0.19989836699418007,0.013419986512101523,0.03959907478893861,0.668224585553831
2022-09-23,-0.02260635919835267,0.021984119143658325,0.08333333333333333,0.014711579039255206,-0.009602588656852906,-0.5286687397914958,0.02004098928484422,0.06402243920700808,0.5451999377711471
2022-09-26,-0.01115087769137943,0.010831312188389813,0.16666666666666666,0.013482468724524565,-0.008669866543597629,-0.24532023905681588,0.007665351933463656,0.022015217175050766,1.0117565319516706
2022-09-27,-0.003947309647573639,0.012864704141501152,0.3333333333333333,0.01348311888900194,-0.023373121214625973,-0.5641885656643972,0.009199700671469004,0.02451268652520955,0.8510578248458498
2022-09-28,0.025508599148923543,0.02218231942805269,0.9166666666666666,0.014972778068485224,0.002030960626375443,-0.2556521132342049,0.017135919258850534,0.0485163303887978,0.5244765880402296
2022-09-29,-0.016426707909364582,0.012882357095741198,0.041666666666666664,0.015260938097580175,-0.01526303291604168,0.14853894993904404,0.01084769756907015,0.03396549615210402,0.9434372468051846
2022-09-30,-0.01394460767076342,0.0061684323979672466,0.0,0.01534500068787878,-0.04579791305484242,-0.17250131800346136,0.003648912456069817,0.0118249105891504,2.0575463027117253
2022-10-03,0.028263854388040414,0.01623051246976772,0.9583333333333334,0.016946117915818966,-0.015591953732655012,-0.20600997001527022,0.014784713695361225,0.04903347345372,0.8431427713810397
2022-10-04,0.02871850803463517,0.016236851156389367,1.0,0.018276198904639218,0.02575005193102571,0.015639639247212567,0.014417912629691308,0.03772643847200211,0.9087501809302431
2022-10-05,-0.002177972082442354,0.011496162665058743,0.375,0.01799255374329923,0.033211665376106,0.01892301551471398,0.009632271771000983,0.031332465305048664,1.2368772496843976
2022-10-06,-0.005821037677339806,0.01370394631229378,0.2916666666666667,0.017915290520045177,0.030644781464080957,-0.02161609527748909,0.01292128453123961,0.038208168227761005,1.0351824734547885
2022-10-07,-0.02473018082705263,0.020824270129760337,0.08333333333333333,0.018078483084370784,0.012308738655263975,-0.16040253902882395,0.017087033841828275,0.05215057197811993,0.7028737411789683
2022-10-10,-0.003135076320136751,0.014105349029530168,0.4166666666666667,0.017787573028215792,-0.015525736707257383,0.14002459588784655,0.009923452242877285,0.025496059327836978,1.0144701185438199
2022-10-11,-0.00752648798118465,0.019727501779707148,0.4583333333333333,0.015331091844918958,-0.02046620689856472,0.22346311560446785,0.017120595959722762,0.048589902044548085,0.634513643401466
2022-10-12,0.0016747136475893005,0.008956590532225259,0.625,0.015241542708579189,-0.04781348641314225,0.17685908775230708,0.004738493851661418,0.012348210302043732,1.3758900740995033
2022-10-13,0.02963595006865043,0.017266649184644118,0.9583333333333334,0.016871359916293748,-0.027127855319015917,-0.1656470567116859,0.01454837420187532,0.039963765459267345,0.7790257757234789
2022-10-14,-0.01956868499203786,0.01712641054787427,0.125,0.01734327758391615,-0.052062783540439125,0.5094194646644499,0.013901186463372808,0.03885393815004316,0.8273053807101434
2022-10-17,0.027938713825574103,0.01991036031472993,1.0,0.018506057639019535,-0.013779681658255785,-0.1259735158527604,0.0164395603876258,0.044428141185220905,0.7635849176782686
2022-10-18,0.0096561867358543,0.011954624940502378,0.8333333333333334,0.018520219932671337,-0.007888256006950848,-0.1642897480107508,0.011002829367125624,0.03500860428911874,1.2693900655436139
2022-10-19,0.0035666743085714103,0.03146110849951958,0.4166666666666667,0.018165763780745695,0.010459075542699873,-0.14088180184612065,0.02079079240914728,0.058859290764293234,0.46324798957622365
2022-10-20,-0.005287863344632261,0.010060810215491659,0.375,0.018162112755508143,-0.021755584540202186,-0.030528224755482114,0.0077182975566771955,0.023996476729239546,1.4476287657805895
2022-10-21,0.0281428674643954,0.017972229917090275,0.9583333333333334,0.018245384466844643,-0.001778655682086766,0.06761801265724288,0.009454634499069808,0.028962720336370703,0.8257819845824603
2022-10-24,0.009856256580621827,0.011223543887336148,0.875,0.017961887743957922,-0.009789615874265344,0.08255882680952986,0.0075854646658495605,0.022355929199664892,1.3165549830871022
2022-10-25,0.013107697514462313,0.016853052496015847,0.7916666666666666,0.017943587792860743,0.006238582640666405,0.05802571139843138,0.01328477606605711,0.03848633997755143,0.9039568368825249
2022-10-26,-0.0057580435701725385,0.0307856314053428,0.7083333333333334,0.01745222842812847,0.011059352746679699,0.2049926673564164,0.023162078884506467,0.056591896262278896,0.46277771794225886
2022-10-27,-0.0076572440070163394,0.05587948349602956,0.625,0.017021915893138007,-0.006657500008437494,-0.10361161338848168,0.03657411568541992,0.12490398683098691,0.24711092852244784
2022-10-28,0.019741670487217398,0.02592297373268013,0.9166666666666666,0.016792120386089765,0.017657992360465852,0.05124072302386529,0.01655441723006717,0.057394292240414514,0.5438528904231453
2022-10-31,-0.008359459323550778,0.014063451353787363,0.25,0.016215657487690858,0.005817166405466482,-0.07554667951918592,0.011166692297662255,0.03285713578821685,0.9317104393530082
2022-11-01,-0.004007458035161375,0.0177864262710218,0.4583333333333333,0.015221470559271597,0.0030739367379469936,0.02679521821426345,0.010927838054103639,0.02953781357114963,0.6672229574874248
2022-11-02,-0.020135166121658537,0.015144196025263169,0.041666666666666664,0.016018478917622175,-0.01796609013076753,-0.1586641911976403,0.013909198808689651,0.04227067784222641,0.8429217120769653
2022-11-03,-0.002799467962033166,0.022015137960128568,0.4166666666666667,0.015959273696979387,-0.04239579973939855,-0.13130633466531294,0.017265033002022038,0.05308296942058484,0.5729826984833939
2022-11-04,0.013851898545070565,0.01832212226886708,0.8333333333333334,0.01489009435379561,-0.03217931732719372,-0.1472025505212482,0.010569378520030584,0.029047245440699216,0.6587871680285385
2022-11-07,0.012793856769997591,0.014036784467745287,0.9166666666666666,0.014934186974126379,-0.034678018980399454,-0.3501539506845337,0.0060255515140418955,0.018479051452212885,0.8943157952676772
2022-11-08,0.004635027261207611,0.006731596615233551,0.7916666666666666,0.01466634877385145,-0.031513835584732336,-0.09483879461444733,0.004280300874759738,0.011995620301981239,1.843358379525128
2022-11-09,-0.019984990510108585,0.02329839905454197,0.08333333333333333,0.01569259951831929,-0.05630615705856233,-0.2724668256260421,0.01629783211517423,0.051218454290474336,0.5718958989502837
2022-11-10,0.050204074019105795,0.03940840430895945,0.9583333333333334,0.01797169863568973,-0.0012201562148718217,-0.11781498268332369,0.03324339514823046,0.09779216486233366,0.36420315210934406
2022-11-11,0.010972269828888664,0.024844991748666636,0.75,0.017048323130146894,0.004086278782104779,-0.4493016227015989,0.021746173034203575,0.06784216088166364,0.5603883652532197
2022-11-14,-0.003924220729366462,0.014880837305754053,0.4166666666666667,0.01641896554767179,0.01157738777679213,-0.44110284200496475,0.010212643953684,0.0265996031360937,0.8549330521230358
2022-11-15,0.008547858889515961,0.018518005150363528,0.6666666666666666,0.016404040612940655,0.0391779673913312,-0.3745886976433941,0.012379749198100195,0.03859313716362127,0.684020938583067
2022-11-16,-0.006549247468596438,0.01625540034541781,0.4166666666666667,0.01660128379786212,0.03269267303042578,0.09780311702235467,0.011298699557917031,0.029856481724046313,0.7884045701311564
2022-11-17,-0.0026933934455823003,0.012463133242750554,0.4166666666666667,0.016531840096098704,0.02745856267441006,0.02592618680602199,0.009696678762615239,0.0316899919517476,1.0178907807204602
2022-11-18,0.0016066117012019515,0.01252044662914401,0.625,0.015571347676769853,0.014657681656550636,0.12292781375336237,0.010366384241604343,0.029799432493639737,0.9072596190047746
2022-11-21,-0.0028422624911854564,0.012951460362227567,0.5416666666666666,0.015543336330313713,0.043508087514041914,0.05866985458721086,0.009709481485434851,0.027565285822764442,0.8499887754867502
2022-11-22,0.014683497341628595,0.011116550450109857,1.0,0.015603614288046094,0.06233976914843959,0.14625946488336572,0.008385061684038127,0.024617756088581043,0.9973764770980494
2022-11-23,0.0036685735421337954,0.010690454500013897,0.7083333333333334,0.015479217935523539,0.07780694014965281,0.10759853232996186,0.008902670168781525,0.02837326081609829,1.0273569214477356
2022-11-25,-0.0010862824661571162,0.009106943054334514,0.5416666666666666,0.015307940894072643,0.08275559954638553,0.587866643794423,0.007451131083753914,0.020198490646302785,1.1699166540738815
2022-11-28,-0.014182138837858007,0.011628620683319055,0.20833333333333334,0.015283229999713134,0.06539164830171253,-0.07402363147978597,0.01067698311207556,0.02824612422617312,0.8923145785798215
2022-11-29,-0.00027084913803883853,0.011113369481529045,0.4583333333333333,0.015108488906760318,0.07352857373711914,0.15066181655486321,0.009733882538156446,0.027721517491992774,0.8972937750156434
2022-11-30,0.03001186684784962,0.027138611552899507,0.9166666666666666,0.016253432117062653,0.11084690539136824,-0.8656523191939776,0.025747015389723994,0.07114585703950353,0.4153557256931564
2022-12-01,-0.00042917199407668344,0.012941208857165997,0.4583333333333333,0.015293418526755273,0.09752177397437017,0.07620358045899445,0.010169525215859801,0.03533040167717032,0.7948931280700225
2022-12-02,-0.0009903592743093863,0.009228631739723396,0.4583333333333333,0.015251330281473068,0.09004523663411275,-0.0004790271672834301,0.006963402605253817,0.019998765044594226,1.1048682884597996
2022-12-05,-0.01799723183429998,0.012119290962488663,0.0,0.01591582934684957,0.05633277624824385,-0.002431289251060509,0.009780974748186694,0.031165454161897976,0.8584404196381364
2022-12-06,-0.019852753006660173,0.01697787021525483,0.16666666666666666,0.01655318673505775,0.026797395894713617,-0.14871441421295062,0.0119826001765298,0.034897139902441844,0.6335679266604123
2022-12-07,-0.00044315406033029286,0.007713958906845775,0.5,0.01654435966670223,0.06972245126833865,-0.05256132480430975,0.0042521916280401735,0.013394325515284893,1.3672668598201507
2022-12-08,0.00813581226567645,0.015913242808635805,0.7916666666666666,0.015807815351282083,0.0723018495186545,0.0090391960446915,0.010637241878857017,0.03203743444948022,0.6255532941231151
2022-12-09,-0.008583092921304764,0.011922252912770324,0.125,0.011380577743540739,0.07079709138299545,0.24303289372874903,0.0090636544600142,0.030080273719911697,0.6604064233362675
2022-12-12,0.014013524248951395,0.01103729912670907,0.9166666666666666,0.011555435244364323,0.09002716415808915,0.1345398247005274,0.00995205881748123,0.032293064729913036,0.7271339693798015
2022-12-13,0.010858372670137265,0.013451386659813632,0.7916666666666666,0.011759418643776047,0.09363640786985997,-0.047269981306576,0.00993057100683796,0.031145212799119526,0.622411869795342
2022-12-14,-0.003962145771433792,0.008823642701347147,0.375,0.011656770442436879,0.09989382293616215,0.2238045147859541,0.00645743796259432,0.019216906221986203,0.9228634184300532
2022-12-15,-0.02458910117647277,0.01835073722943978,0.0,0.01284066431307506,0.09088713355889574,-0.15232243429438053,0.016819942396353718,0.0517981188684982,0.4928962601706091
2022-12-16,-0.0076486456647405264,0.010924852748699646,0.16666666666666666,0.012927704352702206,0.08872589098352651,-1.7658546920529874,0.008016340113809448,0.02569027123494975,0.8506084774303647
2022-12-19,-0.0063101064166264055,0.013015436124593216,0.3333333333333333,0.012965002192844069,0.10502214376525276,0.1722363449999078,0.011179154557345732,0.027396404119932532,0.732049775918773
2022-12-20,0.0035212427330642885,0.010475674915567603,0.6666666666666666,0.013005526845298113,0.11969426418969649,0.03293302242780083,0.006593162116932126,0.01873288184262149,0.9127713667763634
2022-12-21,0.016402413596870575,0.007858282361767067,1.0,0.013120302928215095,0.1400439874341407,0.06549027700406096,0.00425762259743688,0.009964434416117312,1.227729098955427
2022-12-22,-0.015418602799858289,0.015182937643827901,0.08333333333333333,0.013453816397242753,0.09911678548535888,-0.002716573848483117,0.011797063014100505,0.03879339621535938,0.6741345862272349
2022-12-23,0.00832341965127211,0.01181449333415959,0.8333333333333334,0.013648403339415706,0.12386691304599556,-0.29937989362434236,0.010979581406072374,0.03659658254816851,0.8969661199817673
2022-12-27,-0.004819843595968811,0.018968633491854556,0.5416666666666666,0.013346692333680521,0.13299167712079016,0.4471061783828022,0.014991350062289126,0.043747333713903935,0.5339913119069287
2022-12-28,-0.011996103241503409,0.008884444450045133,0.08333333333333333,0.013568542407530484,0.09273171949124634,0.3100971451839202,0.007270966647872106,0.02249281044787843,1.2060797103093954
2022-12-29,0.0150604197018981,0.014334286894596586,0.9583333333333334,0.012064349613026309,0.0790736311585093,0.6973399876542307,0.013664130283467428,0.038116942294210886,0.695379958875401
2022-12-30,-0.0005530979732024007,0.006923548183839612,0.4166666666666667,0.012063350358451252,0.08069850526774923,0.3134205060709404,0.00588066509173398,0.018610310532480225,1.4405868010725338
2023-01-03,-0.0028857867267262916,0.01925914207138288,0.5833333333333334,0.012059613859840893,0.08363375621836275,0.030088700431395332,0.01686693951423961,0.05108218228160166,0.5228033245474122
2023-01-04,0.003515146082898537,0.01863314110067362,0.7083333333333334,0.011547223739713144,0.11187908312831393,-0.009075184440216155,0.007690629482783989,0.022119334942567494,0.5015063839634643
2023-01-05,-0.007678816631814277,0.016478104071214528,0.20833333333333334,0.01081909495251139,0.10733534281663638,0.22529402715173052,0.014135644785715454,0.0479013233949241,0.5301545832447003
2023-01-06,0.019593785957327987,0.01116025308634743,1.0,0.011737975992189164,0.13445561675514903,0.004259165040116253,0.00891511231535662,0.024906021651500982,0.8685711619968234
2023-01-09,-0.002376265393123735,0.017308548970301957,0.4166666666666667,0.011600783280127747,0.130404637714436,-0.19469944586810284,0.01306177537614744,0.04340037467754665,0.5434017989548261
2023-01-10,0.007739588420531522,0.01222456885853276,0.75,0.011559747157733837,0.10850827606631708,-0.028415057666715038,0.009043910700438619,0.026751667101377257,0.7659428754565456
2023-01-11,0.010711459689588282,0.015291059160623276,0.7083333333333334,0.011379347374494258,0.13878842074794323,0.060055487094918036,0.009179707713095193,0.028359642329331157,0.601542254080066
2023-01-12,0.0062443740088982775,0.011569176075440136,0.6666666666666666,0.011200985722016329,0.1170940809312674,0.3047290734761201,0.008553011359771339,0.02371872537138834,0.7751215992578678
2023-01-13,0.007737545589810893,0.009834280711837012,0.8333333333333334,0.011280501815240079,0.115175439785224,0.18102043531454748,0.007218729566232751,0.023181786877914872,0.9310582564100417
2023-01-17,-0.0070969341487800985,0.01988661916832983,0.25,0.009794458973230667,0.10451183132787249,-0.26131847927163565,0.015454667388819591,0.053649057198782615,0.41644483816606287
2023-01-18,-0.017125326952286135,0.009816126773690611,0.041666666666666664,0.010471437177265636,0.09267436772021861,0.47443683965662786,0.005996436106983721,0.021005161868177764,0.8919520058633751
2023-01-19,-0.006621933763581454,0.017513112939965426,0.375,0.01048332261541684,0.057909566492241764,-0.4380754891318639,0.01217531004738051,0.031122193067539015,0.5008307411148112
2023-01-20,0.018775383573568533,0.023127387138243936,0.9166666666666666,0.011198217145686355,0.06682869348518847,-0.5723899845280014,0.019417217103228104,0.055324781437692296,0.41223041401033034
2023-01-23,0.011384229613684493,0.019035333576983244,0.7083333333333334,0.010908078463807005,0.06510522558441065,-0.4189594669887442,0.015510971052103171,0.04315642907154338,0.48766695567871177
2023-01-24,0.002415491797877811,0.009723873927821989,0.625,0.010143581143460225,0.073278760952461,0.002160642343556507,0.0038675610455468114,0.011030944617532883,0.8877889295764216
2023-01-25,4.209885796278382e-05,0.0092030833566099,0.5416666666666666,0.010062802059994068,0.08097810381744013,-0.6173131227812563,0.005134476700087168,0.015275367891129894,0.89303565637584
2023-01-26,0.013173986260682202,0.017517842556373932,0.6666666666666666,0.010214494487166135,0.07441041959090493,-0.4958210361605129,0.015246398916693667,0.04797414190750341,0.4930052711396803
2023-01-27,0.0011279043390045596,0.016967742493095427,0.5,0.009603491561060152,0.08389778325346027,-0.37162695367332965,0.012873321794868204,0.03792428304707973,0.4769626117001506
2023-01-30,-0.01524174590254269,0.015752828118160936,0.16666666666666666,0.010088186344556766,0.07266349538607894,-0.6482370496771224,0.011937339613989175,0.03301012578587903,0.5143232074534005
2023-01-31,0.012548794368055708,0.015679388966494488,0.875,0.0103264085981005,0.1053474558757932,-1.0123808579201632,0.0029800654063361198,0.008342782305437798,0.5549852690390155
2023-02-01,0.00561324968605204,0.019839603190157748,0.5416666666666666,0.010254776972697378,0.11376017352387839,-0.37532801136864125,0.016536066235484335,0.053417107222313596,0.44548285402644316
2023-02-02,0.014797501387389065,0.057582951419698214,0.5416666666666666,0.010576893588808006,0.1147057763661969,-0.2297492012360154,0.04511953868578301,0.13950804490342544,0.1632830653051893
2023-02-03,-0.008457987519024648,0.021858026543667388,0.4583333333333333,0.010622689702092835,0.09345393207717466,-0.24612813973840764,0.012475461908609792,0.043304687028807555,0.43193649447845195
2023-02-06,-0.002304303439426341,0.009389434324546113,0.375,0.010014750975412705,0.08651460137654071,0.032106943878200234,0.005071087524585225,0.014119542087360845,0.9134528171917499
2023-02-07,0.013128338030629886,0.01858562308414155,0.7083333333333334,0.010203165224242996,0.11962792991727918,-0.002297924552425945,0.016841958227951457,0.04262636863279412,0.49040103881402136
2023-02-08,-0.010902268474453247,0.01846604417875624,0.25,0.010631227612143907,0.058521587423720135,0.19040493675241543,0.012683622227618936,0.04418168047353077,0.5021401866260183
2023-02-09,-0.010619163754739739,0.011758679381320924,0.20833333333333334,0.010831884378776014,0.03693015384009173,0.06515747299508334,0.009528465729433295,0.02744878323657222,0.7881776322726309
2023-02-10,0.003581292923703109,0.020696799801255224,0.6666666666666666,0.010785870510859706,0.0444356674931613,0.010591484698238451,0.018002817210520425,0.05912012887332537,0.44136166493762785
2023-02-13,0.011376415991822514,0.01252293252597775,0.875,0.010929947039741355,0.047264224595467856,0.10021641229179479,0.011029593312158349,0.03455704920317422,0.7439725096287648
2023-02-14,-0.0009297571893505339,0.013825302427620183,0.4166666666666667,0.010760932261895168,0.052883714874713765,0.37632940103942547,0.008769348068176072,0.027848459740137242,0.6515849283191795
2023-02-15,0.0004137125913524081,0.010602659164483864,0.4583333333333333,0.009811233023881894,0.05599082091164847,0.4502948017998992,0.006962147698978781,0.01731484891594781,0.7708234176405346
2023-02-16,-0.014170041824109502,0.009841302911468857,0.041666666666666664,0.010319295438901695,0.04021416738633701,0.2492705220776904,0.006189902358680971,0.01504404276181189,0.8688060364758591
2023-02-17,-0.0015157702406543988,0.018746273080915064,0.5,0.009584262528775965,0.04154065963686807,0.1564154073789934,0.01819524380521824,0.05770657119764362,0.410065652860459
2023-02-21,-0.017562626386796454,0.016736318983939777,0.08333333333333333,0.010146187341761476,0.009294535908443022,-0.0068812430039157935,0.012566540042378595,0.034312817119709016,0.4777706827860167
2023-02-22,-0.0036392519720145158,0.00723342585388103,0.3333333333333333,0.010155174432812043,0.001986710394294712,-0.5407074423458602,0.0050508147778644975,0.01483538504050804,1.1138996541542263
2023-02-23,0.008095597249110095,0.030153530251233365,0.7083333333333334,0.01033491909525179,0.011168590109561925,-0.058001457817831836,0.019285030897663775,0.06430548001040734,0.28056368213136984
2023-02-24,-0.00837103159440592,0.00902600230520968,0.25,0.009998709156419969,0.01697969735301401,0.0215870747476008,0.008076089470731502,0.021392789907431875,0.9106842060618017
2023-02-27,0.003334505727475919,0.006568899492795862,0.5833333333333334,0.010037285415665606,0.020585052218528768,-0.003930685987444615,0.004738136293022331,0.01296718959821012,1.2681222816380682
2023-02-28,-0.005134812354389923,0.013765804876958925,0.375,0.00952611388929782,-0.014561626983710772,-0.2689148331410425,0.009471458976550483,0.03006883139371478,0.5684245276747246
2023-03-01,-0.0032706410903225965,0.015040907353071698,0.375,0.009026124505101304,-0.017403096079956687,0.37573006434066825,0.012659652771477969,0.03260127173588545,0.4893929135104922
2023-03-02,0.00754234881689093,0.009769102914633449,0.7916666666666666,0.009114070062645604,-0.008870387988756369,0.27780049236553384,0.006486441813944457,0.02189700930892432,0.7633626642147928
2023-03-03,0.01486785058728913,0.013933704735098884,0.9166666666666666,0.009120592635021319,0.02399469443283274,0.349077007841451,0.010279640471250216,0.02870902043532512,0.5354560061190462
2023-03-06,0.003738964134107528,0.011436130824394531,0.5416666666666666,0.009018843995777273,0.04758641157360044,0.07103006254533695,0.00678160565037274,0.020709700255314673,0.6317639094544678
2023-03-07,-0.014935975894659037,0.009368085943886694,0.041666666666666664,0.00956875040627795,0.03309358973927169,-0.07659589547633971,0.007326811428459474,0.023278359275022458,0.8386471247673358
2023-03-08,7.694142573945924e-05,0.012238247460777634,0.5,0.00896250099295297,0.025034718899334705,0.22957026249427825,0.008990743718035132,0.028693031456086558,0.5886421674555353
2023-03-09,-0.01904138927467609,0.015185900017496761,0.0,0.009557738342356745,0.01457642254596338,-0.11278171578672724,0.012324421284662877,0.037684545981620965,0.5011823166497489
2023-03-10,-0.01008412161466224,0.01594839666247888,0.25,0.009533970688328739,-0.009521223317650256,-0.29190940126889653,0.007345045819458617,0.020588286315027,0.4755432539510087
2023-03-13,-0.0033254649673069014,0.018637707534983793,0.625,0.009435011024990662,-0.02370506095509442,-0.38164110792767936,0.01649030432299195,0.049320721742873386,0.406238859159316
2023-03-14,0.015724699411898687,0.016970138228757377,0.9166666666666666,0.009817038599682072,-0.004018215771761941,-0.46333809601541454,0.011431057940714367,0.029871782734287696,0.4589694622617661
2023-03-15,-0.005879310238057374,0.025810218652617577,0.625,0.009840136873096685,0.014691575166653453,-0.6994301177665259,0.025429048892490983,0.07514161515033743,0.31135934871210197
2023-03-16,0.01536968572415344,0.016815985899961125,0.7916666666666666,0.010622913145852035,0.037709906555547415,-0.5607819010764288,0.013774371401212801,0.03537629298030347,0.522363159596626
2023-03-17,-0.012767449187750626,0.016691099267692255,0.25,0.010542030607848385,0.031252563784423204,-1.756276150972302,0.01324038900360682,0.04252622773405157,0.5220699820223924
2023-03-20,0.008921247305677846,0.013376729507581231,0.7916666666666666,0.010813692068449085,0.03665256835703676,-0.039872912485131806,0.007047992587495485,0.021025847817240633,0.6791043911533675
2023-03-21,0.014445485109514844,0.015495732171025655,0.75,0.010650162184409803,0.03469563986968103,-0.008953427647088619,0.013804221991650514,0.042526796778621145,0.5761804983116324
2023-03-22,-0.014494677890566326,0.010693841060969928,0.041666666666666664,0.011126557554812866,0.03561956477897299,0.2476575447994318,0.008022043017937392,0.022047395953646208,0.8856602530310768
2023-03-23,0.005073455880372539,0.022025875730063448,0.5,0.01102719657003873,0.03236960100807342,-0.24166353922455408,0.018507645509353986,0.05834846371753218,0.4231388129905254
2023-03-24,0.0037833465720613544,0.010657404180235792,0.6666666666666666,0.010899574311483385,0.040972791176103585,-0.04775664906044308,0.007016628798609905,0.020354255089945743,0.8529861968862207
2023-03-27,0.005711904952094153,0.01688962355621372,0.5833333333333334,0.010948444258091593,0.05868079936970115,-0.1234600049915826,0.015582057273985232,0.04778115536507954,0.5452749489032493
2023-03-28,-0.0024127842815243328,0.008988988031612494,0.375,0.010893899959129543,0.04120759538627872,0.2149025260413986,0.008330906847091632,0.025691098572504772,1.009389175517529
2023-03-29,0.011564774129294622,0.010350884294050273,0.9166666666666666,0.011129593503499197,0.05332546748877573,-0.14283382937588485,0.007527537779162944,0.02311672368588062,0.9166457280725924
2023-03-30,0.00505862585182323,0.007786249091028591,0.75,0.011068719364981598,0.061269880067325255,0.07672845134262396,0.005282446870934834,0.017303886117617018,1.2026211353102862
2023-03-31,0.012616488281789323,0.008246674659296382,0.9583333333333334,0.010931607371104376,0.07037122226621605,-0.43058233883434993,0.006725553459027627,0.02093884978921297,1.121826674216809
2023-04-03,0.01437655863147655,0.023237226981189314,0.75,0.011325758564863241,0.09242659752950687,-0.12116092595231609,0.021928079442857466,0.06558478858691455,0.4210149231306527
2023-04-04,-0.007157451502191159,0.013772587867145357,0.25,0.010855844329240444,0.06567536006998773,0.02016383883712325,0.01062451525230286,0.030125649437881135,0.682100793420366
2023-04-05,0.0002506278409825415,0.018218190478637906,0.4166666666666667,0.010854397061776551,0.068302253304094,-0.207631275932453,0.01777086460008197,0.051761880599851796,0.5161312504345233
2023-04-06,0.0028572221033042696,0.013084671762998672,0.625,0.00967231469683021,0.06341988698686675,0.06081131280541463,0.009862566628587583,0.03145741172945208,0.656781402658254
2023-04-10,0.0012747541754158005,0.01030803832197376,0.5416666666666666,0.009185995689748302,0.05398318147269427,0.36466724702465503,0.007130325534920491,0.02374384993925164,0.7909653075777099
2023-04-11,0.0011860000753965334,0.011923010124834363,0.5,0.00906285175907126,0.04892480753919252,0.39098796883323184,0.009668158741825325,0.028342652821704194,0.6748570514510956
2023-04-12,-0.0030206935063397528,0.009500975290429507,0.4583333333333333,0.008725018499730357,0.03816656844304187,0.3439465040435553,0.005533200954202926,0.013060464998627489,0.7800385681935922
2023-04-13,0.01437332586987386,0.013358169130997924,0.9583333333333334,0.00883462454310938,0.05963682846169583,0.4416828445634279,0.010126856358216056,0.029928839421350235,0.5865944551785128
2023-04-14,0.003929705715760318,0.01945314393346501,0.5416666666666666,0.008409683367786695,0.08069186112974228,0.29164153335710674,0.015853934562203974,0.05164904817934768,0.3734012850573023
2023-04-17,-0.0004907960086434996,0.012654172602989075,0.625,0.007584372564465547,0.08682299888468023,0.5769277610235927,0.011685968151346829,0.03362635022971294,0.5255180637123861
2023-04-18,0.0005346155701802154,0.011028879936813441,0.5,0.007523294804488842,0.06858223088129192,-0.26988812741599766,0.0062499715203278615,0.02068614529480184,0.5649408401512147
2023-04-19,-0.0016632907484126352,0.012431641121153431,0.5833333333333334,0.00713925963726407,0.0555347105191948,0.3090332265548451,0.007554290177844554,0.020535281871529976,0.4497841374990043
2023-04-20,-0.002725366516783956,0.008859522476696401,0.4166666666666667,0.006052517290305609,0.05039385220453303,-0.027013703198334627,0.006755855632625698,0.019343331530125758,0.5647132138155168
2023-04-21,0.002486897481563518,0.01092486741799336,0.5416666666666666,0.006039259577551538,0.05283865082813376,0.0434871439334128,0.007186997565837406,0.018930025345343455,0.44611630551401016
2023-04-24,0.00399855295075915,0.007238814765573883,0.75,0.006040682628789495,0.043663217518210715,0.07216299123720482,0.006016905280789702,0.020449505126097632,0.6747681723961385
2023-04-25,-0.016969498657365373,0.02123910857257464,0.16666666666666666,0.007487701742857023,0.025565814521840778,-0.21635438111640926,0.014365149471521997,0.04862348068341645,0.25647976120702554
2023-04-26,-0.005401582937774725,0.02154869054315504,0.16666666666666666,0.0076093169801272,0.03540597748660874,-0.016960051629025585,0.01729026831661367,0.0533187276952974,0.2597300015306217
2023-04-27,0.02197199900373653,0.028228680234495006,0.9583333333333334,0.008599731266466746,0.04482918212228956,0.09603839979723938,0.018521495277704077,0.057971809516769834,0.21670168851902333
2023-04-28,0.006587915621371611,0.011957774349372877,0.8333333333333334,0.008631594620427504,0.045803848057609134,-0.15813084779705666,0.006273200178611559,0.017631904498669027,0.5179615352317541
2023-05-01,-0.0005383571114463923,0.015320256630217155,0.4583333333333333,0.0083114550328094,0.03046798955877368,0.3940177092521744,0.00868093616788322,0.026078814612278643,0.3648607680901288
2023-05-02,-0.012631926357556925,0.015814561721253572,0.16666666666666666,0.00835334198392538,0.026294050720241404,0.17593387836374907,0.014885267663429055,0.046083050551690444,0.3479406565120269
2023-05-03,-0.007982878074552604,0.00834936750423846,0.20833333333333334,0.008394804186019962,0.020615476085115138,0.23934394704667572,0.0070889386518669315,0.020915418558491515,0.6639784766387111
2023-05-04,-0.00808871593344731,0.010845364516137565,0.25,0.008607106817666675,-0.0006015778789620566,0.07262181499256837,0.007373700370369258,0.022227374870884182,0.5473033858983813
2023-05-05,0.01586513284865425,0.01230796132059035,0.9583333333333334,0.009299258323798939,0.02616582344414544,0.041800505298192236,0.011160443493928075,0.031079383301119295,0.5351089499471913
2023-05-08,0.0018361645542049148,0.008572473462805976,0.4583333333333333,0.00930213866196563,0.0386211517530901,0.030318247810245502,0.006396553032314225,0.0218700464662532,0.7715592011907174
2023-05-09,-0.003212996859294349,0.006466779531391005,0.3333333333333333,0.00934104390617534,0.03182686197009264,0.07923958728591507,0.005312356917955044,0.017260379476546277,1.0384644449045546
2023-05-10,0.002536606890652456,0.013278635781392188,0.5,0.009315210419646324,0.02298705286892258,-0.03952726619681424,0.009795425832854223,0.028548522043385316,0.503915944059442
2023-05-11,0.00022439039189651086,0.01361025773435573,0.375,0.008743522119654755,0.02414120045016963,0.10136794917426173,0.012260711206269299,0.0390047462218082,0.43965879474846853
2023-05-12,-0.0023668622384663087,0.007387777598835273,0.2916666666666667,0.008708372747517405,0.02136062562035091,0.15159180281635176,0.004329756384251793,0.014282423574219086,0.7993915976530255
2023-05-15,0.002503276563719232,0.009848152508203182,0.5833333333333334,0.008730654030456364,0.038033944008179645,0.22467707422133465,0.006368574777495102,0.02008723161302961,0.6098962582665995
2023-05-16,-0.006454708022149304,0.012881726745105588,0.16666666666666666,0.00884091886331084,0.03309500622668474,0.5053126236040493,0.009959513151312369,0.029696365952636694,0.48924776257848995
2023-05-17,0.015669315853647975,0.014719527139033418,0.75,0.009542678118318718,0.06632694846712917,-0.3863644722999404,0.012461022112557318,0.03706465574194814,0.4757392800263563
2023-05-18,0.010029391795385848,0.022122787892514765,0.625,0.009749218407299053,0.07999559223452954,-0.1270561991472503,0.016477671439816766,0.04931545285888128,0.3330438524827685
2023-05-19,-0.002077446056527229,0.009004260412258316,0.4166666666666667,0.009766064856122653,0.0698225489288922,0.06531159074371284,0.006726512002593971,0.018832660104669142,0.8159899425085247
2023-05-22,-0.0041263954557162474,0.01114571850005098,0.2916666666666667,0.009793860237634702,0.07406718506758188,-0.06184122692760252,0.00794982464436389,0.02637567754151567,0.6597850162234645
2023-05-23,-0.004290851919186739,0.011909390986117707,0.20833333333333334,0.00898986752634823,0.06644182742091923,0.035628792076474625,0.010358479872823453,0.03271843560974948,0.5642476372051622
2023-05-24,-0.003002124740489586,0.010571395440264999,0.3333333333333333,0.008915607729106606,0.06857451503481957,-0.0012446951783242621,0.007605595413230156,0.021215862877707974,0.6243142498924129
2023-05-25,0.00855125374278574,0.052260174836561174,0.4583333333333333,0.0076837263603869435,0.0803964098679279,-0.040155307784569105,0.03680144381462679,0.1153467554789348,0.11344844463493389
2023-05-26,0.011485599372027247,0.01643537764862355,0.7916666666666666,0.00796257582286775,0.08433966042306422,0.0391633026029774,0.013238308011931045,0.03653058187555521,0.3756360134266462
2023-05-30,-0.00041558723844484685,0.01262038301141045,0.3333333333333333,0.007961621097294593,0.06905622259733024,-0.17394226262528711,0.008044541363039389,0.020406235061275514,0.4887000053694087
2023-05-31,-0.00861564621595537,0.01501329037483906,0.2916666666666667,0.0076522268518851,0.05670161224726734,-1.025573747050733,0.011455240037978437,0.03226435876451028,0.39743234756585905
2023-06-01,0.011302439519419283,0.01292632335940901,0.9166666666666666,0.007688525063805363,0.08294002766134566,-0.4106264062444367,0.008656343411626492,0.027237359527375788,0.4744384880438211
2023-06-02,0.017585213665253573,0.017846895637903485,0.875,0.008072408975529912,0.10044829990085977,-0.21413424661078317,0.013606306577520216,0.040804895189616795,0.3702363890760139
2023-06-05,-0.0028699622031114155,0.007453734049233164,0.2916666666666667,0.007592157040517044,0.11661972697242444,0.012251103693752707,0.005770455014333069,0.0180508868922441,0.7993056400408658
2023-06-06,-0.0008318529388947569,0.01224829400273547,0.375,0.007622534529905641,0.12587199564819193,-0.007395812563474102,0.009094775692596459,0.03036283983289345,0.4823199118858373
2023-06-07,0.0003987933515038067,0.022615508296680954,0.5833333333333334,0.007532762415507548,0.12959625396700264,-0.523172993549206,0.019384834260727343,0.04851082170757226,0.25499696195676574
2023-06-08,0.006571688606214178,0.01049414478239211,0.5833333333333334,0.007594297291623136,0.12044324316131813,-0.04759606687927609,0.008105943491883203,0.019432442145890794,0.5687590669183835
2023-06-09,0.0011699565787385892,0.007164544222070477,0.6666666666666666,0.0075825583125646665,0.1274925099781141,-0.044987358646630504,0.004996822978291565,0.01471659122807641,0.8396791362316873
2023-06-12,0.004942779525822912,0.010638011376994855,0.5833333333333334,0.00751090570047153,0.11706560377978356,-0.2797121044393265,0.009734275192870592,0.02615010385852512,0.5776186874116243
2023-06-13,0.007375551291664659,0.01088260626317164,0.7916666666666666,0.007576896910590679,0.13720860425919884,-0.19258940460318463,0.006481886979658171,0.018299650105222536,0.5870218723492752
2023-06-14,-0.0006787201677667989,0.018335126636156215,0.4166666666666667,0.007297680256297275,0.1276086367857542,-0.29441221838942555,0.012759455051643548,0.04172099911693661,0.3326690146715315
2023-06-15,0.012333244337877788,0.008459567974252017,0.9583333333333334,0.007036127545272405,0.12549639601411713,0.1191253437689711,0.003994269152729763,0.01121706138820692,0.7013035363267347
2023-06-16,-0.005225235775073038,0.008841941578213112,0.2916666666666667,0.007088243996645498,0.13476583812961043,-0.6193935035233955,0.0045675438118621715,0.015296201388152686,0.6438084989331159
2023-06-20,-0.004557810579352307,0.01374660560371947,0.3333333333333333,0.007193086656252409,0.1251345716698856,0.061764391511760386,0.01177307845637863,0.03490748041255909,0.4231252084289916
2023-06-21,-0.0026995423630897936,0.011857505815228882,0.4583333333333333,0.007132236677125194,0.11865168273473443,-0.019351311922337633,0.010264831713496942,0.029708956113472053,0.48451949306699316
2023-06-22,0.00103913762018841,0.01636727460070691,0.5,0.006965664484248953,0.1139789154028287,0.2486336515912635,0.013621989797496552,0.03252129866582639,0.34108348077954226
2023-06-23,-0.006024731846136236,0.007366858736170519,0.125,0.007126660464812294,0.1103669678382168,-0.7255798238608393,0.005335922659921032,0.015021783110733914,0.7783150936251807
2023-06-26,-0.0027570500405545845,0.017718644182591968,0.5,0.007073179630454605,0.09604514366836758,-0.04005825716338207,0.015995882880192644,0.04594652625855089,0.3072485177620459
2023-06-27,0.007640918551735039,0.010043126255376114,0.75,0.006849857672345068,0.0986274363682794,0.106642645848265,0.0077742155140208494,0.02319996551852051,0.522924136100407
2023-06-28,0.0004074127507869378,0.011728080632420283,0.5,0.006838409708733444,0.086418360837277,0.02098513206956154,0.00816883509076234,0.022229700486992576,0.44776162110792583
2023-06-29,0.004870140336231769,0.01240646174404616,0.625,0.006405904699094297,0.07691194254203222,0.502884005934165,0.011908786839712053,0.03729818177401575,0.4081831876764583
2023-06-30,0.012655844314633144,0.009021853863189233,0.9583333333333334,0.006510090810687757,0.09672523835885655,0.07447438290274766,0.006619453893268307,0.02079494445551977,0.5688165004722653
2023-07-03,0.001750108846231585,0.009010319187212545,0.5833333333333334,0.005466821225569857,0.09822471936410557,0.5600329453472384,0.007927543970581853,0.022159223880993933,0.48167262569785035
2023-07-05,-0.001803291665423104,0.010719385120508462,0.3333333333333333,0.005424151749588127,0.0935642055953782,-0.1583940309030325,0.009902314481569502,0.031496622719114575,0.3999007896632636
2023-07-06,-0.013012601255339503,0.011457585947357669,0.08333333333333333,0.006344405909924966,0.0792768501646229,-0.5580104655007365,0.010097578777760055,0.03377343605110328,0.42729140437713714
2023-07-07,-0.001973126655070522,0.013469221264647113,0.4583333333333333,0.006382615408678293,0.07611772343415585,0.13320764673391938,0.011824945696052231,0.03237937196248856,0.36931939550603804
2023-07-10,0.0033727799740300665,0.01246665472096637,0.75,0.006277529701500731,0.08251119691452566,0.09773737787609993,0.008030902414708746,0.026672947208167673,0.3861901473608902
2023-07-11,0.007102943733623926,0.009971020465446446,0.7083333333333334,0.006427301541083616,0.07524081477827572,0.011798822611714832,0.008743530774787048,0.025881804498716982,0.5126003501089753
2023-07-12,0.008298036297278646,0.012656292191975532,0.8333333333333334,0.006571269803500245,0.07960914535979406,-0.07871074701041847,0.010602610884744412,0.033335031304491926,0.41709778346073434
2023-07-13,0.006362252102537463,0.016428416329676915,0.6666666666666666,0.006526573599711734,0.08646219347097503,0.024425511829099356,0.011703776966547163,0.03163088749498181,0.3182440933885715
2023-07-14,-0.0015544864978030194,0.02053620554482176,0.5,0.006543851689595714,0.08437309140299178,0.1486284619928997,0.016749912008017655,0.059786955168065314,0.25671903047733163
2023-07-17,0.002716206426794964,0.010588362950751024,0.5416666666666666,0.006024000334810794,0.08875258857819938,0.32011247759304473,0.0071033075668863604,0.017964300637332935,0.4524951499944445
2023-07-18,0.01067569038591458,0.018543064747527236,0.625,0.006228543034651671,0.10215364548089792,0.43305386287810554,0.0100037794693955,0.027652461038508713,0.2730781389744669
2023-07-19,0.004927351263325788,0.009265889148352874,0.75,0.006092583087959805,0.1045940992626602,-0.1671930897761884,0.005698449453828703,0.018191993329641054,0.5484829966091138
2023-07-20,-0.000591074149757273,0.02937253627437403,0.625,0.006023013159946722,0.10000447216214377,-0.22958031118670474,0.025647961193072052,0.07849342808122155,0.16943580183818804
2023-07-21,-0.00014797567398613007,0.01251283125671064,0.6666666666666666,0.0060409312309157364,0.116825995145523,-0.5372058588899713,0.009898264264772189,0.025396146044581923,0.3941714738392697
2023-07-24,0.006538275279833523,0.009549233481777148,0.8333333333333334,0.005794778792124978,0.12876585336313126,0.24061870755263715,0.007839923017459678,0.021819086350566286,0.5191912334645208
2023-07-25,0.0011475051299204796,0.01025053787080586,0.625,0.005662903754694614,0.10794135948931521,-0.24589139220793022,0.0077882775852034505,0.026669018797734572,0.47581903759450517
2023-07-26,0.0011633494608726536,0.016305674751644263,0.5,0.005566055913720632,0.10251679332881625,-0.2068826434588984,0.01006374765277853,0.032664669092164145,0.2792599925685735
2023-07-27,-0.005001860203028031,0.017617226580633645,0.375,0.005806739014200064,0.09805329023723461,-0.3489486483295057,0.007542950966670395,0.022655084082294774,0.27150953418740487
2023-07-28,0.009352367525498917,0.01442638443585311,0.7083333333333334,0.005991666662602496,0.12003758412029046,-0.08435078042914523,0.012075817867747678,0.03829203011917789,0.3470971097651228
2023-07-31,0.0034772099605360346,0.01559988979146948,0.5833333333333334,0.005513230603057467,0.13149767215537908,-0.03732235699198627,0.010188694760123016,0.03506625392644187,0.2915677408713192
2023-08-01,1.7097148263395257e-05,0.01988075615484126,0.20833333333333334,0.0055332630423615674,0.1396034852370898,-0.7432980501524469,0.01070481938229401,0.03464698274712552,0.22442677756778343
2023-08-02,-0.012155982151493933,0.012733843284642984,0.25,0.006338666468830154,0.1115823702369416,-0.11611268735299451,0.011575793679511419,0.033347410487753214,0.3910373680937796
2023-08-03,-1.7845913851265622e-05,0.007786176778092972,0.625,0.0053592638245178355,0.10972835976888544,0.279767837636411,0.0065106228062202,0.02093180451686749,0.5560714738525978
2023-08-04,-0.0036446603302999897,0.021140140130179962,0.25,0.005439955222348768,0.10929669629787979,0.014046444706074412,0.01021361299729798,0.03315491208185976,0.20876150551774678
2023-08-07,0.010996189432350492,0.009490087682438848,0.9166666666666666,0.005789542291280035,0.11775627883957783,-0.12895431058630002,0.006766693867431467,0.02011051315393575,0.5052027034713775
2023-08-08,-0.005172630113129846,0.008275715361311584,0.3333333333333333,0.005923140298333556,0.11235925833455147,-0.17345366155533548,0.005863371484635368,0.01947258924610721,0.5676732544821683
2023-08-09,-0.006757619635101191,0.01314294914299029,0.3333333333333333,0.006019040838537329,0.10796850093791659,0.16854212701809146,0.011077846893101305,0.031189337609941248,0.3515863440496889
2023-08-10,-3.379893343088044e-05,0.003927708809961006,0.5,0.005894277282938577,0.10543142544076647,0.11569081763901057,0.002146220818768959,0.004784634231298823,1.095921054494453
2023-08-11,0.0024548489376197413,0.012792840501213348,0.7083333333333334,0.005878262846581004,0.11434098240053552,-0.055661431761771185,0.010737412932886842,0.03167989973358276,0.33999305332837737
2023-08-14,0.004538895717708898,0.01649598349915868,0.5,0.005920296359091165,0.10321056226459645,-0.29654331021066493,0.0125046746502082,0.036594940171823076,0.26919348988938
2023-08-15,-0.011931793857677805,0.010212112887285785,0.08333333333333333,0.006147299944142134,0.08124937661153278,-0.05597808461722509,0.008339793520543426,0.020120666846598485,0.44098773589656715
2023-08-16,-0.008779361275270453,0.007503624788914799,0.16666666666666666,0.00632558305466702,0.07454746139278957,0.10225514008642433,0.0048799210598981044,0.014816127406216848,0.6258331371284758
2023-08-17,-0.004800386360737398,0.013860067558960906,0.3333333333333333,0.006390500239073012,0.07387347048776842,-0.017670321791496635,0.010752770760164948,0.035363749443697134,0.3540013518085906
2023-08-18,0.0006543015152079001,0.007541093582123538,0.5833333333333334,0.0063982330196642526,0.07881862392216306,0.2510404387154678,0.0054433114466099514,0.016239149303336142,0.6539898875917236
2023-08-21,0.002609826813774275,0.020693369565256848,0.4583333333333333,0.006215629554610518,0.08443057547642692,0.2668683402926215,0.015289869751502063,0.045602182608165065,0.22883544924163263
2023-08-22,-0.006711727784992748,0.0098282559659711,0.2916666666666667,0.00631410155732716,0.06916759394864842,0.3149221193806292,0.006966991630422932,0.02159951079230153,0.510119768034238
2023-08-23,0.010422528215137733,0.012966769585551959,0.8333333333333334,0.006836507635522171,0.06810452279175891,0.13391084851207558,0.009988912503432534,0.031258226084698526,0.42235242595485867
2023-08-24,-0.011200066001170397,0.012226563452813241,0.16666666666666666,0.0071591833849888745,0.05732004402903336,0.36041524864591046,0.009309218075457242,0.03030783182529521,0.4732692799162011
2023-08-25,0.0058968013214736464,0.009298628410287797,0.8333333333333334,0.006925590672630125,0.07183249156646239,0.22882568824984462,0.005025566370959602,0.015047029643427598,0.6037103885934996
2023-08-28,0.005277183554627927,0.0075173179402238995,0.7916666666666666,0.007005008699249834,0.06580723560167102,0.45738315075908087,0.0056613295620786055,0.0165858732365195,0.7587383287524107
2023-08-29,0.012421460307181212,0.011224041758578135,0.875,0.007657412972759549,0.06064348224359866,0.2012144078202559,0.010089904675498687,0.025585350979932347,0.5634240806150563
2023-08-30,0.0029512578625083877,0.006825393328794415,0.6666666666666666,0.007209955509142174,0.06646470230921846,0.288243579936314,0.004429840692167904,0.014119253448298934,0.8590946941365973
2023-08-31,-0.0028022767369616924,0.009857612735680787,0.4166666666666667,0.007236313157048965,0.06449427851115153,-0.11163637992732545,0.0075840795325236715,0.023103711235776075,0.6089588723231132
2023-09-01,0.0038756147563467624,0.01061641715124399,0.625,0.007242219200016834,0.06797109991599448,0.0896439818488548,0.0081443715781032,0.02697729098581018,0.5665214894005669
2023-09-05,-0.003628485933912439,0.011938077304993707,0.4583333333333333,0.006820317400580413,0.05777092537586787,-0.15574799432408293,0.010315895409112718,0.029314636949537287,0.47294410460357983
2023-09-06,-0.007041376507155177,0.010342958937334593,0.20833333333333334,0.0068995258721466154,0.04955959228997411,-0.03935418991411388,0.008328582011996525,0.026652945532541716,0.5549166960996281
2023-09-07,-0.00010298641852024559,0.011572456730808272,0.4583333333333333,0.006747205932837391,0.04451382634563095,-0.19905243215721335,0.01053793137797913,0.032832263712205115,0.4672083954461374
2023-09-08,0.002696722553904981,0.006678303484563626,0.7083333333333334,0.006780344762023529,0.039834997607871264,-0.00035548748952285436,0.0034209433271324744,0.00958294971491221,0.8295362938206572
2023-09-11,0.0033232985829817208,0.012887362959674938,0.5833333333333334,0.006800721963962674,0.043837016358619786,0.04346773862353226,0.00958876150173104,0.03131879681538996,0.4332397264927673
2023-09-12,-0.0008743419223150306,0.016017986424834166,0.5,0.006712842032904422,0.03062943009842697,0.02516270512067731,0.014483264373664756,0.041464991642467565,0.3371266381972105
2023-09-13,0.00017721836002988303,0.015041214729346856,0.5833333333333334,0.006138283634595015,0.03603188423352989,0.17357140254110293,0.006354177908931589,0.01947820689406495,0.3199449795647901
2023-09-14,0.009907760590156809,0.011092628066149668,0.875,0.006118826819648299,0.050497455403039015,0.011927991912051294,0.006445691909945369,0.01853688127024829,0.438920432193379
2023-09-15,-0.01226025506207481,0.011402832089950807,0.041666666666666664,0.006700530958323,0.040936742704053994,-0.9648735088946114,0.008210180614140266,0.02119726230220361,0.4596905837665722
2023-09-18,0.0015385394774786731,0.006989593982817806,0.625,0.006702577439914585,0.04143614456134426,0.22370116079501567,0.0037198958711198563,0.012459423464723693,0.7562651637748232
2023-09-19,-0.00269806818570253,0.00579519799622768,0.20833333333333334,0.006733153199454942,0.044762808221777965,0.06039171803744059,0.0035366368865882036,0.011775954963572125,0.9128934870172454
2023-09-20,-0.008570504799763692,0.012655596236570317,0.16666666666666666,0.006850590559507308,0.03894935346256885,0.13684683901478478,0.011810947163005289,0.033871136837054415,0.4253720849527575
2023-09-21,-0.013871848912021034,0.011225337275583606,0.041666666666666664,0.0071399086407080165,0.01743658599881278,-0.01532144119075407,0.0077182071279439084,0.028015384825961404,0.49493420606602717
2023-09-22,-0.0012483594601876101,0.0076110431692374475,0.4583333333333333,0.006706888449479499,0.015780813787838233,-0.05060073129614895,0.004584155073082054,0.014277001928706326,0.6645893280056113
2023-09-25,0.004859610960744933,0.007694143197566275,0.75,0.006660695728726261,0.0157702844123514,0.06615255349610527,0.005521406309092771,0.017972508257668458,0.6506713507505725
2023-09-26,-0.012378085189137444,0.00848771218127073,0.041666666666666664,0.0070412279317664415,-0.009263645091419193,-0.3735013447967901,0.005835227822253906,0.01643174725794679,0.6316665214903147
2023-09-27,0.0016125651305868062,0.01302653274999473,0.4166666666666667,0.006319646835211782,-0.00940118880706397,-0.164821418209683,0.011792744140163644,0.03691188580222952,0.3700876482367485
2023-09-28,0.005165385051919519,0.008259023005631416,0.625,0.006424432045927465,-0.002432512089721349,-0.2247851129781573,0.005478654580984836,0.014951593086730441,0.5971245298908155
2023-09-29,-0.006429156948575797,0.008989928572126908,0.2916666666666667,0.006510294581718252,0.0041509322170423585,-0.054035355853707,0.006924733906213322,0.023483824260166743,0.568748594513707
2023-10-02,-0.0005978882577580882,0.01628337895188309,0.375,0.0063806881878538555,0.0055261706143547905,-0.09269030850696058,0.014328131149035,0.03831598143923243,0.30393709621761394
2023-10-03,-0.01270253167996977,0.012358130772187113,0.20833333333333334,0.0068092213514646,-0.010549141039645046,0.17968385781840246,0.010320780925432824,0.028057317009922457,0.43718789695191485
2023-10-04,0.0014228410208167498,0.015208212777953227,0.7916666666666666,0.006773395369418184,-0.01622924375245222,0.14339897116777933,0.014511178921833855,0.04470616332259836,0.3367850320753882
2023-10-05,-0.0037334488037296942,0.014022870676400217,0.4583333333333333,0.006767072035057044,-0.028260728853460558,-0.09092627301830536,0.011797257181235778,0.03683989819600405,0.3781979931126491
2023-10-06,0.009616571947207405,0.014264766011164732,0.8333333333333334,0.007195716447173278,-0.025006409008790618,-0.6042661516841488,0.010656980047753381,0.02916030966120501,0.3960397256243967
2023-10-09,0.008682806164550133,0.01430322528034376,0.7916666666666666,0.007493597680257435,-0.014769116346437466,-0.05278865953069145,0.01332116526850385,0.04418155364028997,0.4137101444083599
2023-10-10,0.0030806019475350574,0.011957559165540036,0.5416666666666666,0.0075661164768454385,-0.014404720825697373,-0.05219008223248345,0.008781865436871096,0.02244666515209215,0.5040913713283804
2023-10-11,-0.001219801162397463,0.014609490075203551,0.4166666666666667,0.007557025227465175,-0.026300212374009417,-0.07099950785087028,0.011018025602820086,0.03787053290597908,0.4161563138972865
2023-10-12,-0.00438330894864405,0.008507890351553037,0.4583333333333333,0.0070832689539661355,-0.03561087258597925,0.10530114880871111,0.006025858358957652,0.014955001801234657,0.6821443055481631
2023-10-13,0.0002493028493448929,0.016583217186639597,0.4583333333333333,0.006690095632643904,-0.03477049558687709,0.577583314474854,0.01497798153745003,0.04551052613825794,0.31375464039001166
2023-10-16,0.00939500957787899,0.006853287735307706,0.875,0.007100901744837905,-0.025227510335011968,-0.08215395928401836,0.005125619840999272,0.014867186516974865,0.8165255956048566
2023-10-17,-0.0008140010482379778,0.013373381932492986,0.5833333333333334,0.007092298221310936,-0.03257978666308347,-0.42152070547164344,0.008495029807800807,0.028285834261537933,0.4113904411630578
2023-10-18,-0.010737665658719761,0.01803431268038037,0.25,0.007227811550827505,-0.044464957451723706,-0.6351478967456552,0.013752044583609622,0.03895931410832636,0.31107587161341343
2023-10-19,0.0018659555086661672,0.03461384303793932,0.2916666666666667,0.006605714270087947,-0.04376235140393019,-0.13816843085787323,0.01961375603144643,0.06276762002347273,0.14473240837023982
2023-10-20,-0.008225917534905319,0.010799021433710601,0.16666666666666666,0.006832429852076931,-0.046986408735807485,-0.2856665916247474,0.007321509175697571,0.022354062047482175,0.4962137358889425
2023-10-23,-0.0035040737085628437,0.01668705041928712,0.4166666666666667,0.006725257562016866,-0.059842849969869244,-0.3275574678506199,0.01372300677078627,0.04021302318427818,0.3170629784184007
2023-10-24,0.004205997867795065,0.011594411955459485,0.625,0.006279753369856712,-0.05911406206261021,-0.2506984580757292,0.00981509127878056,0.03359723746581471,0.42108574023809514
2023-10-25,-0.011016164369359921,0.0258838029438707,0.4166666666666667,0.006693074999842451,-0.07014732358023353,-0.037087155421356544,0.017554155406829416,0.053580350628856646,0.20678651875211365
2023-10-26,-0.01341205834958215,0.017698651293018945,0.16666666666666666,0.007073056319622515,-0.07140339977832175,-0.2106409893573622,0.01440618225217914,0.040848782703478845,0.3257172013997312
2023-10-27,-0.008908720431810721,0.02517652958369967,0.25,0.007177348024611456,-0.0802942742962812,-0.307874569792121,0.01846393807848942,0.05291444060787324,0.23389773885620127
2023-10-30,0.016871729093637013,0.009871094581694507,0.9583333333333334,0.008331852826726735,-0.05977788487234421,-0.134099362915431,0.007528453392017448,0.018721213822374756,0.678995153799549
2023-10-31,0.0028159076861523683,0.016734980568037662,0.75,0.007912735058467102,-0.06795816661854233,-0.30673384570496154,0.007491369940656911,0.02522607443908339,0.3709651265346313
2023-11-01,0.008025532949271039,0.01513362340855334,0.625,0.008127073420736514,-0.05476000355614143,-0.14624886453175767,0.012757031568574453,0.037363314618241716,0.4320332681665696
2023-11-02,0.01789149298492108,0.013214445897242239,0.9166666666666666,0.009003507406833635,-0.03011089093611917,-0.09271680562225448,0.011102858217090866,0.03202123342023322,0.5483492115981334
2023-11-03,0.006288020743945799,0.014985533537600348,0.6666666666666666,0.008866029666153361,-0.02378907125874249,0.156085160628873,0.012972207771531985,0.040944968440869,0.4724358603270373
2023-11-06,0.0014370618459287794,0.008751942390817785,0.625,0.008675431315839036,-0.024806858350433454,-0.00948022416829919,0.007969142253798403,0.024765483075217053,0.767534327055499
2023-11-07,-0.0007076329134215742,0.010683829113000738,0.4583333333333333,0.008657349694910678,-0.03005338698156393,0.13992572411277138,0.009547839677500733,0.03020253848701796,0.6176407065168577
2023-11-08,-0.0010632894205501037,0.006965612342911932,0.4583333333333333,0.00865596868232632,-0.019184882544436226,0.1876942109542723,0.005997775534033439,0.019967751676060536,0.9462114527911668
2023-11-09,-0.006077707447382091,0.008408998641581482,0.25,0.00871246714222642,-0.016483228716547862,0.06362395753627725,0.0047214289366149225,0.012775250662634926,0.7938712305759382
2023-11-10,0.01261338751571961,0.010454682574509594,0.875,0.00914205208731148,0.0009305451599091463,0.0903330211792982,0.008966658311927977,0.02811300312890948,0.6976650205149397
2023-11-13,0.00131783172529841,0.006432384277449447,0.6666666666666666,0.00892028645889409,0.0015940753699996554,0.04445371296123213,0.004655411725476801,0.011427678883105957,1.071143629330149
2023-11-14,0.015433555346712174,0.016603989429445222,0.8333333333333334,0.009519473125470936,0.014417803902937554,-0.05289471648088462,0.014231082670164994,0.03861990057050095,0.4589851847051997
2023-11-15,0.002624653353966754,0.012019822262610199,0.5416666666666666,0.00909277807436787,0.023754185041897056,0.052349114433950295,0.006067189284795713,0.016454225343357425,0.600286292279382
2023-11-16,-0.0010775625452814814,0.020419749495270572,0.5416666666666666,0.009117551427145055,0.012254094281477841,0.028120888628607732,0.01334149123647625,0.03713325325635271,0.3514203194986418
2023-11-17,0.003677255440720765,0.011245005657009989,0.5416666666666666,0.008813694312915255,0.027131415723369006,-0.02019442186420961,0.0101637819832871,0.029058388525847745,0.6179171446365076
2023-11-20,0.005697133227533878,0.008191990970316552,0.75,0.008730595024894943,0.026931747629429233,-0.02722685124397195,0.006620880556976958,0.018503042444565947,0.8615896658729838
2023-11-21,-0.0025888034731811984,0.0071876549403529786,0.3333333333333333,0.008806184562903314,0.01906576060162011,0.05416638224815962,0.004960830148901754,0.012944357943612594,0.9707303844049306
2023-11-22,0.0031173165255523098,0.009689280514005711,0.6666666666666666,0.00821218383279113,0.009761616819991208,0.08853914389448037,0.00559526492412182,0.015211804435520688,0.6793417366246959
2023-11-24,0.0014362843980245815,0.007091055171523887,0.7916666666666666,0.007245771236454154,0.0082466433555074,0.6023741146366821,0.005958823831151334,0.015703361687372446,0.8438157380976499
2023-11-27,-0.0024732259475999155,0.005421976574195158,0.25,0.006772532750271968,0.008575694144869177,0.2370402703243225,0.0039444970521501505,0.010222455194570507,1.0442260588483792
2023-11-28,0.002403247849451664,0.006280323898121223,0.6666666666666666,0.006093512712470282,0.007103327237974078,0.2202149740891136,0.003874461254262883,0.012187813727019974,0.7863201400341945
2023-11-29,-0.0023699455686394207,0.011240833320067596,0.3333333333333333,0.006234625689292011,0.008361867603247098,-0.08431739794359738,0.009828588055243519,0.029138559368637146,0.4373383112423527
2023-11-30,0.003955872468460246,0.013022046349198367,0.6666666666666666,0.006137250716351146,0.01935911657886252,-0.5085146021287648,0.010764231855130429,0.034638048538886336,0.36189120440388356
2023-12-01,0.005229050507978339,0.01193691018172573,0.625,0.005092770561281777,0.024691153505361104,-0.12593302702403397,0.009887909971074126,0.028297520309459423,0.34175023948095806
2023-12-04,-0.004151565087071508,0.01102370333987205,0.4166666666666667,0.005211615759317866,0.017842865864384615,-0.05035985340756266,0.009358514259488984,0.026836776282997077,0.3603706493130148
2023-12-05,-0.00104951451420295,0.01373977569333507,0.5,0.00525327795904707,0.013470052767199944,-0.30659683695291307,0.010585890808878845,0.03298421653887218,0.28772243827496385
2023-12-06,-0.005885704226629772,0.008755694569724597,0.25,0.0055048068836807875,0.008458690462885204,-0.43970290292544334,0.005938254197528812,0.017786733562700698,0.48107495024582014
2023-12-07,0.005911535682641726,0.01408489497473129,0.625,0.005552040913945567,0.014193007785497046,-0.2924919058992974,0.012150609096644149,0.04012785237279071,0.31626488167601147
2023-12-08,0.003466245329343027,0.010167240235007343,0.625,0.0052323797201211265,0.007751492524683264,-0.10833853912976221,0.007833032115782833,0.020253748651819392,0.42528596125941387
2023-12-11,0.00026222890194676124,0.01164460052783771,0.625,0.004656217120710268,0.020273976488704836,-0.22538939840828287,0.0074862059812239486,0.023701900952417088,0.31829572832071135
2023-12-12,0.0032186173346770014,0.009608562807066873,0.7083333333333334,0.004666388233908656,0.02195405434590316,-0.1829281651782484,0.007729103329485229,0.025562884655997875,0.3956331412732073
2023-12-13,0.014631157765961139,0.011620604946671614,0.9583333333333334,0.004545258516015653,0.039283280297566836,-0.25982761422997225,0.005097400630332673,0.016215132496065876,0.32367901883804684
2023-12-14,0.008112089288154467,0.027612752722713053,0.5416666666666666,0.004758184834273246,0.05596587438548499,-0.6914378502390734,0.023934194032269453,0.06270274310920562,0.1461541283000373
2023-12-15,-3.078848820369425e-05,0.007836327835169188,0.4583333333333333,0.004727326886172696,0.06980693480930233,-2.1268179131620415,0.005448571245057969,0.01519105090391093,0.5083221612323875
2023-12-18,0.007268839995573331,0.01269860523248498,0.7083333333333334,0.004855733406677813,0.07832413426506328,-0.1394860912310918,0.009730699348248426,0.030895907270463357,0.32782799786482536
2023-12-19,0.005995390396373044,0.008508955556616833,0.75,0.004867134493105737,0.07945991370069139,-0.15793486556209313,0.006079423997851361,0.014557113579270475,0.4909969454752246
2023-12-20,-0.011812254331782535,0.008781512020219576,0.08333333333333333,0.0057193826662305484,0.0800257445580463,-0.15473871873589773,0.005519643609253721,0.015301479228970181,0.5282739145299691
2023-12-21,0.006901456753672167,0.004834490873291358,0.9583333333333334,0.0058247280516277285,0.08531463618113165,-0.11449848823143882,0.0026928202904314236,0.008261719327981329,0.9987092474397941
2023-12-22,0.002388861441293841,0.005272184765708224,0.7083333333333334,0.005823331832779761,0.08253811257050597,-0.7749086705011159,0.0036494754931530276,0.010247182191017428,0.9248309402388405
2023-12-26,0.004533022084741438,0.005409101247282825,0.75,0.0057440285021759,0.09350029160382321,0.3966418792528488,0.003142613753963746,0.008414945078439465,0.920461491332032
2023-12-27,0.0014650111341748863,0.004969942627428888,0.625,0.0057482506691009716,0.09556319099575619,0.09536461108692318,0.0027458291689659293,0.008453615430383737,0.9923570420827023
2023-12-28,-0.0007646924200241147,0.006250881319458483,0.625,0.005689015394131152,0.10750103025570183,0.3689269423666419,0.006156323529004887,0.019388375512813655,0.7761617377924565
2023-12-29,-0.0017385179080066603,0.004343136822570353,0.375,0.00575351133836204,0.10433967132687844,0.37714202114266226,0.003422034325717049,0.010849621839039073,1.091567540535577
2024-01-02,0.0007982529436090421,0.019362663721602048,0.5833333333333334,0.005715819070422807,0.10887137307421717,0.13040640793964864,0.018645098758159822,0.05354610569112591,0.23340214788537544
2024-01-03,-0.0030785516682177946,0.012276415014662685,0.4166666666666667,0.0056600403161924965,0.09617624945879197,-0.029574634300360225,0.011391821041933264,0.03417968828082992,0.3637573856152475
2024-01-04,-0.0023430000715629986,0.011739332826762547,0.5,0.005704292888764002,0.08515044322267884,0.015222112432152435,0.008164593951810305,0.024036184405456927,0.38590872029810513
2024-01-05,0.002361380322251444,0.009273823999828833,0.5416666666666666,0.005396703135889191,0.08443122159739523,0.12600939456288296,0.005206157186900021,0.01640204044032282,0.46950370345511394
2024-01-08,0.009307693136312042,0.016939444993630367,0.7083333333333334,0.00556457983601425,0.09495871589610473,-0.13920283182769522,0.0152479012048632,0.04913105537651592,0.2670632117814466
2024-01-09,-0.001765707672485739,0.01035458782309816,0.4583333333333333,0.005641544547606591,0.09757631717226303,-0.25619553878170853,0.008531116042182745,0.023549367528301425,0.42868685637581155
2024-01-10,0.006091642316432454,0.012285376301039918,0.7083333333333334,0.005681952861595137,0.10341865663935061,0.06521575199802176,0.009735985379852043,0.02979656275437766,0.38503878576963757
2024-01-11,-0.00014190027673272043,0.008336843394200879,0.3333333333333333,0.005711591340938356,0.0938817467847389,-0.12334061745380587,0.005397417470360473,0.01629436182168542,0.5489500407266503
2024-01-12,4.8072804071356647e-05,0.009938854631165835,0.5,0.004949119318005532,0.09474382063704823,0.3858155272981372,0.0069039486198621165,0.019087235417117952,0.38710258027312455
2024-01-16,-0.008153050239815418,0.013071332363371478,0.20833333333333334,0.005168045574835418,0.09732843605595257,0.3576770197494229,0.009795318605733,0.0323976697894901,0.2944921155133081
2024-01-17,-0.0046501366355643685,0.00722602271721502,0.20833333333333334,0.005311491892912588,0.09081234391172203,0.7053920261811537,0.004333126577062927,0.013847267893000354,0.564677401015352
2024-01-18,0.006560112588613161,0.010712669490542328,0.7083333333333334,0.005267086605921411,0.10559837403524051,0.1650533826997196,0.00932121080955622,0.02652007457403649,0.3775842576733959
2024-01-19,0.008275348845747535,0.012954925357788192,0.7916666666666666,0.005412665232782024,0.11737779658955089,0.002215292381763656,0.01024046680005302,0.029449807247401205,0.32103104918743003
2024-01-22,0.002197294174790046,0.007604906947126508,0.625,0.004542880096003175,0.11536909289654587,-0.13760872274951974,0.005886767688245662,0.018199090149755924,0.4836594711123655
2024-01-23,0.004047158363801702,0.01143020935443125,0.75,0.0044041548336749385,0.1304324156297075,-0.29520798111946966,0.006901663034474348,0.02062917682304381,0.30930932608349915
2024-01-24,0.005593019837470084,0.02502182068687157,0.5416666666666666,0.004504068712967183,0.14943749381675972,-0.34114812228282587,0.018769467406894114,0.058170961150026367,0.14769821582808704
2024-01-25,0.011091188228731072,0.015026442391404377,0.875,0.004957596821900066,0.16943740247730155,-1.1762034575121372,0.011411643485404747,0.03221259923718552,0.2677670785017189
2024-01-26,0.001320599599431126,0.008634120990218208,0.5833333333333334,0.004958154257541954,0.15388627298309565,-0.44926629836242826,0.005830043068982761,0.015358328283272438,0.46517369946909204
2024-01-29,0.005104061660155877,0.007417776256711967,0.7916666666666666,0.0049749558635609,0.15617442695709916,-0.30549965681582236,0.004549783810415185,0.013432278320622474,0.5707012881198195
2024-01-30,0.00040510180518545563,0.022034474518219074,0.625,0.004911815419282832,0.14855399581301357,-0.5728421667282737,0.014488973153886682,0.04506116626118713,0.18909748249743333
2024-01-31,-0.014931941723677187,0.01648160957127654,0.125,0.006224290798979685,0.1157305611044153,-0.11605162962059845,0.010980046132071278,0.03576326898419069,0.295683991146444
2024-02-01,0.00895260717404781,0.015600326363414194,0.6666666666666666,0.006352111679640079,0.1183951475345173,-0.07095826136239447,0.010247197881435174,0.027432919282108524,0.33121428061670055
2024-02-02,0.01549794748154478,0.04507924710523571,0.5,0.006940271085085288,0.1324560331701333,-0.07475478485655906,0.023476840932139517,0.07111298061002343,0.12921241188312904
2024-02-05,-0.005121657912566667,0.016694629560857942,0.25,0.0071666118816824335,0.1280420081709882,-0.23224723631378974,0.00916427371819406,0.0320423516161478,0.35716947789241027
2024-02-06,0.0041126147647476225,0.01236510948655923,0.7083333333333334,0.00699853744101998,0.13321791235628594,0.14984209356295297,0.008301190613390042,0.024943979261916972,0.461221812186927
2024-02-07,0.007676186304250515,0.009295407252342397,0.8333333333333334,0.007033426386497903,0.14697180610791855,0.15917547064520388,0.006452597142064092,0.01662695850305514,0.6453275229395931
2024-02-08,0.0005936425979554544,0.007409721531898724,0.4166666666666667,0.00700120517818553,0.1349520611901544,-0.09053815929801567,0.006479829292126774,0.019757779116137665,0.7724557699374592
2024-02-09,-0.0006138779067841188,0.014496048401166929,0.375,0.007011097026264595,0.13302035155807185,0.13402611619438964,0.011733851002930342,0.04008261556036345,0.3964722573625591
2024-02-12,0.0028859847530564586,0.009095162378255934,0.5833333333333334,0.0069896723181136445,0.12047278096441615,-0.032432327372777126,0.007541528079445649,0.020960870792369784,0.6475064858628854
2024-02-13,-0.013157260056453879,0.009102546332428263,0.041666666666666664,0.00746601608299524,0.10469086755399551,0.022708524094121607,0.006919787409309932,0.020135407252700206,0.6744691975757247
2024-02-14,0.006288633028853366,0.012100954312511267,0.6666666666666666,0.007330131404254667,0.11205706312813035,0.05856991188212812,0.00910691110593493,0.02905130038503208,0.514117463773988
2024-02-15,0.010768571915175268,0.014273502626046507,0.7916666666666666,0.0075009927029232,0.11914837960258487,-0.005883142563319899,0.011306593103882477,0.03446173322001067,0.45060662930657064
2024-02-16,-0.0018032082478282169,0.008619288051985472,0.375,0.00746989938631101,0.11164803812722277,0.12395577118844114,0.007271141337811848,0.022477651662317855,0.7086580515682284
2024-02-20,-0.0020443467352581346,0.014580993427080113,0.4583333333333333,0.0075401835648337715,0.11219249486514583,-0.0007585626115129696,0.010582677596131886,0.03716003228535836,0.4183857934891326
2024-02-21,0.0038953585165206472,0.011307535015137822,0.7083333333333334,0.007538443735082395,0.11297053685611418,0.1361517647145395,0.007916896100054017,0.028675261222273672,0.5388345474347774
2024-02-22,0.017295790271369297,0.033223226451973877,0.7916666666666666,0.008228051933797168,0.1288300427294589,-0.12007199294307336,0.021748560962512143,0.0684936162625009,0.20100483147936068
2024-02-23,-0.0001626142187045367,0.005467227221355826,0.5833333333333334,0.008021388017266025,0.13114065445835427,0.21463178021675788,0.004348313512780896,0.01193231307365224,1.1215192062490746
2024-02-26,-0.00337379087135993,0.01085985585675205,0.25,0.00812110036736106,0.12536361573754268,0.19996266545646035,0.0053076607361070794,0.017620303805847153,0.5740647002601464
2024-02-27,0.0005342792556282255,0.010459865445223407,0.5,0.008096778052343868,0.12826784056181031,0.07902651338533939,0.007636402948124207,0.022848204061877042,0.5741728522703864
2024-02-28,-0.0018244584067866794,0.008997004217705652,0.5833333333333334,0.008133489820061592,0.1224875096865634,0.41484465854470787,0.006660701435656823,0.01732895738991802,0.6754180013798065
2024-02-29,0.003668223409727056,0.010459989932316302,0.5833333333333334,0.007123505299655781,0.12092668258831211,-0.09702521780036677,0.008161370487914618,0.02294624576703404,0.5271087952385811
2024-03-01,0.004616497406618611,0.012321066777541715,0.5,0.006987996314640623,0.1296947450820022,0.24717463790657357,0.007188518260086303,0.018011951568846718,0.429893555378999
2024-03-04,-0.003131469143283147,0.016435682341158445,0.4583333333333333,0.006377284923298853,0.12761279045292204,-0.013201771384206973,0.013020440114292734,0.03464842752316599,0.28465038378301
2024-03-05,-0.0059545725272724115,0.012727671484737859,0.3333333333333333,0.006425717188258943,0.1275439221522794,0.12756721989593356,0.008694663003811061,0.020954976465715237,0.37085094650201006
2024-03-06,0.003891855560355484,0.009421038794327825,0.625,0.006421205540323209,0.12552424202999315,-0.13607633305013955,0.00481198580681329,0.013506611784712944,0.499842019491233
2024-03-07,0.008418860701854797,0.012735190533471143,0.6666666666666666,0.006460812391695659,0.13047685740250492,-0.009287247293124246,0.009432901457509463,0.026330561852810058,0.3726810968448587
2024-03-08,-0.0031612351208555414,0.012659940829791235,0.4166666666666667,0.006543771388978693,0.12705339337970262,0.1198602034444669,0.00643147370148937,0.02250157820544474,0.3850369024803469
2024-03-11,0.001404067950850102,0.015124576943181445,0.5833333333333334,0.006527403474886326,0.12523884399587573,-0.013162751607676881,0.008867660077063421,0.024632365795320833,0.32490521376903525
2024-03-12,0.009824821622778215,0.0164251371075806,0.75,0.006786840435004838,0.1204325078526928,0.03644431010901794,0.011404692689747729,0.036696602469196406,0.3203014814377774
2024-03-13,0.0006335507294494419,0.01282807880364114,0.5416666666666666,0.0058187662811206966,0.11295396929398777,-0.022105739633603738,0.007948768075301437,0.023347287010678862,0.3613019808321496
2024-03-14,-0.0005185412953197568,0.014070271051800231,0.4166666666666667,0.005783812573162527,0.1124662164868717,-0.35550065875486725,0.008976919841003381,0.028834400395337134,0.30889992661468196
2024-03-15,-0.004003348542074889,0.009529954995512421,0.25,0.005564160104019707,0.10119402794922348,-1.650876933155315,0.007168861195236538,0.01966000561716504,0.42057329007137095
2024-03-18,0.005132809053251706,0.012902661757863773,0.5833333333333334,0.0055694792876788335,0.10033144660610216,0.031025949019973353,0.011271352234164629,0.03687032522824659,0.32353979708269776
2024-03-19,0.007134151296078611,0.006265368297336938,0.875,0.005617700288344335,0.11927785223396328,0.09621020270118297,0.0050447333972008825,0.015264764325737609,0.7069041411164102
2024-03-20,0.0084335691418204,0.007857286695680324,0.8333333333333334,0.005778456451808707,0.12080996462211152,-0.037358560641593375,0.006962320061567137,0.022729081999299648,0.5925614663941963
2024-03-21,0.004587134396895828,0.015658049969973373,0.5833333333333334,0.004647212421535919,0.12300823757771351,-0.18864582515517592,0.010451512695456253,0.032476149717684644,0.2567684060440577
2024-03-22,-0.0008011103078210818,0.01101178054243667,0.375,0.004663622846222241,0.11767410518515099,0.05993347501106305,0.008465700496835291,0.025410434518535086,0.3680074554144159
2024-03-25,-0.002429572990444583,0.010260104980869334,0.2916666666666667,0.004613258500064692,0.11377952106053153,-0.09751599713409109,0.007951121543248483,0.024924397969452637,0.39036700408293185
2024-03-26,-0.004521343451439684,0.018429660406112085,0.5,0.004821391934517203,0.11002287002911595,-0.04939882213527147,0.009377802686546829,0.02871496659313011,0.22814091850300644
2024-03-27,0.010319854618565489,0.015535846044328817,0.8333333333333334,0.0051264746724578696,0.12208124255568811,-0.3179398604608723,0.011473037360249292,0.032025417407934034,0.29797730037545817
2024-03-28,0.0002969862063430991,0.006668962983906466,0.6666666666666666,0.0051302917129430635,0.12157997581842216,0.1035393476245372,0.005428208350963315,0.01662644119193505,0.6688847447396788
2024-04-01,-0.0025699781080847314,0.01329061978708489,0.375,0.005189354685290647,0.12208854937855522,0.004417597399176909,0.010877110826128335,0.03234754064420783,0.32793366359612885
2024-04-02,-0.004385781587026215,0.01557984369228284,0.25,0.005257308154298196,0.12004576786309201,0.09380879051700053,0.010528574790687573,0.036363374570294926,0.2837741730758848
2024-04-03,0.002019040116884719,0.013478325851697484,0.5833333333333334,0.004948605048443112,0.11970342765772529,-0.11255678574239791,0.00897223477392187,0.025096303445428937,0.3134202783335805
2024-04-04,-0.010428103625378424,0.010077730548543886,0.20833333333333334,0.005645162902695068,0.09996763089603482,-0.19949660288242677,0.006063491200628441,0.017126695383606966,0.45160892338190767
2024-04-05,0.010325516060396528,0.011198505764734266,0.9166666666666666,0.005786583922683819,0.11205885462891708,0.012675241254145098,0.007831874255563902,0.02447440370342872,0.41492373256801296
2024-04-08,-0.002190727397298156,0.008285209398571696,0.375,0.005750590561467091,0.10377648491518648,0.007234500613098271,0.005443625072452173,0.014104389163735243,0.5549649023599502
2024-04-09,0.0010570361466300064,0.00740850009732567,0.7083333333333334,0.005751142939653733,0.1049754213385492,-0.006294007780683453,0.002994142044034513,0.007810896673060822,0.6182963858436888
2024-04-10,-0.005697296092495553,0.013218225030047005,0.4583333333333333,0.005599125862333015,0.0992300524419823,-0.21061819418970362,0.0090613157981291,0.026078488729633736,0.33092737854300175
2024-04-11,0.0038524757136362366,0.015325213777916383,0.4583333333333333,0.005645616003816516,0.11123557839543394,0.041218231831949725,0.013778973333602111,0.04267695520577667,0.29593184624475066
2024-04-12,-0.013784629542124283,0.013732571798470665,0.08333333333333333,0.006518178347635241,0.10210108548887403,-0.040701136056790155,0.008820180866515641,0.02823506610975424,0.37855423558123663
2024-04-15,-0.0064292715474668595,0.012847104475794194,0.2916666666666667,0.0066206618177235155,0.08911170135279402,0.5159794041182346,0.012015368008344816,0.03349336879326015,0.41408703260936497
2024-04-16,-0.004141724024166442,0.01634658546828416,0.20833333333333334,0.006566517553997452,0.07669462848288004,-0.41297331064943643,0.008966715586625765,0.026249374684226022,0.32240770580347056
2024-04-17,-0.0006970223470825857,0.01243025072757827,0.4166666666666667,0.006318153297617502,0.0738003119610074,-0.1899427507007021,0.00874045172223001,0.027687974256343024,0.39809403523303843
2024-04-18,0.0026034425844324812,0.009676845111423188,0.5833333333333334,0.005992962646019151,0.07235659618163819,-0.08813459390701062,0.005324868829668402,0.017245311130401026,0.4812417982936746
2024-04-19,-0.004412250719004672,0.032505378124844705,0.6666666666666666,0.005876182880090173,0.06235132562516343,-0.01826371883556477,0.026104200507653382,0.06847003689860946,0.14299658787181999
2024-04-22,0.01047153290862717,0.012063557887524933,0.875,0.006467763535643038,0.06173167030505953,-0.4390327336445905,0.007796312300499229,0.02512781962060695,0.42538688314192336
2024-04-23,0.010666028331746652,0.013329971735928998,0.875,0.006963274303078212,0.07107709903737505,-0.21218976062200845,0.010948631113329358,0.031411517907426315,0.4158675026669259
2024-04-24,-0.0032839908250575645,0.013263726223449672,0.5,0.0069299813736740275,0.0626890465521616,-0.1196739382223857,0.007885768152683605,0.024643512150770985,0.4132801245121533
2024-04-25,-0.006054392817828644,0.029371881925874317,0.5,0.00656435605522048,0.05622955192914751,-0.21331100044780982,0.016443016503016935,0.046361801524994396,0.17936751034139692
2024-04-26,0.00906674208373578,0.025975761515565566,0.625,0.00694708212148673,0.08022823573656049,0.218482341468902,0.014051955847782014,0.04111191693747729,0.21969901153948637
2024-04-29,0.00013421889902555384,0.012384061685314444,0.625,0.006935090521913231,0.07140984746153822,0.10018688282538601,0.009324871307369002,0.02925204398694699,0.45098783504326645
2024-04-30,-0.014909614305109125,0.012294005289268333,0.041666666666666664,0.007606910043814775,0.041002285674884315,-0.05834547569175741,0.007104570347888564,0.022532506698865418,0.49709209168317164
2024-05-01,0.0004730813737326006,0.016110146370276295,0.5416666666666666,0.00758144903942456,0.04659702496118358,0.06602785712574832,0.009535811143289247,0.02749099939408069,0.3745437644428603
2024-05-02,0.007830978562443724,0.012732810774993497,0.7083333333333334,0.007506789952752996,0.050315388758879684,0.16098204269867267,0.007898541842396075,0.023637386743482147,0.463691695293025
2024-05-03,0.008608224962697905,0.016019903585318244,0.625,0.0073882715839486985,0.051247427417327074,-0.0837757931104599,0.013773936892615645,0.04261852206630897,0.3631878324504608
2024-05-06,0.00826813619943371,0.011833315122903932,0.75,0.007617116706907184,0.058921921018805334,0.0664446603872435,0.007656837718164641,0.02205438868272262,0.5173617397777449
2024-05-07,0.0036225932769313233,0.009080794659887061,0.7083333333333334,0.007654157641517797,0.06315839220252077,-0.0006026346775767077,0.007630080812103485,0.02097815068455707,0.6883078618052002
2024-05-08,0.0009949354029366818,0.006471452691911676,0.5,0.007522902613733938,0.061267342852401,0.15566328275578156,0.0033535669366022334,0.009928708051619273,0.9295075785502006
2024-05-09,0.008011975495932295,0.009118482507144244,0.9166666666666666,0.0076722846935537,0.08243657840478716,0.11463755988749336,0.0055222700461563115,0.01596686518841443,0.6824862915073812
2024-05-10,0.0027666261850822402,0.008066975164982065,0.625,0.006860084497179512,0.07891457156101604,0.230412946860869,0.00376491623167347,0.011483535529958585,0.7031556471435241
2024-05-13,-0.0003114847817299686,0.009349540147633643,0.375,0.006611372788243453,0.06783451486411081,0.24226725149082617,0.006685301046510585,0.0218689388224201,0.5739800802604285
2024-05-14,0.0011610975854806683,0.007506480298857401,0.5416666666666666,0.006457254440354969,0.07079882069741969,0.28037472480680903,0.0058965008689036685,0.016486505262548058,0.6950552422280701
2024-05-15,0.009124965687981592,0.010176901120976257,0.75,0.006593348077382065,0.08196813312065943,0.11333708039612145,0.006920468009683999,0.021346002537923108,0.5540798306298758
2024-05-16,0.001308704171518793,0.01764799992660039,0.4583333333333333,0.00660112802829726,0.07938147877565757,0.08317597633060214,0.011273651522563951,0.03734040270698805,0.31584761740621736
2024-05-17,0.0039792390267489874,0.008617216909758352,0.6666666666666666,0.006390132266694975,0.06606492753103725,0.37810808022968967,0.006029724918195574,0.02071088222002515,0.6443412301599766
2024-05-20,-0.00437084750161786,0.015533777661931376,0.25,0.006350287085543578,0.06185669424812393,0.27915338888774455,0.012188968906418244,0.036802274017147606,0.3378053933846607
2024-05-21,0.002718597860096326,0.010320214393596788,0.5,0.006044081685661895,0.06794908297958019,0.06298147208055804,0.009500632933282597,0.029311435579607657,0.4699536429461465
2024-05-22,-0.005296665486811976,0.008924337853069187,0.2916666666666667,0.006151733334150971,0.06211813823713998,0.022309870327599235,0.006487156159436443,0.02229699002815244,0.5547365154537709
2024-05-23,-0.008524950149394911,0.023097857598544828,0.041666666666666664,0.006340840983165011,0.05541764649453176,0.13573261765141797,0.012831982528486238,0.04266029877624629,0.21968201718594782
2024-05-24,0.0036664103038289105,0.011973845885264381,0.5416666666666666,0.0061233517040126815,0.05541583338863361,0.18478192077460143,0.011377794092878897,0.03321126175496192,0.4012217467103872
2024-05-28,0.0004903023726374143,0.017985354944013435,0.4583333333333333,0.006119802034631736,0.05128963835465241,-0.2528286675683027,0.012778908294473073,0.04098132543783488,0.2681054418785536
2024-05-29,-0.009039390282091603,0.011400737295364774,0.16666666666666666,0.005389538971646608,0.045381717215843956,0.15876054136681295,0.0076659930437228295,0.021594128913951367,0.39720767316492955
2024-05-30,-0.0028927022984434753,0.01506724891954237,0.5,0.005484022841172497,0.04844358744467289,-0.01546146460201725,0.011382205363114791,0.0357605975686293,0.3085793169356648
2024-05-31,0.011290510399675574,0.013274130338472115,0.7916666666666666,0.005739327463836049,0.05584224228399298,-0.8207014165281947,0.01019181117447053,0.029092625756187984,0.3632944568561983
2024-06-03,-0.00020148664760158883,0.017289817774963957,0.5,0.005521526768490637,0.047221894934536594,-0.032750448406332344,0.013096869972050148,0.04350907759191121,0.25460540493220857
2024-06-04,0.0014470447366139866,0.0114357384073776,0.625,0.005276168451837182,0.05183017479200613,-0.2278678298466872,0.008486052150010845,0.026761455959060543,0.3551171195065023
2024-06-05,0.007890631784249017,0.015155166687577817,0.6666666666666666,0.005470670081603298,0.05831673862540504,0.003763174959087179,0.011800831883964413,0.029926906571441408,0.28204430186355517
2024-06-06,0.0011778686000589224,0.007224880744133959,0.5,0.005470443313595663,0.04966978560268575,0.04316633000054226,0.005379252957167576,0.01451437438314555,0.5928921486154267
2024-06-07,-0.0036392767162018447,0.009398181233839443,0.375,0.005327580503688333,0.04539695815703446,0.18622316787009208,0.006383591313927836,0.016652980986821813,0.4325241265040631
2024-06-10,0.004185121592280368,0.008845542772591124,0.75,0.005366718502613703,0.050100621044634586,-0.027732688424791707,0.004027650592907159,0.01201270284604968,0.4675648522178443
2024-06-11,0.001010120011563619,0.01802043672476242,0.5,0.005361636581714401,0.05511408959827309,-0.08350133409134419,0.013459236055038017,0.047975705060955644,0.23144814548326983
2024-06-12,0.001036172015967049,0.014482469616124868,0.4583333333333333,0.0053612349584149475,0.051017452560988434,-0.2449593086495725,0.013164107532903663,0.040553334693669764,0.2875580265421276
2024-06-13,-0.0005275920350416574,0.011077729372712841,0.5,0.004991020418988013,0.043355709229868165,0.16965232330533264,0.007506009505395475,0.023484063505867736,0.3371342243494077
2024-06-14,0.0007494281677939743,0.008383420223378723,0.5416666666666666,0.004986549974603105,0.035671568255841744,0.09232703163437739,0.005728383940535862,0.019612993049505402,0.44214864585925007
2024-06-17,0.003600104815443645,0.007429627750085048,0.7916666666666666,0.004972357035345237,0.03468453867438956,-0.029365322014097917,0.00484378883418311,0.01474416156974312,0.4963588100128532
2024-06-18,0.0019000014833023087,0.012073571551587987,0.5833333333333334,0.00486291582432048,0.03738565046551295,-0.028431353165266016,0.005865750972079106,0.017848740362059374,0.2952083294264423
2024-06-20,0.004555250752352936,0.013673958930611352,0.6666666666666666,0.004922954908371538,0.044370474208310466,-0.06906701874994936,0.012112004691355658,0.03968744251047063,0.26737330067469206
2024-06-21,-0.00047695730858613356,0.01264920471471195,0.5,0.004731080145633529,0.04841486035116402,-1.369421258052796,0.009451601742097903,0.02877645438086529,0.2699826748542124
2024-06-24,0.00508143304848067,0.021165356279993677,0.75,0.004261764418781883,0.0431764387810792,0.08500188455717084,0.016888286164113853,0.052818364784209315,0.15321689962176738
2024-06-25,-0.0018917067788764331,0.020413992224560702,0.3333333333333333,0.004298592248267154,0.04098774579585967,-0.46594549066959434,0.015747111786231758,0.04149992588063156,0.15450946868531917
2024-06-26,0.0029820600943555827,0.012445035275008367,0.5416666666666666,0.004310372156354119,0.04653978399829998,0.023231581960159287,0.008742492508754118,0.026199805956945342,0.2634579095997633
2024-06-27,0.0001955554118717867,0.010255069818477238,0.625,0.003561445072359804,0.05112112099719798,-0.05053244950763447,0.005975316193628127,0.015149707165022916,0.2765998949931308
2024-06-28,-0.002738050927665714,0.018533272861298793,0.4583333333333333,0.003550703609807827,0.046364029952647545,-0.8180602782131348,0.011025261722874519,0.03465182535787451,0.15263459873330218
2024-07-01,0.0015740070627991525,0.016226169309824626,0.5,0.0027756774329805857,0.058366140640825126,0.49128631827305713,0.010747265332294031,0.029304039694339368,0.14439597263025492
2024-07-02,0.003898520080740403,0.009259857628994663,0.5833333333333334,0.0028027962586620746,0.051939144661169,0.18619610206157033,0.005763274270220575,0.017021864276497878,0.27298963682735444
2024-07-03,0.002130391475963264,0.011433758553013835,0.5833333333333334,0.002804991573790976,0.05626026353443042,0.5466878457723501,0.00814234301133179,0.02950547404280912,0.22407439306162374
2024-07-05,0.004175430571319916,0.017622329699971982,0.5833333333333334,0.002472157904329809,0.05937865795912033,-0.04138805007337898,0.014742755936105488,0.04771688181562102,0.13484326351793582
2024-07-08,-0.0019062702033955659,0.008728509689101977,0.4166666666666667,0.0025836307201969077,0.06316968384822032,-0.017920953625522484,0.005529795544066642,0.01917050734678516,0.2764128830277241
2024-07-09,0.00036524907577722976,0.010361313362850264,0.4583333333333333,0.0023231767132963284,0.05968245721036131,-0.29782696002156683,0.00853321530352695,0.025995030105483763,0.21705464036464656
2024-07-10,0.011006918525871892,0.008013337107586239,0.9583333333333334,0.003107376844595331,0.0844740052783575,0.08578560038153349,0.00558950599334837,0.017193685855167305,0.3232187736001311
2024-07-11,-0.005182599275315165,0.02113095388602059,0.5833333333333334,0.0034801787319446668,0.08572067755050918,-0.14991054611871846,0.019054324917977865,0.04535144295935034,0.13244479973038625
2024-07-12,0.0014642235840868906,0.011847634446884978,0.5416666666666666,0.0034783211704766514,0.09132662515876251,0.11850320937348602,0.008304119008426501,0.027323000629795126,0.23802958696902432
2024-07-15,0.006224004114834504,0.011899865231008715,0.6666666666666666,0.003592070815534287,0.09824765162067961,-0.19639751049492093,0.009575739990816613,0.026653141666396207,0.260919605194425
2024-07-16,0.011383616721201117,0.021305708621655945,0.7083333333333334,0.0041576115533664935,0.10702782575744824,-0.48189221168513585,0.014823433181589218,0.03980630401422077,0.17068747302380816
2024-07-17,-0.0004894628319287442,0.02547144585526996,0.5833333333333334,0.004196746780647374,0.11095061364452416,-0.673815778932658,0.02166873197412027,0.06327614165938203,0.1366661902985788
2024-07-18,-0.007757715092443528,0.015330112192947169,0.20833333333333334,0.004753317433672552,0.09272136564345347,-0.3295359045952784,0.01115286828378447,0.03488112195434086,0.2461802692239656
2024-07-19,-0.006388067614261704,0.010002768269384706,0.2916666666666667,0.0050325937516322895,0.07566726969744511,0.1353358663062345,0.007577645922145024,0.023020728481635833,0.38645421806083213
2024-07-22,0.0031290497086250194,0.014682331674883219,0.4583333333333333,0.005034605934175834,0.08208031023112769,0.5811534631721225,0.012276215832034398,0.035132800214374996,0.2723148269992011
2024-07-23,-0.008707740012376244,0.025791281133027564,0.4583333333333333,0.00542741176138789,0.07942696303658009,0.13363653246854046,0.01528760260115353,0.04753881309230475,0.16205212671011157
2024-07-24,-0.011499267551890124,0.024173874810219955,0.375,0.006055260471459008,0.05886095340095419,-0.12211189170123449,0.021874137068047656,0.05997403446202128,0.19276636589787063
2024-07-25,-0.004007725673693133,0.017407809603253225,0.3333333333333333,0.006087440435595564,0.05471900882823551,-0.11141624386814142,0.010567021434093027,0.029119573263636865,0.2706367649450056
2024-07-26,0.007906190770844026,0.009172310796137671,0.7083333333333334,0.006349438362546713,0.07753481390418865,-0.08023817909926967,0.00374485530111072,0.011655431292563894,0.5556642330412338
2024-07-29,-0.0018367782420498219,0.012539289290027381,0.375,0.006330441713514421,0.07522495428840623,0.5099492989536604,0.008928178978124982,0.027086607159035846,0.40286664520041876
2024-07-30,-0.0032017437013385267,0.029561141976751207,0.625,0.006368783585937526,0.06419223202462399,-0.41790129862700987,0.015887700314590948,0.04276288630512944,0.17364174379443129
2024-07-31,0.007100054199037508,0.029273075490502714,0.5833333333333334,0.006509670549261289,0.06268406126096358,-0.6179065804185033,0.018589333303642437,0.057522159581927336,0.1808188876167106
2024-08-01,-0.00762153106649766,0.025560296198332732,0.3333333333333333,0.0067189652504558075,0.04679439399503221,-2.5584432559364996,0.019260271809354402,0.05123960933575682,0.217825407172026
2024-08-02,-0.01360549749939848,0.029182826437509857,0.2916666666666667,0.007251936918531668,0.029566303218702416,-1.0787317170977895,0.02141336560982182,0.07096658541330347,0.2069431241067499
2024-08-05,-0.02575244225234996,0.012924904427836217,0.0,0.009101783547415148,0.0028189255634157723,-0.8140654876618347,0.010882973669375247,0.034025191926097764,0.5595007619643732
2024-08-06,0.006564957214954111,0.01585428080547869,0.5833333333333334,0.009303313067714444,0.0013719072824375884,-0.14039730174607268,0.009821067139394972,0.02899051403217997,0.4756746379844511
2024-08-07,-0.0017910734446053937,0.01474044290371412,0.5,0.00878254249607122,-0.0031857923472500453,-0.295715943898313,0.007296564812140754,0.019982404251619085,0.4803578206461135
2024-08-08,0.018589102000339686,0.013368184070685483,1.0,0.009959130178275764,0.015714794434819608,0.17320048660811116,0.009284151519046888,0.024168961268226468,0.579810400863246
2024-08-09,0.0030554512398205344,0.007274680883742984,0.7083333333333334,0.009990488931462971,0.017609148089159476,0.24420995037298532,0.004727425885199338,0.012324179682840683,1.0764147146473164
2024-08-12,0.00010985024301548203,0.012300541629627175,0.4166666666666667,0.009836132477279809,0.008594032644193363,0.06725733811414081,0.008028130834270794,0.023775320351636837,0.611750773308152
2024-08-13,0.009518102866800026,0.016110837570643233,0.75,0.009713198351533182,0.016803431339474595,0.1782025683284545,0.013104835125648308,0.04371317215456327,0.4612789452272266
2024-08-14,0.004843941422256054,0.00912462454102078,0.75,0.009824637227737876,0.01766813373498166,0.2694576686468627,0.0045732461799661206,0.013092790257093052,0.8383154897433308
2024-08-15,0.013460942795696906,0.016441985850205166,0.875,0.010257157476783777,0.03549992403229643,0.08541794444176232,0.008411880994986676,0.022927632212551268,0.4825740362678582
2024-08-16,0.0037284426132828258,0.007993468223684977,0.6666666666666666,0.010201148791764631,0.03650976878548293,0.025046684921589457,0.0032537013924875124,0.010615656086929123,0.9759836415972015
2024-08-19,0.008310900550017888,0.010959203705932714,0.9166666666666666,0.01034955379930861,0.05011733482231279,0.11681088082349478,0.006159973590688135,0.015389583633182583,0.7355084351292475
2024-08-20,-0.0023065954062080805,0.012637921161466614,0.5416666666666666,0.01015483625577382,0.05633568956549963,-0.040253429531521334,0.010584187408532649,0.031183835453757358,0.6124843982494454
2024-08-21,0.002489591609648683,0.006642441633627809,0.5416666666666666,0.009752989508092754,0.05515887087131939,0.24422426532572183,0.0035657041489724883,0.011318779191442233,1.0974948885792826
2024-08-22,-0.0041210881671931475,0.011387281501496895,0.4166666666666667,0.00975625529626887,0.050547480331488835,0.1353707389144324,0.01022868060284275,0.030086185196092036,0.6406896908896732
2024-08-23,0.010006957524456503,0.01129075069547702,0.875,0.00984236814157002,0.06959382813803694,0.10572210197800558,0.006820228933164936,0.019428345741265098,0.6554703405073893
2024-08-26,0.0023078989056470878,0.009732024295591469,0.6666666666666666,0.00981473287475982,0.0747944293421275,0.11536783803668704,0.008246036659012,0.025223228543825825,0.7628739931826292
2024-08-27,-0.0010058219682726143,0.007645132100945094,0.4583333333333333,0.009770557307461562,0.06249809697417932,0.43825742000625534,0.004680167602354114,0.016345825564449485,0.9567541872259747
2024-08-28,-0.004506421648771811,0.00745408584262868,0.25,0.009777252848800301,0.0581931619730091,0.4384850523662377,0.0061987807720116335,0.017084416020472948,0.963878156711423
2024-08-29,0.003166626382583304,0.01574840783191558,0.8333333333333334,0.009565255164966714,0.059912743618978415,0.4214515067022928,0.008276163443006143,0.028826461877817754,0.44208185119873705
2024-08-30,0.00797520765751781,0.008458062774614836,0.8333333333333334,0.008950865845913845,0.05999731949224721,0.37333099666107894,0.004534964032821527,0.015617986343556562,0.7898464428193033
2024-09-03,-0.018406237514789436,0.023821936381306814,0.16666666666666666,0.007796767073293517,0.04041321337739885,0.07546787206545724,0.017957760957662286,0.05498688824165913,0.26501878175394317
2024-09-04,-0.0027500535896601147,0.008761765820304466,0.4166666666666667,0.007856851035952402,0.04130243650394058,0.05521390834479423,0.005671956489150357,0.015352414043043106,0.698776422823455
2024-09-05,-0.0024736575401628816,0.011469002918596698,0.2916666666666667,0.007878536326991478,0.034643657371497334,0.0436511855338062,0.0073987245922198675,0.01753315848456638,0.5368073080114227
2024-09-06,-0.014557856579586359,0.014059349475915306,0.16666666666666666,0.007824177226086923,0.019075680780347354,-0.018543439365012793,0.01063864063543864,0.03150204447867,0.42356741479901816
2024-09-09,0.009914285151495167,0.01209939120569685,0.8333333333333334,0.008068183258909017,0.02795379391587547,-0.6085693075550793,0.007476406785244609,0.023062228314288873,0.5205240412333938
2024-09-10,-0.002314024319433214,0.019081593994079,0.4166666666666667,0.008104889678267826,0.026167361631483914,-0.16749243642156553,0.016651066106898087,0.046271351434638605,0.3358331967791823
2024-09-11,0.004453916661651204,0.020853523826695246,0.5,0.007906846775758541,0.029871850125341142,-0.07124666137985813,0.016390405408218987,0.05019603037532387,0.29515507554350684
2024-09-12,0.00708217396663038,0.008456447691432669,0.75,0.00798093732150242,0.03335391927652788,0.16433630851836778,0.00650330560199701,0.020208401441732454,0.7410836389355757
2024-09-13,0.005248612478996874,0.008183580778060992,0.625,0.0075043466664404595,0.03670253027222244,0.27719495420964213,0.0040470847220866815,0.011656592296817519,0.7156180980702508
2024-09-16,0.005741474596103496,0.012293709656271325,0.75,0.007561624943780596,0.037888754115973,-0.009754476635801757,0.009724358802686362,0.029960110805107742,0.48455431903766366
2024-09-17,0.003184202928849129,0.011589067829252253,0.7083333333333334,0.007375092349206365,0.04154991435340827,-0.03954529608364332,0.009010489908300024,0.0281517289208321,0.4918976499122518
2024-09-18,-0.0018861552976405748,0.008880240509340973,0.5,0.007367397202186034,0.034582326007287015,-0.18016340345659287,0.0028066074371796263,0.00917580957559013,0.6395787612374013
2024-09-19,0.01407204304509345,0.019032127087204226,0.75,0.00796488393272576,0.0505460758312569,-0.3701551620094701,0.01707888956326091,0.04567006309181665,0.3288510930780108
2024-09-20,-0.0014951425923691124,0.010479153766592978,0.375,0.007896389179663314,0.04606887314453221,-1.7722626375880228,0.008969598078844945,0.02786615901589825,0.5847264630298199
2024-09-23,0.001582896443741803,0.008215854770511982,0.5833333333333334,0.00762108677693626,0.04745621417640222,0.028381292008295422,0.005992487320930948,0.01696510738195367,0.6945394755431149
2024-09-24,0.004561030997538781,0.013568830785126218,0.5833333333333334,0.007661613614599013,0.05475529610160672,-0.31705370722372916,0.007981691589501329,0.021182766662084334,0.42884255542658006
2024-09-25,-0.003837935127859469,0.012290031383042837,0.375,0.007724206758456499,0.049343353910948094,-0.2679271293929588,0.00966401630983204,0.03219072001499194,0.4849863714951706
2024-09-26,-0.0008350323526915606,0.01333384265307217,0.4583333333333333,0.007636141175814973,0.04460980147751613,-0.5658217939491015,0.010568358977130954,0.03730485385473081,0.43325306976595224
2024-09-27,0.003158840242645613,0.011180072063731434,0.7083333333333334,0.007636020877934515,0.04563825024419848,0.005316802293450662,0.009936811908364629,0.03423437889608109,0.5166817281046092
2024-09-30,0.005071197145489088,0.0075745520890157575,0.7916666666666666,0.007521574930451764,0.04653401681836765,0.06829154807993343,0.0034808539636813187,0.009224612911013322,0.7434549742931565
2024-10-01,-0.0022112540815483147,0.01668954844169785,0.375,0.006081758988208467,0.0462290329402149,0.23364881460324916,0.0158334885446079,0.05550122340756025,0.2888987244803385
2024-10-02,-8.853254415666645e-05,0.009385691174914244,0.5416666666666666,0.006010601805696377,0.045775251320281006,0.10387906711538109,0.005740356160574243,0.01907660466165332,0.49953840556947526
2024-10-03,-0.0015037085857961356,0.011766958458459395,0.3333333333333333,0.005978825115527647,0.03326462420861299,0.167966222018602,0.007834202716710835,0.0196698410196506,0.394325838180389
2024-10-04,0.008631413871948984,0.011994554649350586,0.6666666666666666,0.004773338091576019,0.04707863735587713,-0.06637987378870247,0.009169658425995058,0.027895648434246745,0.3621387995275947
2024-10-07,-0.008338465281647259,0.012222246889567101,0.20833333333333334,0.005100686657223854,0.037275948490142985,0.23545869626593396,0.008826310565900585,0.025424058654895425,0.34894587440645397
2024-10-08,0.0033753380750796195,0.016847097616312246,0.625,0.0050043532648840604,0.0344272824503881,0.1360462705701263,0.014868931299477512,0.0493071715964879,0.25630339505440936
2024-10-09,0.008653264875834213,0.009526795728196263,0.875,0.005184411175199046,0.03169693060502119,0.15487134199299257,0.007881326866650365,0.02688222712364774,0.47528422522819375
2024-10-10,-0.00018452578363544378,0.007350854882995535,0.4166666666666667,0.005100955523410169,0.03200186765331449,-0.03538511493742802,0.004182727971525721,0.013139322532277748,0.5690567129967133
2024-10-11,0.0086811566710875,0.014234840987560147,0.8333333333333334,0.005265954021606016,0.04844073941684552,-0.11372102855598198,0.013379385625125228,0.04144530443880353,0.30591704753452276
2024-10-14,0.003722345362591889,0.010039433156006616,0.6666666666666666,0.005215955758068356,0.05855115239369911,-0.005526097154247678,0.0062281790368802995,0.020118014080353925,0.42370161733854644
2024-10-15,-0.007211748632202771,0.023051343543752375,0.4583333333333333,0.005616946313217807,0.04821035405287133,-0.6095687590064971,0.012976160664413015,0.03958108336795363,0.19326861976934015
2024-10-16,0.003567449291821396,0.011642485377310519,0.5416666666666666,0.005566046736599355,0.06048554335706897,0.22347229672255853,0.006982365162159442,0.020385347251926495,0.3898794718767795
2024-10-17,-0.00107431738192811,0.007840160379376642,0.5,0.004811882095230629,0.07091049352703098,0.24540420428809717,0.005857847500595374,0.01905111118763928,0.49607145503188255
2024-10-18,0.0067680035646459314,0.02284245280938047,0.625,0.004920791279253372,0.08168622276537003,0.6120402511941618,0.013008888546436403,0.041134522134265494,0.18180721879346906
2024-10-21,-0.004869513860114495,0.014302325467856486,0.375,0.005130695489344279,0.06891051813441153,-0.017498228481884537,0.010646946829568064,0.031050598223444026,0.30185676421753227
2024-10-22,0.002500644604095418,0.0073224472441257085,0.625,0.0050822646488701394,0.07324794098055676,-0.03463815707825835,0.0032151152183331525,0.009139401349551195,0.5755226669911185
2024-10-23,-0.009952351127607747,0.014756142524472418,0.16666666666666666,0.005562412332078937,0.06649733355428754,-0.13346815936214007,0.011021217007152657,0.028725241466940703,0.30631007794430415
2024-10-24,0.0014614677120197382,0.016717908613229342,0.5416666666666666,0.005548548910936022,0.06085874706726977,0.129469694118159,0.006238840372220077,0.017716886668818134,0.27223961083225834
2024-10-25,-0.004100750565384346,0.011366058340350461,0.4166666666666667,0.005637175703443453,0.06437952756838308,-0.029803219654211288,0.008902866218197716,0.025950962207528537,0.4045705479627133
2024-10-28,0.0029315172486141425,0.009670084043199006,0.625,0.005568637077503276,0.08091654231639571,0.048401868079269605,0.007635973173269024,0.024119189058310675,0.46446219453974763
2024-10-29,-0.00258470630987212,0.011872040221649362,0.3333333333333333,0.005578957111718121,0.10408427825887355,-0.0015676731707938707,0.010706245233973155,0.03320061672088892,0.37988930152711536
2024-10-30,-0.0016787743307429825,0.010187271065376686,0.4166666666666667,0.0055993692901922095,0.09584054671317646,-0.1576882893261191,0.006109212199578228,0.01731690057938262,0.4505203726670256
2024-10-31,-0.008721606172679086,0.02371721409953497,0.4166666666666667,0.005952679166850458,0.08891001398510276,-0.25116043915870545,0.018367313694119817,0.06521112190161889,0.2087289011011932
2024-11-01,0.004864029386472772,0.015934942591239065,0.5833333333333334,0.005722968006950941,0.07518494137123584,-0.025229465515335114,0.008107922486163405,0.02405147038198267,0.29884631115784643
2024-11-04,-0.0033449603651986848,0.010675564203524354,0.2916666666666667,0.005447361714331809,0.06878452976621661,0.15068606445712784,0.009050795410298547,0.028940622584491003,0.4226871273549853
2024-11-05,0.01022820673918684,0.008886259640619076,0.9166666666666666,0.005861364628613822,0.07890288626238798,0.050626734344362934,0.005488578230915577,0.016281451691626276,0.5463566444867625
2024-11-06,0.026716724433031084,0.04325963666881157,0.625,0.008136682011418988,0.09610150782861905,-1.17497303839657,0.03837863279822605,0.12918027998162307,0.13310883818166877
2024-11-07,0.004219710381787071,0.018242562575425916,0.6666666666666666,0.008151527271608974,0.09547727678815006,-0.4371919759893983,0.016725515343137928,0.05326517397308328,0.3267084425453893
2024-11-08,0.001585555153290184,0.013349867997394797,0.5,0.00797999977302518,0.08360188914574333,-0.2955648537519526,0.009355593764362666,0.027345848496873083,0.41987075319832295
2024-11-11,0.0010548469406581283,0.012931726047244881,0.4583333333333333,0.007958790337799332,0.08092829347311864,-0.3652260997287402,0.009795167574733235,0.03059946889925576,0.42313332265752995
2024-11-12,-0.0009576769744874628,0.014049148814181426,0.375,0.007733974738064561,0.07165971594861328,0.14044982379457627,0.009774570675270332,0.028871220479375327,0.3672208683542573
2024-11-13,0.003332032759720669,0.012143799247454465,0.625,0.007730729949881998,0.07729834411454205,-0.28444503253228204,0.006769057362320291,0.01775214943176573,0.4238681565537097
2024-11-14,-0.002247851251903512,0.009953373573316701,0.5,0.007755064925407104,0.07256090125298983,-0.25040354675798926,0.007069764938434921,0.0204208849950126,0.5230434139468195
2024-11-15,-0.00791524832602431,0.017269102606558874,0.2916666666666667,0.007909654728277234,0.06876674109415869,-0.36104513700433727,0.013590301251878977,0.03854966559326408,0.30478762284645156
2024-11-18,0.0037595573778791366,0.009380044592812437,0.625,0.007829043323389252,0.06251934094758131,-0.2584684637374175,0.0061436628856211045,0.018675110895061277,0.5552117430255493
2024-11-19,0.0020529799166321833,0.016444715880136546,0.4166666666666667,0.007825339333507922,0.06226442195856641,0.042554775565392555,0.01304483806836235,0.029967848790635816,0.31533093739388784
2024-11-20,0.001464323979571298,0.011870213354180944,0.5833333333333334,0.007385708472803982,0.06473456790641033,-0.03988564064627664,0.008698573520685673,0.025107072156882904,0.4010986301759114
2024-11-21,0.00396320014472402,0.0168961908886689,0.5833333333333334,0.0074042940194974875,0.07320418969990616,-0.24055253897736661,0.009316770652397229,0.028635203081758858,0.28919020683945074
2024-11-22,0.004561502163954799,0.014100565327417314,0.625,0.00729779189275368,0.07459906548127765,-0.5175130998648909,0.01088016604572829,0.02789578924042054,0.3481598364198857
2024-11-25,0.00294337131385849,0.02082653394416479,0.75,0.007297857975549329,0.06956722913761833,-0.9887598325123517,0.01545034151814099,0.0469300296789816,0.23574941630935134
2024-11-26,0.005868270266892235,0.010746095155127752,0.7916666666666666,0.007252955088050811,0.0938417369193,-0.1078472920055138,0.006422614724987469,0.01741347176969399,0.47217350541638925
2024-11-27,-0.0008388723853738576,0.0064288564376886025,0.4166666666666667,0.007229346638949709,0.09575291812358626,0.1572663275734174,0.004629456255824613,0.01561707472706749,0.7827249481208636
2024-11-29,0.003911558041870873,0.007210308199746542,0.7083333333333334,0.006719274041615982,0.10213813370562,0.2780356615179337,0.0047567768318633255,0.015566291511485846,0.6645380172922863
2024-12-02,-0.00036795901602497866,0.012134039322222826,0.4166666666666667,0.006755332566304167,0.11632803126918138,-0.09546067558832783,0.010629255545406923,0.03125747098089863,0.3763561560444092
2024-12-03,-0.00011512927274269964,0.013559198529672477,0.4583333333333333,0.006633183036198412,0.10629861684494353,-0.3810769972339909,0.00985181117176125,0.030805391049766352,0.3248885863231844
2024-12-04,-0.0004628551959865492,0.015297364148256014,0.5,0.006462255766006214,0.1081497859683902,-0.36260496222042904,0.01264470372226369,0.04189819146849479,0.2560546527401084
2024-12-05,0.000641084647995685,0.014757037627482185,0.5833333333333334,0.0031039460780043857,0.10433695395473466,0.46384367859889675,0.008702783110025494,0.020856938772640686,0.1770802068500765
2024-12-06,-0.0018422818130484815,0.016621604547013058,0.5,0.0031021319289652265,0.0954124981750558,0.14421758190784872,0.013000085235069021,0.03709357574548633,0.1500642034935316
2024-12-09,-0.002091018004551743,0.014029639469408054,0.4583333333333333,0.003174905071749141,0.08807286769150718,-0.14156077784405463,0.009564188402385137,0.024749797601504864,0.17958986010931063
2024-12-10,-0.0006389524396464055,0.017133085206602606,0.375,0.0031913000222009787,0.08169244065575729,0.06708571014389819,0.010573686152102432,0.031240667955740615,0.14584566845447708
2024-12-11,0.002214093281778004,0.020948997093823703,0.4583333333333333,0.003180711340707435,0.08072233100868616,-0.3065178239265325,0.017746224051192604,0.0626596583290896,0.12227826795413625
2024-12-12,-0.005416826804276631,0.011195010638193585,0.25,0.003422447315454315,0.0771916595020501,0.04419632064525225,0.00465645326961631,0.014544145377282287,0.23812811513924145
2024-12-13,-0.003790906730388524,0.00766124936016672,0.3333333333333333,0.003503426544818576,0.05932870972656813,0.2014156908987237,0.00585570008937851,0.018024565809451665,0.35803554057681175
2024-12-16,-0.002076654616556715,0.018524350833223086,0.4583333333333333,0.0029784348377946113,0.05874719770238053,0.011079105917110144,0.01402237784914289,0.039270445296466616,0.13231610072357927
2024-12-17,-0.004763385846319824,0.009935311639843713,0.20833333333333334,0.0031219358468229995,0.05240091541231891,-0.119030745355728,0.005633988870851303,0.01628407143708077,0.2517546892116457
2024-12-18,-0.023818243733253017,0.015684925194914115,0.041666666666666664,0.006191269009219583,0.024021640681527106,-0.37342524836888424,0.01265926423898802,0.03705229374695388,0.22885187148387903
2024-12-19,-0.0018402936951008402,0.010661705270970195,0.4166666666666667,0.0061651607100172805,0.02601928211428573,-0.2637067773202062,0.006505331237889269,0.01859970854593096,0.3384376963169296
2024-12-20,0.008650727808769673,0.012902170509729787,0.75,0.006454031266724513,0.03550504227574697,-1.4803727141357998,0.008694614621680407,0.025828571007045425,0.29783355839404263
2024-12-23,0.004262113784331588,0.011450376880579724,0.6666666666666666,0.006440875627359633,0.03660831581743294,0.30009834301182725,0.007921810966178253,0.022439793136481777,0.33428855441695693
2024-12-24,0.00950357496147763,0.006938997747427029,0.9583333333333334,0.006807716684482109,0.041040693633421485,0.7842217194068488,0.005180397766290447,0.014775039463054697,0.5988963058620735
2024-12-26,0.00018840806714830646,0.005301611853035973,0.5,0.006637811824281072,0.043440355782118106,0.521470242264411,0.0034685128427227774,0.010300063103109639,0.7302962032414617
2024-12-27,-0.007453626658435755,0.006254993957365279,0.08333333333333333,0.006795707957863705,0.03607526166783902,0.2804514695790442,0.005455162965515736,0.017255324729359128,0.6718607163539709
2024-12-30,-0.008593207657371154,0.00476316335983593,0.08333333333333333,0.00686919317524613,0.028985762596263998,0.061774018244661,0.002428918571314538,0.007301768875877487,0.9314329294624549
2024-12-31,-6.785279210618407e-05,0.009871782386430364,0.4583333333333333,0.00687302098402296,0.02028649593220883,0.3940935313263757,0.009188580227243892,0.029693209687313482,0.4478990437068485
2025-01-02,7.737139306262612e-05,0.011830397192403298,0.4166666666666667,0.0068757503091985556,0.028702332606918714,0.14202915571040642,0.006095879165016029,0.015744979631058958,0.37358627311501347
2025-01-03,0.007864218976731846,0.01026968712022009,0.75,0.007209216272161,0.033191213508570946,0.41779889107213164,0.005191046304804653,0.017277899269707166,0.4663961160206098
2025-01-06,0.003232095545662126,0.01587348847441828,0.625,0.007271772176972465,0.027770044178398855,0.01718489625469133,0.011826384802618582,0.03503769986784895,0.3099062149085116
2025-01-07,-0.0030797226623855887,0.017223682174613893,0.4583333333333333,0.007281707231088876,0.024874847299648707,0.053813485375912795,0.014377883180764132,0.04278801554080609,0.2892044060305225
2025-01-08,-0.0003980419832011195,0.01050485735033541,0.4583333333333333,0.007282870235649586,0.015795648645360087,0.14359159369167473,0.005764736066641342,0.01813624614814465,0.46611922547847223
2025-01-10,-0.011940286817674348,0.015471014032399467,0.20833333333333334,0.0076578769947101165,0.00013301646509385374,-0.21149149926265554,0.010506314859893203,0.02997631395222585,0.3530203436803757
2025-01-13,0.006548581691169379,0.015053206526620401,0.625,0.007838519173381934,0.013893346788466003,0.17731187637342627,0.013089967708274888,0.03597810380394887,0.3772157846389411
2025-01-14,0.0010882866649580454,0.011226009053864975,0.5416666666666666,0.007808704340101495,0.011414184161602654,-0.006564733874824258,0.009384299853978885,0.0296440030414837,0.486538009910544
2025-01-15,0.016996447732786,0.01570200729124107,0.875,0.008784965643038397,0.029484949276316764,-0.497292788766885,0.013580898148554154,0.0358609409182283,0.38989646615692025
2025-01-16,-0.0027049739584344007,0.01837234522457256,0.5,0.008792845095758091,0.02001197175323643,0.23939726325798538,0.011642109407833848,0.03762623896887092,0.33493672398930974
2025-01-17,0.007216639501661602,0.01193779781588656,0.75,0.008881285037779558,0.032098125115012525,-0.129167530847905,0.00847967498714913,0.027750496373609712,0.5257448568892484
2025-01-21,0.006704383605250011,0.016524363565655203,0.7083333333333334,0.006929074939144975,0.03630186411616712,-0.2430344259111903,0.011683509359897325,0.037848418643548896,0.3280333778876755
2025-01-22,0.0039023930996190067,0.026055731969726156,0.375,0.006888596824753556,0.05015660834339387,-0.06407412554160197,0.01910090349211407,0.05021568353365054,0.21199357494656762
2025-01-23,0.008938992893269321,0.008650801709359833,0.8333333333333334,0.006903310660341413,0.05763413352464346,0.6037496755923657,0.0058616893306769145,0.016586465906446374,0.6401789346697006
2025-01-24,-0.003111360842481,0.010750074341520035,0.4166666666666667,0.006979044321941495,0.058623523247546806,-0.13598651277287255,0.007272623714134754,0.020780285297817464,0.5098126023256263
2025-01-27,0.004227118361075981,0.04246928524935962,0.75,0.006766846465687243,0.059919124360008645,-2.5834929232639094,0.02684474403613557,0.0841343681233934,0.12283466779801412
2025-01-28,0.001874653797058548,0.0245701317076753,0.3333333333333333,0.006760385125280725,0.0643784844669393,-1.063888884420491,0.022242134815916807,0.06670430650368049,0.21575028147137504
2025-01-29,-0.0019136981095627021,0.010373681002891837,0.5416666666666666,0.006479003571846179,0.06414356068811959,-0.3386089018315488,0.006544552764292997,0.019184522948355005,0.484304115663044
2025-01-30,-0.00431525758421739,0.03497408740142559,0.6666666666666666,0.0061800444970559094,0.06854990927658128,-0.6725453738241216,0.024296813204533623,0.07079273799907568,0.13753379310255556
2025-01-31,-0.007812914189435088,0.013720516953650045,0.20833333333333334,0.006551684993171248,0.05587296570067343,-0.9582730012023006,0.01171633919325992,0.03967065347040696,0.3788029261610408
2025-02-03,-0.004307037636165971,0.013684542825489383,0.375,0.006679867968607627,0.05491088842970614,-0.24351507636428327,0.011764973905203868,0.0336429832663652,0.395252903338884
2025-02-04,0.005575859467970054,0.022956915551588106,0.7916666666666666,0.006583125054596298,0.05025854115848935,-0.6327721725601625,0.015905040679540305,0.053036164547885734,0.23062494154776064
2025-02-05,0.0002988958087065535,0.021059313920913827,0.5416666666666666,0.006571325393463626,0.023840712534164823,-0.028842270485508026,0.011879865257467995,0.03617787099304337,0.24444183413030807
2025-02-06,0.002526485471044703,0.017805376387077274,0.6666666666666666,0.0064988031462148675,0.022147487623422456,-0.2818069541143158,0.01176048821377231,0.033625397014198866,0.28756008013978973
2025-02-07,-0.008259941558553877,0.01236888154984795,0.20833333333333334,0.006846214141253309,0.012301990911578397,0.06946143258027082,0.005212521641946932,0.01676742927254386,0.44573233378748567
2025-02-10,0.00870020839631353,0.014314125104162561,0.75,0.006315887476664978,0.019947352367233797,0.11786166666843012,0.011680968778066953,0.040829416088049054,0.3738409773245954
2025-02-11,0.004827123915170308,0.013096126540784105,0.625,0.006263710541397637,0.025732153256891568,0.14901166609458805,0.00797913997506275,0.02534553694283,0.40203747369804094
2025-02-12,-0.006477640801710062,0.014455071105972495,0.3333333333333333,0.006545253584312306,0.015922479695460838,-0.22478491814065782,0.011909063956840913,0.03573133567987952,0.382883023953963
2025-02-13,0.0074005529381027625,0.009688006957258162,0.875,0.005651310306042124,0.02557088388546711,0.08914223673560306,0.006323599632772383,0.018879024573900005,0.521759183193312
2025-02-14,-0.0014560545709480833,0.014776915379138972,0.4583333333333333,0.0056130734737902446,0.03203007764054334,-0.20641642073541688,0.011850821966225982,0.03336756012807256,0.33784863074087146
2025-02-18,-0.0008061807997217738,0.01570855444673312,0.5833333333333334,0.005446701383943834,0.027464339462942425,-0.013796831378660057,0.012126574681713543,0.030758635963053282,0.2974072317195572
2025-02-19,0.0037161027422005547,0.012201942232618637,0.5833333333333334,0.005316381588912715,0.0291274622885108,0.34001935518485726,0.010078945216743386,0.032047397478324746,0.37063145874243447
2025-02-20,-0.004997850161592742,0.021405150424039062,0.5,0.005403916637174434,0.02266528814734676,0.0050064646642222765,0.016053892985733384,0.04950108209731911,0.21383622219840268
2025-02-21,-0.013686548593335521,0.021749299666122896,0.25,0.0058360741953649795,0.005015539409287218,-0.2772215252933332,0.008467774326546515,0.02514763787166822,0.22136686519463558
2025-02-24,-0.004370127283913144,0.011597839278215073,0.375,0.005867879725193543,-0.003916090038580725,-0.31619977283271417,0.007301632389986077,0.019960341235246554,0.42055356108458025
2025-02-25,7.75680069328664e-05,0.017763734585027047,0.5,0.005746826619074353,-0.006781893345506349,0.014939193924144112,0.016266544017153144,0.03889223568510536,0.2628971441382128
2025-02-26,-0.003951868359136764,0.014800745790187263,0.3333333333333333,0.005732007935999264,-0.016602031971535345,0.009921986136854355,0.008714543620799462,0.025800778301363847,0.3225442749582095
2025-02-27,-0.005729152409675392,0.021712112140697393,0.5833333333333334,0.005810797516058178,-0.021492311995836882,-0.2717254771904003,0.017140937048202822,0.048196231514824515,0.22865893942379442
2025-02-28,0.016032203318477208,0.010387004899865293,0.9583333333333334,0.006983043221755619,-0.009371666719230544,-0.3897460069827141,0.007642933384267051,0.02237399968382462,0.5343711565522927
2025-03-03,-0.017944957446516332,0.02357765777256675,0.20833333333333334,0.007845460971618493,-0.026948665149721898,-0.12384253260356703,0.017814693585294583,0.04933309168843961,0.25690075081830366
2025-03-04,-0.013106670439820861,0.01951177095005838,0.20833333333333334,0.00826770769865526,-0.039940206316800064,-0.49094829218458935,0.016703245044996647,0.05049357389734873,0.33298359442215136
2025-03-05,0.008224435523942942,0.01426208586327789,0.7083333333333334,0.008408401744681009,-0.031252915596870566,-0.1106127514054589,0.011648698220940775,0.0365287417847064,0.4648358235144658
2025-03-06,-0.00978285851430244,0.026642274907624428,0.4583333333333333,0.008598150668150695,-0.04167685875916869,-0.3338777786496072,0.02074103904757871,0.056779596069599036,0.26663363347165464
2025-03-07,0.0052981835849227376,0.016206160941724918,0.6666666666666666,0.00869593642016998,-0.03453639336119747,-0.37566533582766604,0.010128978706224546,0.028200572667069136,0.4468863103548602
2025-03-10,-0.0182957875591592,0.023927598420383566,0.2916666666666667,0.009352220737579896,-0.050741162915804924,-1.0270068006943482,0.02232985083926316,0.06366601072879885,0.3236473478131292
2025-03-11,-0.006768812196686472,0.018226272440311986,0.2916666666666667,0.009027176413645423,-0.056871022672844995,-0.28666140427124476,0.010427890293832223,0.03673500700750491,0.419588480494726
2025-03-12,-0.00039419105452345265,0.021133901956489603,0.375,0.008860119583204012,-0.05947930700914645,-0.2019950087047746,0.015763135793047188,0.04586024567163105,0.35137322632467277
2025-03-13,-0.011886368907727934,0.01561098677899093,0.25,0.009041270204623714,-0.06594884911259775,0.015940231050435294,0.012972585914138487,0.04035901647999044,0.49300686942734295
2025-03-14,0.018961755679227695,0.01344348129535358,0.875,0.010091631803309119,-0.04319618670298154,-0.04418139575395785,0.011864771684724478,0.02986768774246244,0.615494132498109
2025-03-17,0.008123486301448274,0.011572484378055824,0.8333333333333334,0.010393748461536564,-0.032996045784976544,-0.05207432230671216,0.006490244733103526,0.021366246958205104,0.7438122327894917
2025-03-18,-0.007051068274602677,0.013993761932482291,0.3333333333333333,0.010431882523588823,-0.035283728213259404,0.1795943367416245,0.012423230378426804,0.03475977717854269,0.6374268664098234
2025-03-19,0.008405789356499055,0.010377724568087806,0.75,0.01063853090260731,-0.0030596951235073305,-0.17619459633806311,0.008955785574760062,0.023648267577620473,0.8821282631428505
2025-03-20,0.001791988508442759,0.006868940237092371,0.5833333333333334,0.010667697211494947,0.0005725870800362687,0.1359039250881231,0.004200798651447069,0.012059151117095176,1.3094001047491914
2025-03-21,0.0006874955594980322,0.010128292870656008,0.4583333333333333,0.010339532411387659,-0.007390645169235373,-1.0581683050187842,0.006705360058013074,0.018620036225804625,0.8238543771229194
2025-03-24,0.012610818129961324,0.013956521499864243,0.8333333333333334,0.010786257432490398,0.0009580591763943633,0.20681667643151103,0.010756321642807529,0.027990078257744876,0.6273965154326165
2025-03-25,-0.0018546944998298388,0.018928760731025666,0.625,0.01078725073500194,-0.010400210284913105,0.2785197019577086,0.014549277487816462,0.04106448032741668,0.4672851755541627
2025-03-26,-0.0036564016342220673,0.019355192776673236,0.5416666666666666,0.010782953905367102,-0.01424501998628348,-0.010090416593760088,0.016440037175439404,0.04307469833124752,0.4562267111912534
2025-03-27,-0.002743839996231711,0.010003088320470583,0.4166666666666667,0.010731915314084045,-0.009535233324079434,0.1855574827065104,0.0069659497654562955,0.02393290173567364,0.8678410153129348
2025-03-28,-0.017555861235466094,0.017278335473650215,0.125,0.010608429041410763,-0.018497886902174375,0.4129340974634673,0.016670575101189182,0.052770757745573195,0.5068354665011917
2025-03-31,0.0085039023829906,0.011279773587873024,0.7916666666666666,0.010202421819434973,-0.009926131727077589,-0.07406770823582898,0.007363003404608003,0.02144761657894619,0.7345201038328301
2025-04-01,-0.00019812526777176578,0.01904690146697526,0.6666666666666666,0.009798146052771005,-0.01020162838791198,0.40349665139681157,0.015056959396106132,0.04858303200291281,0.40110425423364626
2025-04-02,0.004621065834810372,0.009556400985164065,0.625,0.009663828220704341,-0.013444781529833454,0.20295496847079997,0.006279941447856701,0.017576832616928884,0.7805893385487903
2025-04-03,-0.04535187789540809,0.046640547346447556,0.20833333333333334,0.013826850300012222,-0.06202875497090367,-0.3434878862166524,0.03937192009854219,0.11055569262816493,0.19806962436248382
2025-04-04,-0.05588877813482921,0.021590780082866756,0.0,0.018143698262294988,-0.11483781044334729,-0.38323805204089934,0.016598839721735998,0.048009674661688075,0.545029191872736
2025-04-07,-0.004088722945340929,0.02105943527186209,0.3333333333333333,0.01788842918694799,-0.1185284914054871,-0.1483152233603502,0.013243485585262909,0.03767810796391872,0.5250497958295074
2025-04-08,-0.013636010005291377,0.020027251191267154,0.16666666666666666,0.017996081716688053,-0.12022421459310413,-0.1620412859778484,0.012395777139888731,0.0356615190460432,0.5692549602202711
2025-04-09,0.08138705542549311,0.04550182682393425,1.0,0.026423001698367223,-0.0453857408587804,-1.0290455586009921,0.036650696939994724,0.11731107910881997,0.3395524175004708
2025-04-10,-0.03130197029432089,0.03018660114188346,0.20833333333333334,0.02719178244373642,-0.07777599781805933,-0.9674042832440211,0.025039265365564483,0.08382303606239501,0.5439842429063785
2025-04-11,0.017460954038506993,0.013388709496985935,0.9166666666666666,0.027133154675412115,-0.07731149151233833,-0.392411322172338,0.007408302881738223,0.023428314518848376,1.220879076488146
2025-04-14,0.006529524998142393,0.013160572568715988,0.6666666666666666,0.027104220519118087,-0.06807699255576154,-0.10528684064596572,0.006438711062741879,0.017290737958086812,1.2359870466084126
2025-04-15,-0.0033760473862082066,0.016045910061165704,0.16666666666666666,0.02708109641369141,-0.07866967944363136,-0.0374329834894962,0.00892351861326638,0.02729885725991199,1.0022832058236575
2025-04-16,-0.017978611254327048,0.01796258528687437,0.20833333333333334,0.02719592567346971,-0.10335267430320841,0.19383358297353626,0.015908746523198573,0.05612974343902392,0.9219823876608809
2025-04-17,0.0018115927942155875,0.05034176112612924,0.75,0.02719611549285491,-0.10544347460861182,-0.1179710820363693,0.027515543092264432,0.08520278362236922,0.3289945984239099
2025-04-21,-0.01828005027154483,0.015990465700751508,0.041666666666666664,0.0273834535280622,-0.13266251777342597,0.6527928510397867,0.00608034659046089,0.017894087277747512,1.0907621796422042
2025-04-22,0.02458058257875348,0.011459866063247146,1.0,0.027895064587037204,-0.1049705743521915,0.08483877848552102,0.0097677803682693,0.02900270443391969,1.5742141613279488
2025-04-23,0.00930964150346085,0.016737508992506728,0.6666666666666666,0.02804211151769466,-0.09988805120980664,-0.15157144085346874,0.013861648353962143,0.034454493766829665,1.1001058044007728
2025-04-24,0.015522148159253827,0.018588682349623072,0.7916666666666666,0.02834450167851686,-0.08624055684761135,0.0579260591434263,0.015252099277501142,0.044628257898491085,1.0224672068003662
2025-04-25,0.0043251199283441495,0.014283690117002411,0.4583333333333333,0.028379232686800475,-0.08000173880970451,-0.22538197063674192,0.009237636329204539,0.026188521789113982,1.3361660719596502
2025-04-28,0.0010249793517204397,0.007024443745240749,0.6666666666666666,0.02813525225684228,-0.07466150187376668,-0.054020932701112745,0.00423137329162406,0.013936809574455571,2.599328670673399
2025-04-29,0.003924973014780865,0.013830751301905616,0.6666666666666666,0.028074541273700012,-0.06292361466955072,0.3283693096373169,0.007066601104894128,0.023621807952646717,1.3036089768776367
2025-04-30,-0.002751455993361726,0.01181142579240197,0.5,0.028076603471674764,-0.061368033026746475,-0.45578664527074,0.01020970986988614,0.03192212178985587,1.5372875730283193
2025-05-01,0.005644502655090052,0.0226891754136201,0.6666666666666666,0.028088524433563876,-0.06129938983962648,-0.03952483043605293,0.017016427467699304,0.055188960419805366,0.8025293823806912
2025-05-02,0.012314621713198795,0.015700895392817243,0.7916666666666666,0.026198421158848927,-0.04928366393513424,0.3408963860044679,0.009855294840288827,0.02423428919337578,1.0545173831222123
2025-05-05,-0.007439364561181966,0.013517682295049125,0.4166666666666667,0.022569429911189196,-0.0592495139673609,0.5794261538675592,0.009900450730988268,0.03062617551531107,1.0456227728331522
2025-05-06,-0.008008174737919968,0.012211450309830054,0.2916666666666667,0.02266246389356169,-0.058997747146726995,0.5662385414341808,0.009316083881231932,0.029881773703499908,1.1735190063149232
2025-05-07,0.002768276949615081,0.01891856991257409,0.7916666666666666,0.022282216121949153,-0.06492967859342544,0.49329967925795926,0.0073965303021408906,0.02481735153186019,0.7287539409259787
2025-05-08,0.004164551248092725,0.014300143374273225,0.625,0.013141828558110758,-0.06559225126050304,0.5833651604976351,0.01195450119817909,0.03359735723004109,0.6941089268698647
2025-05-09,-0.003126826486943115,0.007869165997421218,0.375,0.010796379620627178,-0.062241436945736084,0.6139034018732626,0.006591512539313044,0.021101076531779023,1.0823383296303852
2025-05-12,0.030475656067406588,0.028667093315275418,0.7916666666666666,0.012067938406727055,-0.03916633381643227,0.19637257132966102,0.014945452975559635,0.04492050265676143,0.31980344089482393
2025-05-13,-0.0033757709063881682,0.04315845232488332,0.5416666666666666,0.012121700458577937,-0.04108605015187234,0.03365362083754031,0.03573089230090081,0.10944223214669786,0.20876901030335387
2025-05-14,0.0007922305364981055,0.016591740175390193,0.4166666666666667,0.012049587773451716,-0.03948763881565246,-0.11388949017346794,0.013682119022265576,0.03959321017436834,0.5352637180744673
2025-05-15,0.0018609360521384631,0.028121096192664286,0.6666666666666666,0.011023199072390811,-0.04134280550571456,-0.12184877506269598,0.01230858813091476,0.04240763275904606,0.2871535561832727
2025-05-16,0.008300239503453549,0.013633725897508222,0.7916666666666666,0.011057744057070242,-0.028044715840668262,0.1871689848914253,0.010081766430147326,0.034254932952127747,0.6160828796251858
2025-05-19,0.002501584702922055,0.018975381761215857,0.5416666666666666,0.009742038865904686,-0.011856582544410688,-0.24918502181915736,0.01432828493972656,0.04938608873453017,0.40107661222825103
2025-05-20,-0.003738872430975713,0.008202773211843891,0.2916666666666667,0.008778147465617196,-0.011225327691473256,-0.018366084992305298,0.0069736481733208965,0.022105368849115476,0.8007653211298263
2025-05-21,-0.01378625105843421,0.015333862794899063,0.125,0.009494654595263186,-0.025089146756840333,0.013701769712619494,0.011202910898508531,0.03375608611043164,0.4429625394291061
2025-05-22,-0.0002614319055697506,0.008945742008758464,0.4583333333333333,0.00900471444264612,-0.021398710303273318,0.1160033735742445,0.005613350489622844,0.01593140499077298,0.6739844480534657
2025-05-23,-0.005030940094030471,0.0090466348507856,0.375,0.009107995760270984,-0.020700497987628397,0.15926092060722397,0.00736214643795656,0.023428710904437544,0.6703688275822748
2025-05-27,0.016205517406005784,0.010369238938012929,0.9583333333333334,0.009696303563737988,-0.020527183900099822,-0.1993134079919543,0.00931114966653166,0.023964469583917587,0.6580626545488761
2025-05-28,-0.006023381649647108,0.005812523239748845,0.125,0.009850180315980938,-0.008605608103230598,0.06586650929506244,0.0033979885756203593,0.01147896575473976,1.1920002806290797
2025-05-29,0.003865151596330163,0.009243413036113942,0.75,0.009808272791163229,0.008366213932920426,0.32423545067154236,0.005906878339585312,0.017750003961950072,0.755588231944718
2025-05-30,0.0014359886161394951,0.009952821358394991,0.5,0.009768891411201228,0.0015777670251169793,-0.9097625549780848,0.007005463426808878,0.018037202811062653,0.6805897712040233
2025-06-02,0.00320129632099544,0.010867495991936874,0.5833333333333334,0.009454956295738762,0.014561921860414858,0.2355676472809749,0.005836314654629086,0.016098463628184678,0.5813779132030156
2025-06-03,0.0037074834637192363,0.010380713485411308,0.625,0.009242618955172055,0.012971221739211357,-0.0750132060010229,0.007901542050229214,0.02055019801257052,0.5906653810721483
2025-06-04,-0.00012173986361450895,0.011507546527993132,0.4166666666666667,0.008966412358090156,0.031145269434756047,0.12851381462803924,0.010606845055393912,0.03769857535386153,0.49856034290104506
2025-06-05,-0.004669378900395958,0.008123459485315052,0.2916666666666667,0.009094519424020547,0.03324470273104656,-0.1986563497190339,0.004784080184316651,0.01476316178620692,0.7179529178459167
2025-06-06,0.012869371679472863,0.010878012311683276,0.8333333333333334,0.009415326926046005,0.04650826546504287,0.08420383058111147,0.006487582011676277,0.020451056994919486,0.5761624718260865
2025-06-09,0.001566175315327457,0.008363402086246011,0.5416666666666666,0.009332279668298157,0.05996080968809826,-0.21050952581040305,0.003018355703366645,0.007955573938891014,0.7400660448517852
2025-06-10,0.007476901740203147,0.012607366839906497,0.7916666666666666,0.006766412530970261,0.048475955749073714,0.21556455013451403,0.008244851805276959,0.026483019114340183,0.39972916241013084
2025-06-11,-0.0012476473314333113,0.013634603212074726,0.375,0.0067048242925764265,0.03910482211619214,0.13589130446749642,0.00910510770592757,0.029829526080745888,0.3618092827224038
2025-06-12,0.0038418750437291586,0.008716641124873699,0.7083333333333334,0.006723844476545323,0.049997765434523965,0.2912624596558495,0.007458729874214273,0.022554167343261915,0.5834366886133081
2025-06-13,-0.006798960819292437,0.011641401993090739,0.16666666666666666,0.006979954621677151,0.034793015258732476,-0.18103786982352976,0.010284125761219032,0.031701519306364334,0.4580641983886027
2025-06-16,0.004961689098786993,0.013018096327873421,0.6666666666666666,0.006838817726682818,0.03796271584907671,-0.019416134846693467,0.010092218166648344,0.02495830970534496,0.3968001020849021
2025-06-17,-0.006478971577835511,0.010688111190610394,0.16666666666666666,0.007027112704240608,0.03079624871174317,0.17427567976062186,0.008672676139462997,0.02851810709532147,0.5019082604894358
2025-06-18,-2.856258960274675e-05,0.010169902891084062,0.4583333333333333,0.006956585775944389,0.0181568679921791,-0.16679633188646115,0.008748799149671797,0.02718300487798079,0.5092414213776468
2025-06-20,-0.0006489688629460477,0.013063347559707115,0.5416666666666666,0.006078121390525759,0.01936259362906289,-1.038682564092849,0.008968561372066938,0.027458069942005836,0.34616484580888435
2025-06-23,0.006061934123254791,0.014725400521567537,0.75,0.0061516559694649725,0.029080929386539747,-0.43941419227270284,0.012948928038231404,0.03960103501406572,0.3267888569543559
2025-06-24,0.005289677737558405,0.014868267352455937,0.75,0.005987353118492704,0.03711444712032986,-0.5546685165467666,0.013519851038276963,0.04259867917575818,0.3245188946657951
2025-06-25,-0.00014921028646917392,0.013137842216074348,0.4166666666666667,0.005015088795482893,0.054521098069326784,0.11436854947466502,0.009808060427602253,0.02761080873907521,0.30615517104600726
2025-06-26,0.010023746691841376,0.012015290039279064,0.75,0.005047565405889953,0.05604094237817756,-0.5156778077482345,0.010737407504598624,0.027715892533613323,0.35140529851085905
2025-06-27,0.00789779560953729,0.010748846197270193,0.75,0.005195624638616015,0.06413686325548662,-1.2072130634652352,0.00914582230161731,0.02719096643298935,0.4115668512152743
2025-06-30,0.002857926753817616,0.010319197894659281,0.6666666666666666,0.005191328745040003,0.06237372417449386,0.2770454890508829,0.007275414996350133,0.020635006220712054,0.4355925466666407
2025-07-01,0.009190285581438995,0.01964880006015837,0.75,0.005403482341622203,0.11691588765134095,-0.46224153707827376,0.017288136357724897,0.05380973756757804,0.24400549340595243
2025-07-02,0.0035071411902616403,0.01728611172602087,0.5416666666666666,0.005401858049211772,0.17631180697643178,0.02845643587599278,0.012590871694343182,0.037315516416083626,0.27677699390540167
2025-07-03,0.004121648235380086,0.00879117004043077,0.7083333333333334,0.0053655104983531,0.1845221781571528,0.06502242997877572,0.0058797974945741065,0.015302037226774886,0.5669772550759368
2025-07-07,-0.008122121549004999,0.008379151081345777,0.08333333333333333,0.0056714833425581595,0.1900360666134392,-0.08764596019509763,0.005416143351990214,0.018358326749588372,0.6154597930977311
2025-07-08,-0.0008453030498882195,0.01876609254751754,0.5,0.005200723945706419,0.10780370813805784,-0.6107485636075236,0.018622345434976265,0.06135211055415328,0.24276908726974894
2025-07-09,0.003967848172598094,0.011256786894700572,0.5416666666666666,0.005214877381354696,0.14307352660497683,-0.33129673109915214,0.007704680669231641,0.019313476430209715,0.4153859219317112
2025-07-10,0.003030453482961377,0.011665225091865053,0.7083333333333334,0.005072890341370338,0.12864302604943123,-0.15097400743965106,0.007378591593970393,0.02324176036657244,0.38178332216561345
2025-07-11,-0.0011882668933495034,0.008335125287395481,0.4166666666666667,0.005070893211654485,0.12092523415793932,0.0890952171439352,0.004461405496299761,0.013247653072001413,0.5339595043889773
2025-07-14,-0.0013140284031448318,0.01078891421570101,0.5,0.005104589307738437,0.12298725314100269,-0.34835815544112103,0.008454526454849664,0.025862994504357473,0.4008028008189646
2025-07-15,-0.007247420288152173,0.014177265830301636,0.20833333333333334,0.005145021354951812,0.13371844410717756,0.24503200509281464,0.01106661983550879,0.038017389998265094,0.3065929679897252
2025-07-16,0.002666934390645017,0.014818361074663474,0.4583333333333333,0.0050948390476875036,0.134573785703607,-0.35051301075953334,0.010675303330512772,0.0327127354959665,0.2855857170817726
2025-07-17,0.004808195402190509,0.010011467890862174,0.625,0.0047637570009192685,0.15766203137734236,-0.0020011408166629163,0.00726010312666802,0.022884322073800124,0.4143621604668496
2025-07-18,-0.005978982737189826,0.01423261757923369,0.4166666666666667,0.005084866849176024,0.12710246606139905,-0.19891589066358417,0.007899265967129088,0.023610271112275316,0.3123736338260326
2025-07-21,0.0026591809127745752,0.009008309100097004,0.5,0.005051403456527339,0.12045200547071275,0.5331751203993564,0.00785844071598462,0.02447278213845801,0.5046901726012009
2025-07-22,0.004579872237946513,0.015657838369392708,0.7083333333333334,0.005000246640437415,0.10950972954940545,0.11252794939896649,0.011439330006489808,0.03375370118012381,0.2856270370659708
2025-07-23,0.010458142098287257,0.01219569803319533,0.7083333333333334,0.005304198110327047,0.11564275171934855,0.11456319315523833,0.009753297528861811,0.02369832990818921,0.3879011423099725
2025-07-24,-0.000945878142151251,0.018394019051982815,0.6666666666666666,0.005326080121628582,0.11367189422547685,-0.3998430216979363,0.011536002709672154,0.03286095919969619,0.2593537919932624
2025-07-25,0.002590136129990738,0.006442244425279591,0.5833333333333334,0.005001306452375196,0.11233705734068673,0.34880143307100864,0.004067356887767427,0.012909143774325912,0.6828176288645887
2025-07-28,7.23663232838669e-05,0.009651744790012467,0.5,0.0048042236780554675,0.11516087965733232,0.5340017240469936,0.007257096042996039,0.02073877765783968,0.41522094563356954
2025-07-29,-0.007665315112093077,0.028151433459043747,0.4583333333333333,0.005201020894510163,0.1018510618901492,0.06574270159975915,0.017956638384174068,0.051683891923770986,0.15089732545295842
2025-07-30,-0.003946998123069062,0.013831346413998427,0.4166666666666667,0.004923359904907097,0.08558944205388135,0.22835911602211945,0.0077967584330943295,0.018824207505404034,0.288172353176273
2025-07-31,-0.005247449068442707,0.031414832901692585,0.25,0.005007954548031556,0.0877813575466206,-0.3366846334811755,0.018130525872178123,0.0631472364395721,0.12964662426734558
2025-08-01,-0.014516329341945694,0.022918506958869638,0.2916666666666667,0.005832165007456476,0.08127320294259488,-0.8089438543733596,0.010505409945211699,0.0324383746436538,0.20038657409915214
2025-08-04,0.01081358346252804,0.01388195892736634,0.875,0.006161486064775272,0.08931850945550784,-0.21050669739073702,0.010582242560871131,0.03306666733490057,0.3405235682777258
2025-08-05,0.00013759875534363752,0.013575670904174265,0.4166666666666667,0.00615967258863496,0.08529155696275875,0.1584429150853669,0.009892409058587855,0.02991374232824725,0.3455997870765829
2025-08-06,0.006609390033185013,0.018751564361274863,0.5,0.006278952978108211,0.09502777348288687,0.14875466150204553,0.014584772316831229,0.03726470405317891,0.2572492605947985
2025-08-07,-0.0009428310232155965,0.0112669989230398,0.5,0.006241393079081169,0.0636092863922647,0.15346253210802907,0.007698599845312106,0.021865054932094487,0.4188732932507597
2025-08-08,0.009250112481199705,0.011845098131429326,0.7916666666666666,0.006579894459774105,0.07623516977985256,0.021573534191465793,0.00849067993598082,0.022280479085615663,0.4324605137501573
2025-08-11,-0.0020331127565525555,0.006392733881530337,0.375,0.0065913743774325025,0.07340982648680192,0.16186300000706788,0.004598093727414079,0.01350853125858124,0.8069304207880565
2025-08-12,0.010214158153851988,0.012364645069918283,0.8333333333333334,0.0066938625604562926,0.08176304858851544,-0.1448101028994182,0.007716595022247792,0.02559766800216808,0.42919374590098147
2025-08-13,0.004531829365280862,0.015743223345140854,0.625,0.0067285770396423835,0.07799463845034275,0.02922082624195399,0.013650013579397277,0.03833472809501951,0.3430093675634003
2025-08-14,0.0023573129023972315,0.010197939528122184,0.5833333333333334,0.006682955519773835,0.07785036664981791,0.005801164838396322,0.006272805801430915,0.018071375613013453,0.5175093403410529
2025-08-15,0.003214259673041888,0.026668927958859105,0.4583333333333333,0.00647989578025902,0.08480349875383551,0.17722161805580516,0.019956244778994447,0.06632139650134021,0.19270713891301544
2025-08-18,0.0002631681870025049,0.00929888846098017,0.5,0.006481616430780631,0.09885291799927223,-0.005985934574462171,0.0048187442486187625,0.014845741765929454,0.5397948571598812
2025-08-19,-0.0014659498558303268,0.015205215729534817,0.5,0.0064708853731890005,0.09764840004901167,-0.08789532827572955,0.011441450154652333,0.03085846839556594,0.31987681963545883
2025-08-20,-0.00048635569350960933,0.009970658132501855,0.5,0.006097629835900926,0.10219298444953251,-0.054964723895896794,0.007620187237975492,0.019819122855989003,0.4378052753575297
2025-08-21,-0.0028223480439218455,0.011621030313029397,0.3333333333333333,0.006137624192494602,0.0831651189996049,0.2842105864858401,0.00813957963232916,0.026461079609560643,0.3837035188940925
2025-08-22,0.016804140021111278,0.014561951412164369,0.8333333333333334,0.007129533243960966,0.10599264067036328,-0.5701791076413827,0.011980293964794993,0.03927878702997326,0.355016321131368
2025-08-25,-0.0037626648259362996,0.009336975247408223,0.25,0.00721414333798251,0.09836482424809682,0.03942154102155371,0.007962142454226398,0.020551103285363727,0.5734453826959848
2025-08-26,0.0006454163833881967,0.007864130946082569,0.375,0.006918063698877739,0.09757425201534552,-0.015299986587644865,0.006712596578395586,0.021180719404754078,0.6362114824690217
2025-08-27,0.0022182694892856577,0.006021889145087383,0.75,0.006799823024966159,0.09659122518363573,0.13902108413599512,0.004091185867428292,0.013796400407636559,0.8164902835947478
2025-08-28,0.001353252341447314,0.007255712627222384,0.6666666666666666,0.006597497997803151,0.09423699406136382,0.10739851063477368,0.005674521573233061,0.018193329269846698,0.6508119025803352
2025-08-29,-0.0009862462167731974,0.014172358980553046,0.5833333333333334,0.005384010966904268,0.09337248770820512,0.20205446232027713,0.011050602048067484,0.02957149986135621,0.28545706390809095
2025-09-02,-0.0029985041922987407,0.01043151549875604,0.4166666666666667,0.0051835273580315795,0.09504336241630235,0.0859845629730478,0.00785391808921371,0.019601262026853455,0.3503657757268839
2025-09-03,0.0012544172775524748,0.02447845932381499,0.4583333333333333,0.0051672069250135715,0.08342840801438196,-0.022971910469997248,0.01848626663302642,0.06510774866786209,0.15158988957401426
2025-09-04,0.00915523345857397,0.011382304445863481,0.8333333333333334,0.0053118941245424555,0.09101746615762847,0.031218046414702716,0.007214380054750325,0.017351825233898627,0.33718823243243573
2025-09-05,-0.006818022787096645,0.015088151506263584,0.3333333333333333,0.0056515751995250725,0.07672254163032868,-0.2844387766179419,0.012744482914427395,0.0351175730704892,0.2738399533957089
2025-09-08,0.00018467280644138273,0.008374490871340253,0.4583333333333333,0.005396815400035741,0.07815486176820337,-0.16785038737614322,0.0025830723495183006,0.007077260165181362,0.4392466095047514
2025-09-09,0.009119356284220129,0.01984159274344341,0.75,0.005581085414165824,0.08343234300869434,-0.12260073691706141,0.012082567256326325,0.03290757494014855,0.20324874873166096
2025-09-10,-0.0025494326854729743,0.017267781147753326,0.3333333333333333,0.005328288792341626,0.0876818711425138,0.007228798323805741,0.012363913646794471,0.040607297682634935,0.21134983083822326
2025-09-11,0.007626252177285954,0.012805206421426194,0.7083333333333334,0.005465329347481815,0.09034643422101277,0.18331001773781286,0.009488831918328586,0.026869582424750793,0.29708726590802403
2025-09-12,-0.003101854973167848,0.01038925149041866,0.375,0.005561794667812217,0.09372355082568042,0.12028660090201859,0.007392138127678681,0.02401081237703832,0.36975626898729635
2025-09-15,0.003613156782091458,0.011544363265878542,0.625,0.005569570511349772,0.09736527019737463,0.19297184664852896,0.00902177396350705,0.030371700006183944,0.33448667849300645
2025-09-16,0.0026752488131014294,0.011350353677465225,0.5833333333333334,0.005570632798610581,0.1006894878734221,-0.0431531724109353,0.008985695720088472,0.028865720970224627,0.35082957488198824
2025-09-17,0.002941487297680928,0.011403632669795454,0.7083333333333334,0.005534901301682539,0.09756904104784825,-0.17769856653161598,0.006749180316469584,0.018505416970849065,0.35566005543658175
2025-09-18,-0.0002091490732033241,0.014855151602432627,0.4166666666666667,0.005529473934161847,0.09207021423708651,0.052705376254342906,0.009918051422282751,0.02445439075816299,0.2720912182303583
2025-09-19,0.0009572682601324406,0.011382871455985715,0.5,0.005429853062865157,0.09317669278368813,-1.9388903889595341,0.009959721272641824,0.0320353976968634,0.3468986118820349
2025-09-22,-0.00038176238871704776,0.015229281863728381,0.4166666666666667,0.00415931577722434,0.0827711837031297,0.2830061694680638,0.01103586183441028,0.03341702457537947,0.2053664416798499
2025-09-23,-0.0013121602680414522,0.012083402138916552,0.4583333333333333,0.004044695313212,0.07356122782555097,-0.15056166401707816,0.009731707574187686,0.028892680150449657,0.24869305542024064
2025-09-24,-0.0008497090232181537,0.009047902224146214,0.4166666666666667,0.004068634525440445,0.0698535920485152,0.27165697546261147,0.006583554714392015,0.020852314770524405,0.33325656656006314
2025-09-25,-0.0026093501127840333,0.0104827603480112,0.4583333333333333,0.0041410217369543525,0.05805395635429217,-0.1464021356026013,0.008054940279901548,0.022955411187275433,0.2895064620589953
2025-09-26,0.004967135468473355,0.00671135161814444,0.7916666666666666,0.004241614073681108,0.05951395063250388,0.2572424751080381,0.004026608273183473,0.009914929249715043,0.47911675624669137
2025-09-29,-0.0006623796612135746,0.01201825059369351,0.5416666666666666,0.004234107358422689,0.05472992273591022,0.047366296024537236,0.011141170399900108,0.0349203290814167,0.26620577301135573
2025-09-30,0.001713989529905045,0.017590905896018215,0.4583333333333333,0.004126709255904034,0.06456603381482026,-0.1177840189980317,0.01337154595803758,0.040186150269914456,0.17822288260483082
2025-10-01,-0.0003442332621557455,0.019196353871825823,0.5,0.004142798695015864,0.06506710360255273,0.009644682825521,0.013898441382815147,0.044057255413347006,0.16094685356803043
2025-10-02,-0.0005425952592764868,0.010101876494626369,0.375,0.0037081247452329246,0.06055666017067815,0.09196231447111103,0.007808823422911296,0.02473243720235352,0.2632145470297908
2025-10-03,0.0030347898746596325,0.010208659226551717,0.7083333333333334,0.0032840804846202254,0.060560996562376415,0.24132743139077872,0.0071434624153918665,0.02034465731750216,0.24193178998848502
2025-10-06,0.0004284570793337457,0.009912570475030979,0.4583333333333333,0.0032805112374665836,0.06217772053505966,0.12282651860865279,0.00658971854022027,0.02037653803705456,0.2503879715113936
2025-10-07,-0.0003847741957505359,0.009997773352131825,0.4583333333333333,0.0027168209724042396,0.06310697474245396,0.16565792589248318,0.005658927209906417,0.018281317951699367,0.20457148179370838
2025-10-08,0.00045910164824495653,0.013026372170769214,0.4583333333333333,0.0026054990976855917,0.07081349667885108,0.10293505620709165,0.009429816361859,0.025482719315999658,0.1489856678421046
2025-10-09,-0.0023025982298922796,0.012546241953014337,0.375,0.0021653701892034977,0.06584396405831379,0.12372997750492432,0.008035133995877505,0.021881436319407754,0.13347104785029645
2025-10-10,-0.01968652079981302,0.01686691228755738,0.125,0.0049560695425682096,0.04134924785631026,-0.4702775496735838,0.010682282013427441,0.036719586821789364,0.14844408441202755
2025-10-13,0.011090498667708273,0.01173412204959194,0.8333333333333334,0.005525968877045929,0.05841872926120836,-0.11297719053850153,0.00803584543513659,0.02423531001265341,0.2452386666427545
2025-10-14,0.004051320117425122,0.02077912061569293,0.5833333333333334,0.005570088585095784,0.05981086846585891,-0.5396107245497916,0.014736848134995484,0.042684112631282724,0.14179926404855708
2025-10-15,0.0020928291379489067,0.01383775671726241,0.5,0.0055498405690693605,0.0573238253658613,-0.06696741827916419,0.007444554238261506,0.022779498987149448,0.20986285293425613
2025-10-16,-0.004078184057182095,0.012861242725495175,0.375,0.005623558177835962,0.04278749921039195,-0.22214849447089025,0.009903275424238368,0.035359608848744305,0.24083853467391408
2025-10-17,0.005397016807732265,0.010038327807628327,0.7083333333333334,0.005758402631884219,0.04913039416027547,0.6222349998819234,0.005740142008596034,0.018047515314280317,0.3306796055166932
2025-10-20,0.010669125743791896,0.011484917561298727,0.7916666666666666,0.006230290362490752,0.057209383774076625,0.07526523039914745,0.00758929880543536,0.02313313873872232,0.3338150602096263
2025-10-21,0.0006210592821084132,0.01385343182694279,0.5,0.00621474863672966,0.05775807673290116,0.09985152783028328,0.007734803753431656,0.021245371491451816,0.2742485360589032
2025-10-22,-0.0068418029498289,0.022702922369598064,0.4166666666666667,0.006431667428973091,0.05858158889516534,-0.16809619579855184,0.013356073716538575,0.045490161445027634,0.18054451438156338
2025-10-23,0.005780479060267245,0.016287773479404515,0.625,0.006501466682100697,0.06830906607850165,-0.12011860035204713,0.010876169612879709,0.03171126554085627,0.2613889827863218
2025-10-24,0.0041858134975910205,0.015425387093859025,0.625,0.006477241631249105,0.07774232864453537,-0.484731879698969,0.011690622667104342,0.037999956681352066,0.2734698596167372
2025-10-27,0.008565908609562653,0.0116627034054919,0.7083333333333334,0.00669747827770044,0.10082456659604373,0.08558136985000753,0.008407199020362945,0.027295530976485554,0.39558194443463385
2025-10-28,0.0030624639165419826,0.021523320140550525,0.5,0.006709749140929969,0.09307344705005767,0.1964768044250228,0.013550127234388505,0.03623429127530087,0.21748403960324256
2025-10-29,0.0030847651203916213,0.02833062240780506,0.4583333333333333,0.0067103309895867455,0.09602061341510565,0.060659528462714274,0.01857314427048602,0.056635436614906956,0.17006351408026943
2025-10-30,-0.008410080379522117,0.026926350028629673,0.4583333333333333,0.007054121785275239,0.08100114300239852,-0.08205937054865342,0.012771782583765243,0.04301293025862659,0.19354199337168942
2025-10-31,0.0040211828240263635,0.023036852564581153,0.4166666666666667,0.007072220394537185,0.08596515684964048,-0.4085933994206896,0.011030743721380363,0.03453729276872937,0.22836014995908877
2025-11-03,-0.007291936126145713,0.01613221040586668,0.20833333333333334,0.00731671983864583,0.06942310824229507,-0.0488841378437288,0.011549329474573546,0.03567828599409406,0.34737168172167215
2025-11-04,-0.00492123337212363,0.014479742862863416,0.375,0.007421819942868335,0.06653498762672398,-0.36693461238014935,0.009274135684560644,0.022326957729245943,0.4026795277108522
2025-11-05,0.00016739400584602862,0.014409811171417607,0.4583333333333333,0.007422144545726607,0.05648822347871803,-0.21446031737910243,0.008893710443258481,0.024755652261929183,0.40362157186410247
2025-11-06,-0.005455171201877898,0.014789898324356971,0.5,0.0075168402397793425,0.04650122291155927,-0.11833405157190979,0.010328958508595576,0.026592671313889687,0.40390671746767953
2025-11-07,0.004275657453240572,0.010720035879672341,0.6666666666666666,0.005897987907014672,0.04841956746240261,0.04266117232443034,0.007050699894446757,0.020425462390542548,0.4853711475359514
2025-11-10,0.008717653925138203,0.0166987643153795,0.7083333333333334,0.005716044974239153,0.053922961714498924,-0.009348747695416382,0.011345317047657394,0.03103680563963096,0.3044868340786016
2025-11-11,0.01203345920989799,0.015427180440086934,0.8333333333333334,0.006172475008041689,0.06569325273739442,0.4148648150307688,0.009936043050151031,0.032709492657096106,0.355454508057039
2025-11-12,0.0009541309505559972,0.016053247458957743,0.5416666666666666,0.006174725957798053,0.06811333354378074,0.17609919036592192,0.01268321804679779,0.0366356610198784,0.3380453667423227
2025-11-13,-0.0103023279740501,0.016342013933119064,0.2916666666666667,0.006623259308598168,0.05829736126324025,-0.001316822992077915,0.012204745527898948,0.040421701074641415,0.3511154221257526
2025-11-14,-0.0027584989783362387,0.014265847836046798,0.4166666666666667,0.006616290839821738,0.05836121032882585,-0.27765327416032304,0.01133447988169749,0.0309369631883429,0.39296698615255293
2025-11-17,-0.007582630276233654,0.012238251191190054,0.125,0.006470713214217664,0.033974440031480924,-0.4319547546892599,0.008505685343635976,0.021792876869054994,0.44546253958153903
2025-11-18,-0.005729703701131105,0.02186977262011701,0.4166666666666667,0.006598126840628283,0.032007401156286114,-0.6315146350274596,0.01577895376983641,0.04371561632883506,0.2609590312505461
2025-11-19,-0.0019271994733530186,0.015066499723702543,0.375,0.0064279436265029235,0.0294347852995449,-0.15833568228109463,0.008022039434524118,0.026100563980446544,0.3624852887495716
2025-11-20,-0.006777828586652689,0.019243783819492197,0.25,0.006449318991971625,0.020438687223606554,-0.24480708274259966,0.014724626498779085,0.043434512635682654,0.28639128514468837
2025-11-21,0.010323048604832125,0.016262673000938418,0.7083333333333334,0.0068243388323528794,0.029408483486991367,-0.3478183042906018,0.009519929708187923,0.023192589896478027,0.35775876045329436
2025-11-24,0.006740597847069503,0.02006349544549015,0.5416666666666666,0.006710825731836136,0.03713532755083407,-1.1241066311895622,0.016374551615426416,0.054426857330062285,0.2854362148364134
2025-11-25,0.010782678066607371,0.01888796473451181,0.7916666666666666,0.007128812073862067,0.050916509809740176,-0.420896905434879,0.01332519184294936,0.03863355143192977,0.3236377762121862
2025-11-26,0.006430802453051572,0.008808904543635254,0.75,0.007243427758058759,0.056092894985239276,0.05405954460263296,0.004496314300889594,0.013440132139698783,0.7129332301622264
2025-11-28,0.007063099693120638,0.009031625012737054,0.8333333333333334,0.007104386929802558,0.05400076121978594,0.44444221249929705,0.005662998444152313,0.014473153011250147,0.6878952267618244
2025-12-01,-0.00438500379580591,0.013165060631476995,0.375,0.00716082832234934,0.05643378021107668,0.08537396915211803,0.009918901535682754,0.029767675429932937,0.4732984495229353
2025-12-02,0.0006110456167412783,0.010543114484002098,0.5833333333333334,0.006921229210716186,0.05686015302137657,-0.413531944824733,0.008843643026082175,0.027009237324748324,0.5593184317813487
2025-12-03,0.007421718103261217,0.019866656149747437,0.7083333333333334,0.006923919669341138,0.05516251484041766,-0.12376230350513384,0.014675188485648616,0.0357879550101418,0.3031200847514901
2025-12-04,-0.001818508423794658,0.01457047729570679,0.4583333333333333,0.006958644043570882,0.05589343910209598,-0.012140208448608192,0.008390738689157887,0.02218803163185749,0.4189662488638101
2025-12-05,-0.0007637351303800693,0.010900019039276673,0.5,0.006791365414625396,0.04750345179442996,-0.28262177563107205,0.0052397481077007734,0.014132253598327111,0.5385280880713239
2025-12-08,-0.006054814949819807,0.013435001432298796,0.2916666666666667,0.006972815833233708,0.044550491817777996,-0.07434592480816349,0.01055168236257882,0.03246629000971102,0.44353730202558345
2025-12-09,-0.0016152024257324593,0.013754205403248728,0.4166666666666667,0.006762119198667779,0.039322132609954076,-0.30429634915717263,0.0074125385266401635,0.02197259264302598,0.40742460569170785
2025-12-10,0.008374515155571189,0.01922635458483477,0.75,0.0064810842830698365,0.04502139895242384,-0.6599995275483899,0.015292549901439263,0.03822459527545744,0.2819491592327572
2025-12-11,0.006230131506579288,0.01344976341891815,0.625,0.006608829298724586,0.0483100431613222,-0.24496617714498403,0.009042358371107612,0.0215870624277044,0.4226583294476601
2025-12-12,-0.0014240031247321576,0.016930977204033106,0.5416666666666666,0.006109276941599307,0.04709518910979337,-0.1451884295663115,0.011066547076600153,0.029812100641982586,0.3095354882641923
2025-12-15,-0.0007802676344113348,0.01016542087830305,0.5,0.006058348452123221,0.045357653215249594,-0.03019162132537967,0.005814559344448114,0.015241060906072912,0.5058154295823308
2025-12-16,-0.008040174747354472,0.012665301619566525,0.375,0.006094238383974397,0.037699240856612165,-0.07746215274988044,0.012090134169413465,0.034209143555552865,0.40778373126315304
2025-12-17,0.00020374922631468303,0.01975248691539016,0.5416666666666666,0.005878033148476753,0.0392151503509683,0.11136940312766674,0.014928610391439978,0.045881815532069124,0.24748307639431813
2025-12-18,0.0006282168168166938,0.013763726225718281,0.4583333333333333,0.0058264823952950545,0.040693076191003145,-0.013389458343134653,0.009933852703737641,0.028304613333085905,0.3504470385657308
2025-12-19,0.00297919537278162,0.013413115637029871,0.5833333333333334,0.005481270102082662,0.0462816216765688,-1.314136933333673,0.010331761540644573,0.029709523458725684,0.3454473636197567
2025-12-22,0.0034064368780287965,0.012603208766432795,0.6666666666666666,0.0051461062822036234,0.04472092308612424,0.2709334849540884,0.008277656189166715,0.022263005853749518,0.3402066035610328
2025-12-23,0.0020895032304884126,0.009983195538680035,0.625,0.0050144739399599625,0.04747280597782623,0.49439461824212916,0.006162565453149041,0.018555588491107427,0.4061966032677595
2025-12-24,0.004303860767446567,0.005208756658283584,0.7916666666666666,0.004578074517601629,0.05006267721536775,0.6650433841244792,0.00453433455843767,0.014490632825266636,0.7163320341866699
2025-12-26,0.0002548354853061559,0.00512398161172598,0.375,0.004415123259829262,0.05066174596282965,0.4327288343664891,0.0026215517896997402,0.008236150320348634,0.6679182642639415
2025-12-29,-0.002879682761621191,0.00767191418123468,0.2916666666666667,0.00424520096179917,0.04832465846048495,-0.7265425172750632,0.007166395681282966,0.024654204241069306,0.41883029212043094
2025-12-30,9.3044173718466e-05,0.005863027669500179,0.3333333333333333,0.0040928436864853006,0.04538291275954378,0.3400397195152304,0.004319099373490982,0.013136727408531853,0.5114477102238643
2025-12-31,-0.005017963892180233,0.0025974359172152247,0.08333333333333333,0.00428546988397349,0.0399364917880298,0.5014197792064728,0.0013515053342004976,0.0039062405827500575,1.2392906284933949
2026-01-02,0.006702608745527315,0.019081147958524444,0.6666666666666666,0.004225878072991031,0.047023874729307656,0.1660949937713636,0.015237706529530026,0.037480941120587453,0.1668150432745988
2026-01-05,0.010263720110999653,0.018237132276589595,0.625,0.004733632360208152,0.05682849319206235,-0.43791194337181616,0.015368292806143045,0.0421576279979082,0.1976891460845799
2026-01-06,0.002590321435519053,0.01864677280884011,0.625,0.0047292202007422485,0.06172141285747368,-0.09872093114587965,0.01731701334677111,0.05404112068240241,0.19824408544812527
2026-01-07,-0.008812324649165417,0.016165052457092474,0.3333333333333333,0.004982667325363143,0.07259560900812129,-0.2998172901981677,0.011659915550100559,0.0266490421822753,0.2372085037888239
2026-01-08,0.012718086333017584,0.017263168123922975,0.7083333333333334,0.00558455981497797,0.0742231966734306,-0.04442657511695525,0.015481170532895331,0.050615072640294335,0.2542773186745453
2026-01-09,0.004913242453574228,0.012036942241003781,0.625,0.005417784530747252,0.0750851190095797,0.1862595226882129,0.007043161988000599,0.02011472998455477,0.3503022929623644
2026-01-12,0.0007809214965305289,0.012717434093574084,0.4583333333333333,0.005304337247849487,0.07377321136816133,-0.07318915834689999,0.007090848041612825,0.02165022018367583,0.3101339419379907
2026-01-13,0.0005052748810038393,0.015585569491472825,0.625,0.005270609884119518,0.07835667030634726,-0.029121493982919855,0.010832454684500581,0.035126084348509945,0.25011415570814266
2026-01-14,3.884157953463104e-05,0.01933428006777419,0.4583333333333333,0.005256388441415838,0.07299849507814962,-0.35298518588431693,0.0176619574755761,0.04769013426832398,0.1997023027654412
2026-01-15,0.002550545999989967,0.013324485081761813,0.5416666666666666,0.004767522715933965,0.0648799153343477,-0.1704734519982487,0.00975290389373648,0.028369085021909195,0.2691750407216498
2026-01-16,-0.002174347802315337,0.009870689482438565,0.375,0.004841545859627103,0.062084508249923946,-0.27169521378062367,0.005714143208510264,0.01699542249222319,0.37334258663842235
2026-01-20,-0.012559922653159217,0.01750174744317129,0.20833333333333334,0.005810254609031805,0.05636638854659363,-0.4063586666305625,0.014435896674723673,0.03913373887223789,0.2446460874263174
2026-01-21,0.009344231722175555,0.01419625312735632,0.75,0.006084308781596648,0.059930141208501944,0.47831264616326696,0.0075512807158821015,0.020203151009890268,0.3240281651290712
2026-01-22,0.005350770238297373,0.015542045986429292,0.7083333333333334,0.006132463949398511,0.061095097949208296,-0.43693537415471595,0.004988830027856135,0.014930800616727469,0.30222549364993195
2026-01-23,0.00227783016971334,0.01760549344585209,0.5833333333333334,0.0061334759652809,0.05480701950935898,-0.5985955260635267,0.014700187237329335,0.03924727290529635,0.2673380829691358
2026-01-26,0.004043409613003012,0.010476211971068574,0.5416666666666666,0.006127622204718793,0.05578796520582001,-1.8304045641817983,0.0062533093127454175,0.015552501621617032,0.44802418305200237
2026-01-27,-0.0030848821458794536,0.042195685100681286,0.6666666666666666,0.0062097071284749955,0.049618317939548934,-1.102814981915909,0.023444392325435586,0.07399510322222398,0.11458751365949983
2026-01-28,-0.0006086346569664549,0.014156906417071295,0.4583333333333333,0.006148130855167455,0.0574197636621046,-0.31647965467203854,0.009666489916269328,0.030114594784254343,0.333515395137457
2026-01-29,0.009570044362745181,0.03332727643856947,0.75,0.00639459858996135,0.06296862520082341,-1.209241367267769,0.02022923644524967,0.06424557391920793,0.1558902137305245
2026-01-30,0.001897930093503447,0.01317992888794185,0.5416666666666666,0.006180251639015014,0.07215849142047258,-1.6252261040862561,0.009453353399748902,0.026636862519123193,0.3823536985652106
2026-02-02,0.007713374755698013,0.0218318372523508,0.6666666666666666,0.006222007537869337,0.08479309954829421,-0.4981086414890332,0.015313093863481703,0.05006389611550477,0.23314267135678157
2026-02-03,0.004954191577857027,0.020351698299568555,0.625,0.005975689981877838,0.08957989712030522,-0.2243340335165005,0.018751208301855744,0.05289443903265616,0.23705424284344412
2026-02-04,0.003604021130738692,0.021712795457413708,0.7083333333333334,0.005984356478831788,0.09863908945292181,-0.5213895302784535,0.012007087773293736,0.04001107096824119,0.2245285009618062
2026-02-05,-0.009505932395029027,0.016932840034862947,0.25,0.0060528533437290075,0.0848574996046522,-0.12501018721475687,0.010720177105511363,0.027569723917985588,0.2899585534929631
2026-02-06,0.017117741721239824,0.02736282408923124,0.875,0.006520331973437012,0.09325758740075382,-0.2452223273776244,0.018644096336669143,0.04945478895804253,0.18747350623309983
2026-02-09,0.001466039464222894,0.015609732575673118,0.4583333333333333,0.00649414038170506,0.08269016765507874,-0.19002025012542378,0.011831345777569629,0.02951129410299817,0.317586761909428
2026-02-10,-0.0026722067598180985,0.010713480114645927,0.375,0.006578208090669524,0.07906382994470464,-0.09697531518060187,0.005698719066822681,0.01526515380585199,0.4715562666922898
2026-02-11,0.0036128280699067824,0.020316770837021342,0.5833333333333334,0.006577958126052954,0.09297898598866151,-0.08559898335732452,0.01770659583834723,0.04622769094812729,0.2563097446618207
2026-02-12,-0.010822237508167257,0.022485446839025144,0.25,0.007181757905077091,0.0849152474588305,-0.2067038824877434,0.018300669865610367,0.04795840757990484,0.25556779828131887
2026-02-13,9.50056638262901e-05,0.01299616096727666,0.5,0.007185708176965592,0.09259288339889045,-0.15206529165397442,0.009773919771080476,0.030278855127353142,0.4327261827068286
2026-02-17,-0.0029504161329915227,0.015114731384029448,0.4583333333333333,0.007208545175975422,0.09537217096703003,0.010434431640108599,0.009273669551247003,0.026374903662352917,0.3746399719501552
2026-02-18,0.0054036520682323175,0.01241784063449851,0.75,0.006451437914075585,0.10270302250861536,0.2197544392255396,0.011048394409951104,0.036016822383440984,0.42718932933985176
2026-02-19,-0.0019638665745743042,0.008484474775445106,0.4166666666666667,0.006299030704916078,0.10751698452069373,0.12690450196693204,0.005587802822717203,0.016089567185537335,0.5817391041582276
2026-02-20,0.005989672236728999,0.01425334791064495,0.7083333333333334,0.006319705912222545,0.10318360815259062,0.22646094439392772,0.011673982101465858,0.03905207066173433,0.3485283518079307
2026-02-23,-0.006782534030851717,0.021457288994812855,0.4166666666666667,0.006602577929340046,0.08966047627466939,-0.04661133258258854,0.017749102125644546,0.05714146369030719,0.24201244851362022
2026-02-24,0.004388909676729923,0.011989083970572818,0.75,0.006610432551468405,0.08326670788479196,-0.05997181442682509,0.006983984963250799,0.02089076516528913,0.43457916084946957
2026-02-25,0.00660687544982301,0.019099014329921112,0.4583333333333333,0.0066218097868986515,0.08344278088156339,-0.12200333950794784,0.014669409791432619,0.03702554631445913,0.2820200887563179
2026-02-26,-0.002286182411487319,0.016320235667793784,0.5,0.006665151103339037,0.07409349877695542,-0.1999249167422099,0.008472845581843422,0.028611710871519886,0.3351779481348664
2026-02-27,0.006361510756253584,0.03975215345790222,0.625,0.006504245305102012,0.08484001332901492,-0.512386579074414,0.031432405832784054,0.09318027049683617,0.13357154171552157
2026-03-02,0.000883705035080562,0.017142012204648595,0.5416666666666666,0.006505847486584167,0.0851126727473542,0.08622355935864856,0.013840402956475761,0.04020235298563253,0.3067927561932725
2026-03-03,-0.006446566460869205,0.011950490456713913,0.375,0.006571192740234459,0.07124438818322379,-0.012890612246158506,0.008464853781689556,0.02688752610775817,0.4347691649176135
2026-03-04,0.0009813153135277651,0.014222925473878614,0.5,0.006500348620859649,0.07404421192054621,0.3137452556566134,0.009993280780085868,0.031800333835401116,0.3513384747872301
2026-03-05,-0.013662378844627754,0.019418721118297514,0.2916666666666667,0.00719717804963398,0.06114556820629852,0.18844891004701458,0.017405252529022308,0.05387053656642789,0.2832307439400316
2026-03-06,-0.009447253364580207,0.011319997428505462,0.2916666666666667,0.007193199626688191,0.05775312979153813,0.14442833856694148,0.008542247772768078,0.02346368659352423,0.4856047814405486
2026-03-09,0.004985710589255431,0.013208765527237024,0.7083333333333334,0.006080923886198458,0.06435404280652601,-0.17117745112839855,0.00547097850742443,0.01524287622416461,0.3702422690821069
2026-03-10,0.0004904493378584072,0.01099344423279037,0.625,0.00606557410715559,0.05646997698881323,-0.009277584324908883,0.009022469409486599,0.031978570063704526,0.4404137331063356
2026-03-11,-0.001464053903760425,0.01313830891367199,0.2916666666666667,0.006052596269908525,0.048775791578473525,0.20414135158505575,0.012003263758556114,0.037291614190266456,0.3639171679455007
2026-03-12,-0.01087028554816219,0.017977021233860885,0.16666666666666666,0.006355505838605721,0.03932950915504349,-0.11237380610996461,0.015688848672940372,0.05207247337424108,0.2861502458304999
2026-03-13,-0.0022699862357385505,0.012853159268220482,0.4583333333333333,0.005973289819823353,0.03783979055371627,0.3830024134393505,0.008987628197974976,0.027732052745279602,0.3669538658413415
2026-03-16,0.00768312517824742,0.00715232423046445,0.875,0.006285853215390778,0.05356309047931817,0.30919886478571545,0.0043674935979773665,0.011953551725311614,0.7124848221734094
2026-03-17,0.0012875851336704759,0.00958104611180223,0.5416666666666666,0.006278079505376502,0.05464692638667396,0.2897336523426217,0.00520430910053805,0.014359957343025382,0.5231976601519619
2026-03-18,-0.01201644407477056,0.011252660303694961,0.16666666666666666,0.006614363364408926,0.042002265495086705,0.10574159973042929,0.01063048132719684,0.029937631260020914,0.47485842135262074
2026-03-19,-0.004567680120751681,0.010378202394699268,0.2916666666666667,0.006652029775026718,0.034455390001553406,0.11134684613118806,0.00876715016693939,0.028231698001377738,0.5274141876375856
2026-03-20,-0.00930818175950531,0.011801167948703268,0.25,0.006624021025170653,0.021740771364019296,-2.1397346005083926,0.008662471515028006,0.02440746417239163,0.4778795358045266
2026-03-23,0.01084091629538407,0.011623522138417273,0.875,0.0071442710793099854,0.030492184428914954,-0.002932610632626842,0.006972345569499189,0.021626744409147358,0.5026407404683392
2026-03-24,-0.000505252700127537,0.015642171506518397,0.5416666666666666,0.00701857222809908,0.02568307096134085,0.05750153847846906,0.013845979006952626,0.04477106548572296,0.361092634952911
2026-03-25,0.006946510846914232,0.010093825103762912,0.75,0.007039944676042968,0.03237474632294893,0.18677630286120783,0.006631777010300391,0.021076638035556594,0.5612594469678956
2026-03-26,-0.010774984477931474,0.02141665804663635,0.20833333333333334,0.0073321089577862205,0.024479444606638645,0.23599655554835985,0.015164374406816832,0.05413274960106451,0.284343840462414
2026-03-27,-0.011286530198353037,0.01923970140266264,0.375,0.0073292829984706155,0.013099870234567141,0.4902698283493683,0.01604672930434652,0.044827544475503744,0.32931622161656643
2026-03-30,0.0009385758784437962,0.011962368975078966,0.6666666666666666,0.007330794246562908,0.019056410005191173,0.13161650636694466,0.007160633324085911,0.021156857777512084,0.5298857882020926
2026-03-31,0.02418844765996155,0.023531700513453005,0.7916666666666666,0.009450081540620024,0.0365422489196254,0.017934618933748148,0.02126482801250277,0.0625324707187234,0.3070659244939665
2026-04-01,0.0005890179191789894,0.019779796690483322,0.625,0.009445303120491109,0.026867546727804746,0.16365934547307004,0.01785293644771172,0.055328497606772865,0.3643196447427727
2026-04-02,0.0019641725534273596,0.011309080910543026,0.5833333333333334,0.009015050362524946,0.02624139784571305,0.38433992006375506,0.005892568414190901,0.01745379251898086,0.5854815471899567
2026-04-06,0.005095718144445316,0.007922954257674515,0.6666666666666666,0.008851437308060183,0.04014944063932378,0.4054625125499667,0.004861753319234239,0.016241070477323444,0.808244149786869
2026-04-07,-0.0003913157055903856,0.023691914594085848,0.5,0.008776487485720762,0.027040038600715813,0.3885023804180615,0.013342806471455873,0.043761173625511865,0.2605936155599821
2026-04-08,0.02025712631280871,0.0313417190734909,0.8333333333333334,0.009896471530459,0.04238392245995029,-0.1042641665231332,0.029034077411466668,0.09089531790098612,0.22852274042672363
2026-04-09,0.00897345474159326,0.014726666673679684,0.75,0.010043966418143464,0.050576455705013026,0.11275694423999272,0.011605930981367009,0.03637907621970882,0.511844651697197
2026-04-10,-0.0030006825552707735,0.010463442990193776,0.2916666666666667,0.009688349908504028,0.04707049826873841,0.39682552447921116,0.007186568949468188,0.019104945281286773,0.6827853347412769
2026-04-13,0.003286085029341602,0.013509357805652782,0.625,0.00964712160204858,0.05031774171854538,-0.04586200145287811,0.007891847255224101,0.025671116665800464,0.5326004735232641
2026-04-14,0.006755844845148916,0.020861198754081118,0.5833333333333334,0.00962061333887772,0.05452304056370433,-0.21162012031419675,0.0186017743694216,0.0655254991279196,0.3426805157221578
2026-04-15,0.0012797837528757082,0.016293138021934567,0.4166666666666667,0.009620642349503909,0.05797717211889537,-0.25934125107177164,0.013325912564539301,0.039623357762080966,0.4387329358511415
2026-04-16,0.0019033072329670876,0.012179531874436203,0.5833333333333334,0.009042189940025808,0.07244040200502169,-0.0085093533863414,0.00833525611528042,0.030084782139371123,0.5453969417694499
2026-04-17,0.006008764990471015,0.029977965367879406,0.7916666666666666,0.008905530972597782,0.06910493527331714,-0.5230371744179922,0.02133913251943622,0.05460846280676775,0.22398897315365054
2026-04-20,-0.0037048930986438946,0.01266362658311133,0.4583333333333333,0.008573669282347695,0.06004927193637587,0.6186890209818782,0.010186420162953604,0.03431992994519173,0.508114259743359
2026-04-21,-0.0048936344315610725,0.02294009273664091,0.3333333333333333,0.008583438538115185,0.05287780733510146,0.15065184288964373,0.010713691402836092,0.03141198512069321,0.2675318371294191
2026-04-22,0.006352525097479129,0.011315994153855723,0.7083333333333334,0.008586411644667048,0.055186922819577586,0.16808166748174336,0.007601024245706314,0.023055314506655877,0.5681841724378768
2026-04-23,0.002565432890316558,0.017144104798852637,0.5833333333333334,0.008536825891526394,0.06083723785577359,-0.09165263967295179,0.012701216986036,0.03691149987588901,0.3622536696232817
2026-04-24,-0.00018902614073361876,0.0179428654463905,0.3333333333333333,0.007959135887077399,0.06125684637200643,-0.07499537012542534,0.011894422653533928,0.03346088916358603,0.31662818717026375
2026-04-27,-0.0016957579570125124,0.014407906008634546,0.375,0.007292883253517791,0.04999104405224873,0.025085002568163373,0.009975569397723254,0.02863140353010385,0.36102944756484645
2026-04-28,0.0032980738261884864,0.016735550080035355,0.5416666666666666,0.007262940668277179,0.051391187784933776,-0.006561264343215578,0.011866315675464917,0.0352720049863664,0.3178654552022684
2026-04-29,0.0006935728534894261,0.015151570910491277,0.4583333333333333,0.005500358180157509,0.044371385882725184,0.2313622465459806,0.011623705198794765,0.03698184529424231,0.2735630205219952
2026-04-30,0.00758175023313933,0.03808269458040298,0.6666666666666666,0.0055769861773767825,0.046998944538007494,-0.395176953813001,0.02084179371937055,0.07324278586525837,0.11802069599187612
2026-05-01,-0.002791406721839159,0.013600503318267832,0.25,0.005727621147206971,0.04060351668542964,-0.06582314149328661,0.00888368888470474,0.02926892983224142,0.3335102916340815
2026-05-04,-0.010929411882273124,0.02368462525135016,0.3333333333333333,0.0064722584624292605,0.039180037198185545,-0.36591035985307485,0.01629719811296836,0.05462605550493541,0.2038281148088669
2026-05-05,0.0038802539012688284,0.01466083245074231,0.7083333333333334,0.006457294330412915,0.02594254937821455,0.00545938948079705,0.008817763756085952,0.026541060635835535,0.34118386125256117
2026-05-06,0.007918304882785521,0.022486858786218394,0.75,0.005095281039006606,0.03239481479677717,0.12221807808412588,0.020382615835430547,0.06506708583129991,0.19500715484136288
2026-05-07,-0.006882070225036817,0.013276837223617085,0.25,0.005131598502447408,0.028184951331558458,-0.09269155105560767,0.010479443992767705,0.0320775329691414,0.32240578499959643
2026-05-08,-0.0028631151115088758,0.014006049954774011,0.4166666666666667,0.005126223976525592,0.0217090081501428,-0.15131472485624742,0.007501672540383371,0.02102103178270761,0.30512890993562
2026-05-11,-0.00036588261486933393,0.01879953722549113,0.4166666666666667,0.005100939299147116,0.032165363043440726,-0.09341473947618217,0.01635927231288451,0.04871419159275962,0.2195607575320295
2026-05-12,0.005602315979462706,0.012576220598815371,0.7083333333333334,0.005034909799896243,0.03767267335907713,0.029275770468338402,0.009957837829246505,0.02922281901422622,0.3236237913622066
2026-05-13,0.0041530781698525905,0.015306636957273547,0.625,0.005094809333011459,0.04477616766192125,0.1262419581873372,0.010221268865810915,0.028172520115786154,0.2752811688032284
2026-05-14,0.004268170367491331,0.011011346507570975,0.5833333333333334,0.005149350851831849,0.043640685961180266,-0.053355571588965756,0.006715948291314893,0.02003335948333466,0.39340075855325585
2026-05-15,-0.0038775669779283115,0.020178020500675974,0.375,0.005107508008858226,0.04172698555782626,0.05317710659826602,0.015007022967912629,0.0474068693216407,0.20940171846898864
2026-05-18,0.005760157231961965,0.01413465841286523,0.7083333333333334,0.0051449190416754725,0.04149747055305922,0.008113148712451279,0.009274859772942437,0.02891510629265185,0.30620303995960474
2026-05-19,-0.0020330907057362715,0.011749067281995233,0.4583333333333333,0.005014084514239254,0.046246913878174666,-0.13941829483573231,0.00862382689699341,0.024468355644182517,0.35620258936911864
2026-05-20,0.00240307955239003,0.020964043755733193,0.5833333333333334,0.004868779673462197,0.04426108375383478,-0.5646749611930577,0.018554477834832946,0.05991110654487526,0.19021024558650462
2026-05-21,0.0004650577812082048,0.019222121935801948,0.5416666666666666,0.0048518824802932185,0.03811926608521997,0.03289797183866727,0.011827577143733,0.035957129789264644,0.20198379600211613
2026-05-22,0.005552571979196323,0.015405103035900775,0.5833333333333334,0.004963846406258667,0.04595802047590362,0.006776641677526896,0.01253436296767468,0.03341022452838941,0.26943892800060415
2026-05-26,-0.0066629714745696745,0.01664291643637894,0.2916666666666667,0.005223653700412568,0.03293353824508035,-0.10975320399073496,0.016182034682613543,0.05301020043453519,0.2643223704466873
2026-05-27,0.003982450139153511,0.01642781702499251,0.5416666666666666,0.005243369460951859,0.0360322833491533,-0.014825698281567545,0.012513805347214321,0.03254800615951825,0.2698662842734023
2026-05-28,0.0005065448319087201,0.012290637480094355,0.5,0.005243722440970925,0.04298539464193123,-0.19609772736789055,0.006915396170269659,0.02343416247856815,0.3599457347386565
2026-05-29,-0.0036797943028407435,0.017777058660522354,0.2916666666666667,0.005077284505017208,0.03832428502556272,-0.3698541139455698,0.01232406116665641,0.0340332677204207,0.23788326417885844
2026-06-01,-0.002395665618221248,0.024200289970328234,0.2916666666666667,0.005065687371836781,0.04959099825196922,-0.38418611621852405,0.017521107807539616,0.0443609448207849,0.17392674598709024
2026-06-02,-3.077357000206652e-05,0.02015099956405705,0.5,0.004334309209246074,0.059007478046547365,0.013259451337265804,0.013076583018142102,0.040506838282724764,0.181834442466334
2026-06-03,-0.0036263172820825743,0.021783407561234838,0.375,0.004376979097408184,0.050395450175209355,-0.31876970371396984,0.01423242961643139,0.04452478366476072,0.16762524089244699
2026-06-04,0.01254176079789709,0.02115036679111074,0.75,0.0048868226989255545,0.062446761635248045,-0.2797378675155786,0.01790342204664736,0.045118063049471635,0.1835723121973346
2026-06-05,-0.008172969733785765,0.02666922589635881,0.4166666666666667,0.004998660744023457,0.0557378458052227,-0.2936120543995966,0.02009406176315664,0.06210738275895855,0.14800454750515574
2026-06-08,-0.0005969218787110625,0.01084073568718907,0.4166666666666667,0.004941954820796149,0.06601120947467383,-0.10346877639510033,0.005966996140586037,0.019420288248795197,0.3536528479330142
2026-06-09,0.0012696450410891273,0.01751747250161355,0.5,0.0049370985039791405,0.06955084075150152,-0.21880030871652334,0.013671079258897462,0.036081609370927234,0.22143863336546776
2026-06-10,-0.009240435625674235,0.023489356280891327,0.4583333333333333,0.005276605564045186,0.05262727994757985,-0.05646994425784091,0.02125568456357174,0.06894108144736577,0.17288473572980118
2026-06-11,0.007640868294641806,0.024845735992133182,0.5416666666666666,0.005474010113645618,0.05898056310855118,-0.22084905079809536,0.02415872552114614,0.08354309921299237,0.1704654939851862
2026-06-12,0.003993221995527342,0.010772791985646107,0.75,0.005463600701999722,0.0749902291788491,-0.015798475914003296,0.008299672201473322,0.02582202342999155,0.3918754995317132
2026-06-15,0.004674020380869249,0.02477098079618231,0.625,0.0054631471475085755,0.08423192968047002,0.07182720313167834,0.023210591384270566,0.06978368162429993,0.1720325870798833
2026-06-16,0.0033923618326945487,0.015173065061225498,0.625,0.005370711381156182,0.09693247327266988,0.09753840701522631,0.010363007353722324,0.032211859713899026,0.27305136596938545
2026-06-17,-0.014804870384060642,0.016767673046943283,0.16666666666666666,0.006356474927174248,0.07128668659322517,-0.015405894673806708,0.01171227600825264,0.037128305965573816,0.28516867614483205
2026-06-18,-0.0010099569191702046,0.017967945453088142,0.4583333333333333,0.006330384267575479,0.0707819823741825,-0.7447695874761975,0.014083990198814327,0.03734397886670604,0.26224250321036924
2026-06-22,-0.004834763328956049,0.025336129179506162,0.5,0.006406693645699226,0.05900070819831222,-0.2133219276459839,0.023956348257929895,0.062309614213760176,0.19460132349422682
2026-06-23,0.0013566591118226307,0.01892272510946169,0.5833333333333334,0.00626255283932036,0.07113235178806632,-0.3235785216485698,0.01565431271865847,0.05039987839427533,0.24946980944216687
2026-06-24,-0.0013915253780565674,0.017554099275821213,0.4166666666666667,0.006111243337499999,0.08102735660836279,-0.05833256850257862,0.014403665930054968,0.046442437395488215,0.25390515641536665
2026-06-25,-0.002970550235334509,0.027338754370781003,0.4583333333333333,0.006038892096080283,0.07711823049458448,-0.14873226175908583,0.02475099014805626,0.07389710824667248,0.16118076439784138
2026-06-26,0.005929752833156114,0.02680152660383655,0.5416666666666666,0.006222861935424789,0.058859535667779045,-0.8836916412789684,0.02021869672795019,0.0538039723162862,0.17452892875736747
2026-06-29,0.0007152690664345013,0.021878641542817726,0.4583333333333333,0.006185789941004324,0.058985786815034566,0.35933071123067173,0.011297365808928515,0.03516587914490943,0.20702452922157197
2026-06-30,-0.0023194546100201072,0.015786272886337684,0.375,0.006184504987270861,0.0547021596515871,-0.12578121718391322,0.01155771621737163,0.03532089648175366,0.2866797595343749
2026-07-01,0.005393738570758001,0.02912583807157846,0.5833333333333334,0.0063178709573452185,0.05500018007789978,-0.017089354929144207,0.02023197084013401,0.06584911735961727,0.16458764734103704
