date,pc1,pc2,pc3,raw_regime,model_fit_start_date,model_fit_end_date,regime,regime_model_id,assignment_window_start_date,assignment_window_end_date
2019-04-01,-0.2521948995652656,-1.582113976743087,1.969988755442066,1,2018-03-29,2019-03-29,1,0,2019-04-01,2019-04-29
2019-04-02,-1.2440052858035888,-1.0139003174108059,-0.30392209721806307,3,2018-03-29,2019-03-29,0,0,2019-04-01,2019-04-29
2019-04-03,-1.1592123144324087,-1.0368050958993353,0.034200821723935425,3,2018-03-29,2019-03-29,0,0,2019-04-01,2019-04-29
2019-04-04,-2.1170426830718942,-0.7101741842037473,0.13131121990689146,3,2018-03-29,2019-03-29,0,0,2019-04-01,2019-04-29
2019-04-05,-2.3946496728578985,-0.35144258702973613,0.2659926177185431,3,2018-03-29,2019-03-29,0,0,2019-04-01,2019-04-29
2019-04-08,-2.5961433814875408,-0.5549771286576777,-0.11816693863206497,3,2018-03-29,2019-03-29,0,0,2019-04-01,2019-04-29
2019-04-09,-1.231606116689571,-1.1913491189062297,-1.3943827781429745,3,2018-03-29,2019-03-29,0,0,2019-04-01,2019-04-29
2019-04-10,-2.414667900345601,-0.8664768751319997,0.0401340970059249,3,2018-03-29,2019-03-29,0,0,2019-04-01,2019-04-29
2019-04-11,-0.8264138935617291,-1.4127448322766933,0.1069211182055403,3,2018-03-29,2019-03-29,0,0,2019-04-01,2019-04-29
2019-04-12,2.5266056024495165,-2.1124129766097797,1.7407633164021332,1,2018-03-29,2019-03-29,1,0,2019-04-01,2019-04-29
2019-04-15,-0.019128151228078365,-1.6419381393551522,0.02416577243904563,3,2018-03-29,2019-03-29,0,0,2019-04-01,2019-04-29
2019-04-16,-0.4485536581766497,-1.4880933287876006,0.5123633145109467,3,2018-03-29,2019-03-29,0,0,2019-04-01,2019-04-29
2019-04-17,1.0112465754953972,-1.9494770800837928,0.9290154652663247,1,2018-03-29,2019-03-29,1,0,2019-04-01,2019-04-29
2019-04-18,-0.7528300652601659,-1.701742380579943,-0.05993110446679801,3,2018-03-29,2019-03-29,0,0,2019-04-01,2019-04-29
2019-04-22,-0.249322502125287,-2.0338169361574328,0.948164372466623,3,2018-03-29,2019-03-29,0,0,2019-04-01,2019-04-29
2019-04-23,-1.2640702136790538,-1.8359187016929657,0.8892459520916297,3,2018-03-29,2019-03-29,0,0,2019-04-01,2019-04-29
2019-04-24,0.0742736521898934,-2.2824800053177987,-0.9596372727943345,3,2018-03-29,2019-03-29,0,0,2019-04-01,2019-04-29
2019-04-25,2.2897144862831924,-2.7235001925792455,0.8420814663930946,1,2018-03-29,2019-03-29,1,0,2019-04-01,2019-04-29
2019-04-26,0.5095444674408318,-2.3154999860441285,0.5574326435977672,3,2018-03-29,2019-03-29,0,0,2019-04-01,2019-04-29
2019-04-29,-1.5344378004904862,-1.525390848292452,0.13772591481753566,3,2018-03-29,2019-03-29,0,0,2019-04-01,2019-04-29
2019-04-30,1.6817481388207438,-2.5026713854102747,0.8150796404783088,0,2018-03-29,2019-04-29,1,1,2019-04-30,2019-05-28
2019-05-01,0.716523809205705,-2.1727867215995538,-1.470029281296504,1,2018-03-29,2019-04-29,0,1,2019-04-30,2019-05-28
2019-05-02,-0.7230020674147328,-1.6869768360979487,-0.5305500631257282,1,2018-03-29,2019-04-29,0,1,2019-04-30,2019-05-28
2019-05-03,-1.9347362364011993,-1.303486308793214,1.1653827512574346,1,2018-03-29,2019-04-29,0,1,2019-04-30,2019-05-28
2019-05-06,-0.2630324460054266,-1.7944866393994194,-1.1396324893528167,1,2018-03-29,2019-04-29,0,1,2019-04-30,2019-05-28
2019-05-07,-0.33973268702039594,-1.2275291444551721,-2.8775084536848348,1,2018-03-29,2019-04-29,0,1,2019-04-30,2019-05-28
2019-05-08,-2.212909292900119,-0.5339604628418988,-1.1866924275491015,1,2018-03-29,2019-04-29,0,1,2019-04-30,2019-05-28
2019-05-09,-0.6084772178329517,-1.1160038692872178,-1.4142901442613371,1,2018-03-29,2019-04-29,0,1,2019-04-30,2019-05-28
2019-05-10,-0.7960391802826368,-1.0236645703935185,-0.06088131851719069,1,2018-03-29,2019-04-29,0,1,2019-04-30,2019-05-28
2019-05-13,2.4456048129435883,-1.1996228967426816,-2.278882481616451,2,2018-03-29,2019-04-29,3,1,2019-04-30,2019-05-28
2019-05-14,-1.3053049827312335,-0.03248358388707251,0.7435880649081514,1,2018-03-29,2019-04-29,0,1,2019-04-30,2019-05-28
2019-05-15,0.31169198972500006,-0.5526914843061967,1.2204824543395847,0,2018-03-29,2019-04-29,1,1,2019-04-30,2019-05-28
2019-05-16,-2.2749726408756468,0.3524702525092717,0.7062634744683285,1,2018-03-29,2019-04-29,0,1,2019-04-30,2019-05-28
2019-05-17,-0.7953025229677072,-0.0620847073449295,-1.8257550439498074,1,2018-03-29,2019-04-29,0,1,2019-04-30,2019-05-28
2019-05-20,0.5443096450354216,-0.44622218629669347,-1.0160096019533262,1,2018-03-29,2019-04-29,0,1,2019-04-30,2019-05-28
2019-05-21,-1.5219759286042625,0.23976478626409964,0.9100635419525978,1,2018-03-29,2019-04-29,0,1,2019-04-30,2019-05-28
2019-05-22,-0.25298152849308,-0.36600030290562324,-0.3788400118140412,1,2018-03-29,2019-04-29,0,1,2019-04-30,2019-05-28
2019-05-23,1.3837754152168684,-0.6419217199590287,-1.5066783092474774,1,2018-03-29,2019-04-29,0,1,2019-04-30,2019-05-28
2019-05-24,-2.1940721223416406,0.9366890888702125,0.07217584254393136,1,2018-03-29,2019-04-29,0,1,2019-04-30,2019-05-28
2019-05-28,-0.09846273608070051,-0.013042779424403517,-1.7376724997390562,1,2018-03-29,2019-04-29,0,1,2019-04-30,2019-05-28
2019-05-29,-0.8072008660608645,0.30128909758605776,-1.938498093977251,1,2018-03-29,2019-05-28,0,2,2019-05-29,2019-06-25
2019-05-30,-1.0501190049008782,0.5436466984917454,0.24540037115697114,1,2018-03-29,2019-05-28,0,2,2019-05-29,2019-06-25
2019-05-31,-0.6999077442803116,0.44797086005481296,-2.5406156519004095,1,2018-03-29,2019-05-28,0,2,2019-05-29,2019-06-25
2019-06-03,4.874536953069367,-0.9829743999829661,1.2983636969208352,3,2018-03-29,2019-05-28,3,2,2019-05-29,2019-06-25
2019-06-04,1.030584321410004,0.06522807660648068,3.1101094496070263,2,2018-03-29,2019-05-28,1,2,2019-05-29,2019-06-25
2019-06-05,-0.07205920884485185,0.33184172156074243,0.901493628216032,2,2018-03-29,2019-05-28,1,2,2019-05-29,2019-06-25
2019-06-06,-1.3297843965069889,1.0073483344283123,0.927136187910351,1,2018-03-29,2019-05-28,0,2,2019-05-29,2019-06-25
2019-06-07,-0.35532289931149896,0.6236538429850876,1.5709789029198822,1,2018-03-29,2019-05-28,0,2,2019-05-29,2019-06-25
2019-06-10,-1.119968505994843,0.5687510686604814,0.9556193277804567,1,2018-03-29,2019-05-28,0,2,2019-05-29,2019-06-25
2019-06-11,-1.9712577232989845,0.8477736082940244,-0.31920063332062043,1,2018-03-29,2019-05-28,0,2,2019-05-29,2019-06-25
2019-06-12,-0.1880185202996909,0.01689543884803433,-0.8267035888831874,1,2018-03-29,2019-05-28,0,2,2019-05-29,2019-06-25
2019-06-13,-1.996211234517278,0.8210803631864935,-0.03136696331351662,1,2018-03-29,2019-05-28,0,2,2019-05-29,2019-06-25
2019-06-14,-1.5683525704460972,0.4779073362602968,-0.33403291967332005,1,2018-03-29,2019-05-28,0,2,2019-05-29,2019-06-25
2019-06-17,-0.0918724641343182,0.060029922948022924,0.6499205973071015,2,2018-03-29,2019-05-28,1,2,2019-05-29,2019-06-25
2019-06-18,0.3040816055266524,-0.3185852113187148,1.8156831134541749,2,2018-03-29,2019-05-28,1,2,2019-05-29,2019-06-25
2019-06-19,-1.8462805905755197,0.45148162280322923,-0.4237579377092537,1,2018-03-29,2019-05-28,0,2,2019-05-29,2019-06-25
2019-06-20,-1.6229011073493695,0.36005867586270635,0.9320691080907108,1,2018-03-29,2019-05-28,0,2,2019-05-29,2019-06-25
2019-06-21,-0.8584501385030971,-0.36798763301427906,-0.8052998957955243,1,2018-03-29,2019-05-28,0,2,2019-05-29,2019-06-25
2019-06-24,-1.5544116120704523,-0.17230411588244476,-0.3999636282105748,1,2018-03-29,2019-05-28,0,2,2019-05-29,2019-06-25
2019-06-25,-0.25803882507895276,-0.311726085228085,-1.898264695341027,1,2018-03-29,2019-05-28,0,2,2019-05-29,2019-06-25
2019-06-26,2.098085798631363,-0.862375735830314,1.0692982628621572,1,2018-03-29,2019-06-25,1,3,2019-06-26,2019-07-24
2019-06-27,-0.5972693894667832,-0.23462894424480205,0.3767559572483104,0,2018-03-29,2019-06-25,0,3,2019-06-26,2019-07-24
2019-06-28,0.8235657493008371,-0.9700154356911171,0.43859674535975907,1,2018-03-29,2019-06-25,1,3,2019-06-26,2019-07-24
2019-07-01,-2.113301189810125,-0.01912145086141106,0.7711185371121967,0,2018-03-29,2019-06-25,0,3,2019-06-26,2019-07-24
2019-07-02,0.002056042672294885,-1.0000065728462135,0.2249695132699728,0,2018-03-29,2019-06-25,0,3,2019-06-26,2019-07-24
2019-07-03,-2.4996114130224854,-0.03223532283652531,0.9660964423868212,0,2018-03-29,2019-06-25,0,3,2019-06-26,2019-07-24
2019-07-05,-1.8398713683270005,-0.47611539760135585,-1.1270595249439532,0,2018-03-29,2019-06-25,0,3,2019-06-26,2019-07-24
2019-07-08,-1.2010200357274472,-0.739689274811104,-0.8439610743336181,0,2018-03-29,2019-06-25,0,3,2019-06-26,2019-07-24
2019-07-09,-1.550006829377537,-0.7074199808547375,-0.3428792377491422,0,2018-03-29,2019-06-25,0,3,2019-06-26,2019-07-24
2019-07-10,-0.6291380943352891,-0.93972131754633,0.5494238140208221,0,2018-03-29,2019-06-25,0,3,2019-06-26,2019-07-24
2019-07-11,-0.28674460092768594,-1.3652264127061131,0.8246143036050814,0,2018-03-29,2019-06-25,0,3,2019-06-26,2019-07-24
2019-07-12,0.6158882815048475,-1.4183521670822625,1.560419325378462,1,2018-03-29,2019-06-25,1,3,2019-06-26,2019-07-24
2019-07-15,-1.2070962681209583,-0.9472680989099931,-0.498535994809549,0,2018-03-29,2019-06-25,0,3,2019-06-26,2019-07-24
2019-07-16,-0.8588036883474959,-1.0236522077483061,-1.3261529515339574,0,2018-03-29,2019-06-25,0,3,2019-06-26,2019-07-24
2019-07-17,0.6186129794453616,-1.3184319835183385,-0.9015598104395086,0,2018-03-29,2019-06-25,0,3,2019-06-26,2019-07-24
2019-07-18,2.6412179289216833,-1.5315418137032917,1.0676676779769894,1,2018-03-29,2019-06-25,1,3,2019-06-26,2019-07-24
2019-07-19,-0.3187680678311966,-0.964876096541299,-1.2489167157669965,0,2018-03-29,2019-06-25,0,3,2019-06-26,2019-07-24
2019-07-22,-1.1504898910947428,-0.6204288606484124,0.5358327358011402,0,2018-03-29,2019-06-25,0,3,2019-06-26,2019-07-24
2019-07-23,-0.25213226405078637,-1.0445115706337456,1.2297568493858555,0,2018-03-29,2019-06-25,0,3,2019-06-26,2019-07-24
2019-07-24,0.9043568916463515,-1.6455563268416666,0.3531551699366148,1,2018-03-29,2019-06-25,1,3,2019-06-26,2019-07-24
2019-07-25,0.7411649624751472,-1.3688733127201573,-0.520506307676798,0,2018-03-29,2019-07-24,1,4,2019-07-25,2019-08-21
2019-07-26,2.4883869912016467,-1.719303259320552,1.5437552892036515,0,2018-03-29,2019-07-24,1,4,2019-07-25,2019-08-21
2019-07-29,-1.1405790643558082,-0.8896009183579289,-0.4536155689275083,3,2018-03-29,2019-07-24,0,4,2019-07-25,2019-08-21
2019-07-30,-0.7148886659756891,-1.1565689870312286,-0.25241283607786125,3,2018-03-29,2019-07-24,0,4,2019-07-25,2019-08-21
2019-07-31,-0.4806451168932102,-1.1309366898554853,-2.349352476731952,3,2018-03-29,2019-07-24,0,4,2019-07-25,2019-08-21
2019-08-01,2.108149347247249,-1.6157168196550482,-1.6479189581542328,0,2018-03-29,2019-07-24,1,4,2019-07-25,2019-08-21
2019-08-02,0.2648689789793019,-1.0522396992556595,-1.2271353240243066,0,2018-03-29,2019-07-24,1,4,2019-07-25,2019-08-21
2019-08-05,2.3404753130399243,-0.8360672670842483,-3.5207750540997687,1,2018-03-29,2019-07-24,3,4,2019-07-25,2019-08-21
2019-08-06,-1.942580032641287,0.9699801093110726,1.2023729182990934,3,2018-03-29,2019-07-24,0,4,2019-07-25,2019-08-21
2019-08-07,0.11210156076298833,-0.24442309837696366,-0.4448019807654442,3,2018-03-29,2019-07-24,0,4,2019-07-25,2019-08-21
2019-08-08,-0.9372222777546715,0.34494531753666696,2.3983643564493002,3,2018-03-29,2019-07-24,0,4,2019-07-25,2019-08-21
2019-08-09,-0.32759429345575086,0.21691427799609092,-1.6641253935137164,3,2018-03-29,2019-07-24,0,4,2019-07-25,2019-08-21
2019-08-12,-1.003261972606538,0.8674315137125066,-2.6179146033000817,3,2018-03-29,2019-07-24,0,4,2019-07-25,2019-08-21
2019-08-13,-1.6054257527325273,1.0735463079808985,2.0023893415554084,3,2018-03-29,2019-07-24,0,4,2019-07-25,2019-08-21
2019-08-14,1.2870333172210608,0.6582547927495082,-3.461520341170496,2,2018-03-29,2019-07-24,2,4,2019-07-25,2019-08-21
2019-08-15,1.501439705181955,0.5568593799272855,0.6130130629491907,0,2018-03-29,2019-07-24,1,4,2019-07-25,2019-08-21
2019-08-16,0.22974381385898363,0.8743647507307678,2.4809777507241013,0,2018-03-29,2019-07-24,1,4,2019-07-25,2019-08-21
2019-08-19,0.3188063064110717,0.624963833541808,2.3294075584820733,0,2018-03-29,2019-07-24,1,4,2019-07-25,2019-08-21
2019-08-20,0.9176621689836094,0.6144340890357864,-1.8175975609426291,2,2018-03-29,2019-07-24,2,4,2019-07-25,2019-08-21
2019-08-21,-2.773931995479406,2.844571223891204,0.6340519123128886,2,2018-03-29,2019-07-24,2,4,2019-07-25,2019-08-21
2019-08-22,-1.295166672321444,1.5896396019328631,-1.0608876109892802,3,2018-03-29,2019-08-21,2,5,2019-08-22,2019-09-19
2019-08-23,0.8058825704344506,1.115811497932189,-3.3223076435314054,3,2018-03-29,2019-08-21,2,5,2019-08-22,2019-09-19
2019-08-26,-3.3346008463777097,3.325152805092266,1.0968535813090172,3,2018-03-29,2019-08-21,2,5,2019-08-22,2019-09-19
2019-08-27,-0.9456935788917592,1.4050449601499273,-1.3426690578089224,3,2018-03-29,2019-08-21,2,5,2019-08-22,2019-09-19
2019-08-28,-2.6361160273524527,2.964217939953162,0.7380900027063345,3,2018-03-29,2019-08-21,2,5,2019-08-22,2019-09-19
2019-08-29,-1.4644084900447878,2.12608949690934,1.5813818761987832,3,2018-03-29,2019-08-21,2,5,2019-08-22,2019-09-19
2019-08-30,-2.998395164973113,3.58691831278832,-0.8038506086491618,3,2018-03-29,2019-08-21,2,5,2019-08-22,2019-09-19
2019-09-03,-0.6118594190803427,1.5333421641228857,-1.3533372272927253,3,2018-03-29,2019-08-21,2,5,2019-08-22,2019-09-19
2019-09-04,-0.9925488693612216,1.7682285182131865,1.6053980835671637,3,2018-03-29,2019-08-21,2,5,2019-08-22,2019-09-19
2019-09-05,1.086516140854364,0.9000376067192157,2.2173411854748712,1,2018-03-29,2019-08-21,1,5,2019-08-22,2019-09-19
2019-09-06,-1.9358939680901697,2.1114325473358306,-0.8898194716360199,3,2018-03-29,2019-08-21,2,5,2019-08-22,2019-09-19
2019-09-09,1.5253029989235145,0.36271665930966257,0.9984281642052351,1,2018-03-29,2019-08-21,1,5,2019-08-22,2019-09-19
2019-09-10,1.5950624139598886,0.07063939824667818,0.48199230278487787,1,2018-03-29,2019-08-21,1,5,2019-08-22,2019-09-19
2019-09-11,-2.19242582206625,1.4945725114942072,0.65472140349784,0,2018-03-29,2019-08-21,0,5,2019-08-22,2019-09-19
2019-09-12,-1.4088026823859683,0.7753621445731018,0.04779633722811026,0,2018-03-29,2019-08-21,0,5,2019-08-22,2019-09-19
2019-09-13,-0.5240829695013287,0.3616549387538292,0.2291239672762985,0,2018-03-29,2019-08-21,0,5,2019-08-22,2019-09-19
2019-09-16,4.016078292565645,-0.8360847694333414,0.16920876929786044,2,2018-03-29,2019-08-21,3,5,2019-08-22,2019-09-19
2019-09-17,-1.1348314753569904,0.3786945670230706,-0.2997757911073751,0,2018-03-29,2019-08-21,0,5,2019-08-22,2019-09-19
2019-09-18,-1.7570656644605522,0.3081677504958523,-0.16800693925258584,0,2018-03-29,2019-08-21,0,5,2019-08-22,2019-09-19
2019-09-19,-1.3954608361393486,0.02740932204499191,-0.8129132896806889,0,2018-03-29,2019-08-21,0,5,2019-08-22,2019-09-19
2019-09-20,1.693762550234276,-0.8806891924281901,-0.8413359331089031,1,2018-03-29,2019-09-19,0,6,2019-09-20,2019-10-17
2019-09-23,-1.3669417054131259,-0.4479303659485352,-0.416354021915991,1,2018-03-29,2019-09-19,0,6,2019-09-20,2019-10-17
2019-09-24,1.0080595326157098,-0.8938946296373901,-1.6967399236929077,1,2018-03-29,2019-09-19,0,6,2019-09-20,2019-10-17
2019-09-25,0.10249238490665609,-0.29095615545047826,1.2867820876267493,2,2018-03-29,2019-09-19,1,6,2019-09-20,2019-10-17
2019-09-26,0.3235799290708771,-0.7291225563835259,-1.3286272759366144,1,2018-03-29,2019-09-19,0,6,2019-09-20,2019-10-17
2019-09-27,-0.5225151317779624,-0.4204596970178723,-0.4907199441514429,1,2018-03-29,2019-09-19,0,6,2019-09-20,2019-10-17
2019-09-30,-0.5358760475926848,-0.32794516425047565,0.3251593261762467,1,2018-03-29,2019-09-19,0,6,2019-09-20,2019-10-17
2019-10-01,1.4405522616980486,-0.8064160466055539,-1.6216136952475,1,2018-03-29,2019-09-19,0,6,2019-09-20,2019-10-17
2019-10-02,0.988968026596821,-0.5888964159688869,-2.5692020010888124,1,2018-03-29,2019-09-19,0,6,2019-09-20,2019-10-17
2019-10-03,-0.34047577705392396,-0.0814695045878793,1.08608449758131,1,2018-03-29,2019-09-19,0,6,2019-09-20,2019-10-17
2019-10-04,-1.8475789647227796,0.5565832327164031,1.4637053158654778,1,2018-03-29,2019-09-19,0,6,2019-09-20,2019-10-17
2019-10-07,-1.5745370266332521,0.14881724175546032,-1.4502762182771898,1,2018-03-29,2019-09-19,0,6,2019-09-20,2019-10-17
2019-10-08,-0.5495604079173374,0.15268324547494547,-2.5424390461795046,1,2018-03-29,2019-09-19,0,6,2019-09-20,2019-10-17
2019-10-09,-1.6637344789163218,0.6302137013485417,0.9993873204712594,1,2018-03-29,2019-09-19,0,6,2019-09-20,2019-10-17
2019-10-10,-0.8417816352076768,0.25961351847815745,0.9934428055058814,1,2018-03-29,2019-09-19,0,6,2019-09-20,2019-10-17
2019-10-11,-0.20814182760914968,0.15465883928301769,1.4229231356538017,2,2018-03-29,2019-09-19,1,6,2019-09-20,2019-10-17
2019-10-14,-2.8602439143221225,1.3803350954147586,-1.2072007576595691,3,2018-03-29,2019-09-19,2,6,2019-09-20,2019-10-17
2019-10-15,2.264751519907807,-0.38577881705626665,1.9574208257480536,2,2018-03-29,2019-09-19,1,6,2019-09-20,2019-10-17
2019-10-16,-0.6915860675382687,0.3003356584633965,-0.7154944722592831,1,2018-03-29,2019-09-19,0,6,2019-09-20,2019-10-17
2019-10-17,-1.2149142439910285,0.4225438907275575,0.29050219297854096,1,2018-03-29,2019-09-19,0,6,2019-09-20,2019-10-17
2019-10-18,1.7503992985468722,-0.1324354502237128,-0.22946755746417194,1,2018-03-29,2019-10-17,3,7,2019-10-18,2019-11-14
2019-10-21,-0.34025270064479013,0.4936270447180041,1.2608444184672163,0,2018-03-29,2019-10-17,0,7,2019-10-18,2019-11-14
2019-10-22,2.5158279371808194,-0.3795482175422915,-0.09607565181846511,1,2018-03-29,2019-10-17,3,7,2019-10-18,2019-11-14
2019-10-23,-0.8618817797903165,0.4265469575708012,0.1405058565556654,0,2018-03-29,2019-10-17,0,7,2019-10-18,2019-11-14
2019-10-24,-0.9191506763362552,0.2552382763041171,-0.7527562967958702,0,2018-03-29,2019-10-17,0,7,2019-10-18,2019-11-14
2019-10-25,0.46553410597219774,-0.15174175021949501,1.1685231152658704,0,2018-03-29,2019-10-17,0,7,2019-10-18,2019-11-14
2019-10-28,-0.8134946140679564,0.07538513673411842,0.6423327704815438,0,2018-03-29,2019-10-17,0,7,2019-10-18,2019-11-14
2019-10-29,0.9161044280658869,-0.8306772872923649,0.003350235389307373,2,2018-03-29,2019-10-17,1,7,2019-10-18,2019-11-14
2019-10-30,1.1454373981314205,-0.9198659028932652,0.94328319337502,2,2018-03-29,2019-10-17,1,7,2019-10-18,2019-11-14
2019-10-31,-0.7993143369373648,-0.9853717903904144,-1.3750370025167031,2,2018-03-29,2019-10-17,1,7,2019-10-18,2019-11-14
2019-11-01,2.0345906430072684,-0.9197518322919174,1.8870057070875637,1,2018-03-29,2019-10-17,3,7,2019-10-18,2019-11-14
2019-11-04,3.126748320076561,-1.2689934750789855,1.7475261416670536,1,2018-03-29,2019-10-17,3,7,2019-10-18,2019-11-14
2019-11-05,-1.0037164803342156,-1.3680013802660944,-0.5798179151129064,2,2018-03-29,2019-10-17,1,7,2019-10-18,2019-11-14
2019-11-06,-0.2892257569605244,-1.1690540942026706,-0.2092271118926286,2,2018-03-29,2019-10-17,1,7,2019-10-18,2019-11-14
2019-11-07,-0.01733640830033029,-1.5791575372778142,0.953612318116257,0,2018-03-29,2019-10-17,0,7,2019-10-18,2019-11-14
2019-11-08,-1.835905512230089,-1.1340694115660201,0.21886101405227412,0,2018-03-29,2019-10-17,0,7,2019-10-18,2019-11-14
2019-11-11,-2.298165499334333,-0.9127938777458654,-1.6534189646580362,0,2018-03-29,2019-10-17,0,7,2019-10-18,2019-11-14
2019-11-12,-1.9855155859985116,-1.121819140355642,-0.17978415282913685,0,2018-03-29,2019-10-17,0,7,2019-10-18,2019-11-14
2019-11-13,-0.3014962792973616,-1.565623373009498,-0.2320833722806215,2,2018-03-29,2019-10-17,1,7,2019-10-18,2019-11-14
2019-11-14,-1.8287502031887062,-1.2096668910847246,-0.40762983731024,0,2018-03-29,2019-10-17,0,7,2019-10-18,2019-11-14
2019-11-15,0.6874693579343603,-1.593953771513225,1.709694598788148,0,2018-03-29,2019-11-14,1,8,2019-11-15,2019-12-13
2019-11-18,0.862586898305552,-2.1662884407070835,0.763002886374376,0,2018-03-29,2019-11-14,1,8,2019-11-15,2019-12-13
2019-11-19,-0.45446527922410984,-1.9213034380017933,-0.27325707002747274,3,2018-03-29,2019-11-14,0,8,2019-11-15,2019-12-13
2019-11-20,0.29635459240848155,-2.054388728220181,0.124909059890517,3,2018-03-29,2019-11-14,0,8,2019-11-15,2019-12-13
2019-11-21,-0.46051531778625976,-1.8556505020237541,0.4007591843023459,3,2018-03-29,2019-11-14,0,8,2019-11-15,2019-12-13
2019-11-22,-2.3946152116687665,-1.2806688485170745,-0.27771856249627935,3,2018-03-29,2019-11-14,0,8,2019-11-15,2019-12-13
2019-11-25,-0.6353044939052619,-1.6649139151565144,1.5032205537540526,3,2018-03-29,2019-11-14,0,8,2019-11-15,2019-12-13
2019-11-26,-0.5712864345759168,-2.032751153944458,0.00228024619295308,3,2018-03-29,2019-11-14,0,8,2019-11-15,2019-12-13
2019-11-27,-2.108667521130068,-1.4014137900071992,0.4850005380486009,3,2018-03-29,2019-11-14,0,8,2019-11-15,2019-12-13
2019-11-29,-3.088567627390321,-0.6810237754590946,-1.9973466697796471,3,2018-03-29,2019-11-14,0,8,2019-11-15,2019-12-13
2019-12-02,-0.1278474504353186,-1.7986588014929377,-0.9222551126388228,3,2018-03-29,2019-11-14,0,8,2019-11-15,2019-12-13
2019-12-03,-0.9627624114634724,-1.5317502130940097,-1.6674642556005324,3,2018-03-29,2019-11-14,0,8,2019-11-15,2019-12-13
2019-12-04,-1.6325323058663253,-1.0571915662922826,1.2302829207384736,3,2018-03-29,2019-11-14,0,8,2019-11-15,2019-12-13
2019-12-05,-1.900625699117685,-1.081403020429881,-0.2191455430831819,3,2018-03-29,2019-11-14,0,8,2019-11-15,2019-12-13
2019-12-06,-1.0337558560153366,-1.04338082892067,1.7993119136725018,3,2018-03-29,2019-11-14,0,8,2019-11-15,2019-12-13
2019-12-09,-2.022733621653707,-1.090313291913179,-1.2581924934775444,3,2018-03-29,2019-11-14,0,8,2019-11-15,2019-12-13
2019-12-10,-1.2909016949379715,-1.2728692136996511,-0.6530004125226287,3,2018-03-29,2019-11-14,0,8,2019-11-15,2019-12-13
2019-12-11,-1.2164459102349887,-1.2617257988792425,-0.010159906784573843,3,2018-03-29,2019-11-14,0,8,2019-11-15,2019-12-13
2019-12-12,0.4424170021568559,-1.1684312987763867,1.9290155891074359,0,2018-03-29,2019-11-14,1,8,2019-11-15,2019-12-13
2019-12-13,-1.445727580591437,-1.1549288277045868,-0.11361668158818222,3,2018-03-29,2019-11-14,0,8,2019-11-15,2019-12-13
2019-12-16,-1.9714395413898502,-0.8335232738720132,1.1531247480427331,1,2018-03-29,2019-12-13,0,9,2019-12-16,2020-01-14
2019-12-17,-1.5736202106741635,-1.343300072531277,0.30956980193913747,1,2018-03-29,2019-12-13,0,9,2019-12-16,2020-01-14
2019-12-18,-0.6385859060502858,-1.5966286871654198,-0.5565288711728628,1,2018-03-29,2019-12-13,0,9,2019-12-16,2020-01-14
2019-12-19,-0.8533513965532254,-1.3393107170233127,0.9741990384537592,1,2018-03-29,2019-12-13,0,9,2019-12-16,2020-01-14
2019-12-20,-1.2191726951848751,-1.7009967853661607,0.05001109336279554,1,2018-03-29,2019-12-13,0,9,2019-12-16,2020-01-14
2019-12-23,-1.917389329271134,-1.2468997837420805,-0.12204743252153266,1,2018-03-29,2019-12-13,0,9,2019-12-16,2020-01-14
2019-12-24,-3.796521779439635,-0.01969534967861338,-0.7520588375495246,1,2018-03-29,2019-12-13,0,9,2019-12-16,2020-01-14
2019-12-26,-2.150413245905766,-1.3444205355427692,1.3195124113435859,1,2018-03-29,2019-12-13,0,9,2019-12-16,2020-01-14
2019-12-27,-3.167533509947957,-0.8570275500564395,-0.6706414799230451,1,2018-03-29,2019-12-13,0,9,2019-12-16,2020-01-14
2019-12-30,-1.960090904166291,-1.5341195135483068,-2.1305806340589646,1,2018-03-29,2019-12-13,0,9,2019-12-16,2020-01-14
2019-12-31,-3.7335000478095406,-0.0851084477836619,0.46793728001101037,1,2018-03-29,2019-12-13,0,9,2019-12-16,2020-01-14
2020-01-02,-0.5731792370927368,-1.7123940429458597,1.8247624432458807,3,2018-03-29,2019-12-13,1,9,2019-12-16,2020-01-14
2020-01-03,-2.1660383911163015,-1.3661391504860227,-2.227779824452761,1,2018-03-29,2019-12-13,0,9,2019-12-16,2020-01-14
2020-01-06,-0.33378604723353184,-1.7250774406316556,0.8061948340218468,1,2018-03-29,2019-12-13,0,9,2019-12-16,2020-01-14
2020-01-07,-1.914488956751424,-1.7214438051323515,-1.295329633193116,1,2018-03-29,2019-12-13,0,9,2019-12-16,2020-01-14
2020-01-08,0.21026643295162295,-1.7831446271937992,0.9960933527609299,3,2018-03-29,2019-12-13,1,9,2019-12-16,2020-01-14
2020-01-09,-1.9520828156519523,-1.3602928998012938,1.094190853586255,1,2018-03-29,2019-12-13,0,9,2019-12-16,2020-01-14
2020-01-10,-2.312921807350223,-0.996825708184695,-1.2875104848395091,1,2018-03-29,2019-12-13,0,9,2019-12-16,2020-01-14
2020-01-13,0.16514913189859132,-1.6488480940886592,1.3656934996260726,3,2018-03-29,2019-12-13,1,9,2019-12-16,2020-01-14
2020-01-14,-1.0231804348756517,-1.3905302489753215,-0.6371078493198294,1,2018-03-29,2019-12-13,0,9,2019-12-16,2020-01-14
2020-01-15,-0.4589493717746298,-1.5227197490437314,0.3704095297677942,3,2018-03-29,2020-01-14,0,10,2020-01-15,2020-02-12
2020-01-16,-2.406632307666587,-0.7215986720196212,1.2063154012481623,3,2018-03-29,2020-01-14,0,10,2020-01-15,2020-02-12
2020-01-17,-1.9479648429727612,-1.1772910762696716,-0.012646833465842314,3,2018-03-29,2020-01-14,0,10,2020-01-15,2020-02-12
2020-01-21,-0.6057393112040328,-1.505655415698677,-1.0606556188862792,3,2018-03-29,2020-01-14,0,10,2020-01-15,2020-02-12
2020-01-22,-1.4713841999465949,-1.1671959535643444,-0.4381644043780369,3,2018-03-29,2020-01-14,0,10,2020-01-15,2020-02-12
2020-01-23,0.5371642362317602,-1.7972952186083362,0.366436084923205,0,2018-03-29,2020-01-14,1,10,2020-01-15,2020-02-12
2020-01-24,0.9401792093909391,-2.521609999089152,-2.8397385752190734,3,2018-03-29,2020-01-14,0,10,2020-01-15,2020-02-12
2020-01-27,1.7897219786928118,-1.7921124137906337,-1.9939320693698956,2,2018-03-29,2020-01-14,3,10,2020-01-15,2020-02-12
2020-01-28,-0.34333729250344674,-0.6244510435774571,1.5767733925832947,0,2018-03-29,2020-01-14,1,10,2020-01-15,2020-02-12
2020-01-29,-0.26129954772682995,-1.2684968211518306,-0.41758492755947996,3,2018-03-29,2020-01-14,0,10,2020-01-15,2020-02-12
2020-01-30,2.4968485006369243,-1.5927482929442032,0.8785481843434793,0,2018-03-29,2020-01-14,1,10,2020-01-15,2020-02-12
2020-01-31,4.185306272046146,-1.647359123610259,-1.9147201006334644,2,2018-03-29,2020-01-14,3,10,2020-01-15,2020-02-12
2020-02-03,1.6684831848102497,-0.8390478245187393,1.013492953440423,0,2018-03-29,2020-01-14,1,10,2020-01-15,2020-02-12
2020-02-04,2.300725223185844,-0.8346690231418116,2.3488068462263714,0,2018-03-29,2020-01-14,1,10,2020-01-15,2020-02-12
2020-02-05,1.5711252842302177,-0.7325743000352463,2.3250883495709678,0,2018-03-29,2020-01-14,1,10,2020-01-15,2020-02-12
2020-02-06,-0.7330332301724469,-0.20608111627593598,-0.22387054125073408,3,2018-03-29,2020-01-14,0,10,2020-01-15,2020-02-12
2020-02-07,-0.344418966538092,-0.46664805272610477,-1.1958572817906858,3,2018-03-29,2020-01-14,0,10,2020-01-15,2020-02-12
2020-02-10,0.07309999389416794,-0.5217954463471516,1.1197137256315284,0,2018-03-29,2020-01-14,1,10,2020-01-15,2020-02-12
2020-02-11,-0.5583358355020785,-0.47184461507159914,0.751955662418052,3,2018-03-29,2020-01-14,0,10,2020-01-15,2020-02-12
2020-02-12,-1.0104717873572446,-0.47947103001818575,1.1446380996593841,3,2018-03-29,2020-01-14,0,10,2020-01-15,2020-02-12
2020-02-13,-1.4891833368312262,0.14260963805137478,-1.0593836591910641,1,2018-03-29,2020-02-12,0,11,2020-02-13,2020-03-12
2020-02-14,0.5870729336730243,-0.6907562053223198,0.661755130386338,3,2018-03-29,2020-02-12,1,11,2020-02-13,2020-03-12
2020-02-18,-0.11648162261165597,-0.5862795399766721,-0.15926902939054344,1,2018-03-29,2020-02-12,0,11,2020-02-13,2020-03-12
2020-02-19,0.16718166569909657,-0.5993171945068766,1.279855365068495,3,2018-03-29,2020-02-12,1,11,2020-02-13,2020-03-12
2020-02-20,-1.3032930380445957,-0.2510061070828733,-1.2550614159068707,1,2018-03-29,2020-02-12,0,11,2020-02-13,2020-03-12
2020-02-21,1.569314403973289,-0.8072250521403398,-1.0528190269877093,2,2018-03-29,2020-02-12,3,11,2020-02-13,2020-03-12
2020-02-24,1.880396851200039,-0.4306601520090869,-3.758370303967765,2,2018-03-29,2020-02-12,3,11,2020-02-13,2020-03-12
2020-02-25,2.060953738101251,0.13815871723861048,-3.383901297148217,2,2018-03-29,2020-02-12,3,11,2020-02-13,2020-03-12
2020-02-26,3.688394068910438,0.18465214067415958,-0.2518022324649251,2,2018-03-29,2020-02-12,3,11,2020-02-13,2020-03-12
2020-02-27,2.7990209238752564,0.8392375890119864,-4.891339517088284,2,2018-03-29,2020-02-12,3,11,2020-02-13,2020-03-12
2020-02-28,6.167482092874026,0.4705578704988822,0.08079282855726506,2,2018-03-29,2020-02-12,3,11,2020-02-13,2020-03-12
2020-03-02,2.25789868697786,2.0223258529173016,4.58320781623196,3,2018-03-29,2020-02-12,1,11,2020-02-13,2020-03-12
2020-03-03,2.418367780190779,1.6720327394044392,-3.6616182822167707,2,2018-03-29,2020-02-12,3,11,2020-02-13,2020-03-12
2020-03-04,2.3728637754983217,2.7212992706964814,4.519596280807887,0,2018-03-29,2020-02-12,2,11,2020-02-13,2020-03-12
2020-03-05,1.7761682825390464,2.8761445169082624,-4.066759947970615,2,2018-03-29,2020-02-12,3,11,2020-02-13,2020-03-12
2020-03-06,4.115434158114395,2.385779886978113,-1.710274170739082,2,2018-03-29,2020-02-12,3,11,2020-02-13,2020-03-12
2020-03-09,18.442183256311093,1.4373109739720609,-4.679947064160527,2,2018-03-29,2020-02-12,3,11,2020-02-13,2020-03-12
2020-03-10,3.033949502973282,5.438023492581432,4.369768124807631,0,2018-03-29,2020-02-12,2,11,2020-02-13,2020-03-12
2020-03-11,2.014447269340711,5.2575233157230485,-6.015072993943987,2,2018-03-29,2020-02-12,3,11,2020-02-13,2020-03-12
2020-03-12,6.649696393940058,5.438332493902368,-8.486204759255397,2,2018-03-29,2020-02-12,3,11,2020-02-13,2020-03-12
2020-03-13,11.19409786056669,1.0207508109860859,10.23594781421211,1,2018-03-29,2020-03-12,3,12,2020-03-13,2020-04-09
2020-03-16,15.475555057404224,5.743739749149211,-3.0791578816851635,1,2018-03-29,2020-03-12,3,12,2020-03-13,2020-04-09
2020-03-17,7.386555867373319,5.269425370741135,7.136436571022058,2,2018-03-29,2020-03-12,2,12,2020-03-13,2020-04-09
2020-03-18,19.20871728000529,3.7405976546105344,1.7984246041448926,1,2018-03-29,2020-03-12,3,12,2020-03-13,2020-04-09
2020-03-19,14.087835223631012,4.160271591049436,6.253964470905552,1,2018-03-29,2020-03-12,3,12,2020-03-13,2020-04-09
2020-03-20,11.153860244670438,7.249461819579961,1.228397660819329,1,2018-03-29,2020-03-12,3,12,2020-03-13,2020-04-09
2020-03-23,13.349490216125663,5.992420096696001,2.8035225009251326,1,2018-03-29,2020-03-12,3,12,2020-03-13,2020-04-09
2020-03-24,17.070596646211417,1.6467902315027079,13.630670252381492,1,2018-03-29,2020-03-12,3,12,2020-03-13,2020-04-09
2020-03-25,9.25490414086269,7.17296985122386,4.532747798282907,1,2018-03-29,2020-03-12,3,12,2020-03-13,2020-04-09
2020-03-26,2.9470732845364696,9.42396209131237,7.507897030191418,2,2018-03-29,2020-03-12,2,12,2020-03-13,2020-04-09
2020-03-27,8.643079456505752,9.261904955618295,1.4238901933984855,1,2018-03-29,2020-03-12,3,12,2020-03-13,2020-04-09
2020-03-30,4.559351241957684,9.14813213059681,6.938743053069701,2,2018-03-29,2020-03-12,2,12,2020-03-13,2020-04-09
2020-03-31,6.980057791900914,8.857222208356843,3.251886912596561,2,2018-03-29,2020-03-12,2,12,2020-03-13,2020-04-09
2020-04-01,6.1136642461801864,11.186805311520184,0.5868447000001464,2,2018-03-29,2020-03-12,2,12,2020-03-13,2020-04-09
2020-04-02,9.747472341093005,6.06873954085976,8.131853882156692,1,2018-03-29,2020-03-12,3,12,2020-03-13,2020-04-09
2020-04-03,3.9564682011001793,12.770067211850106,1.7099842462976889,2,2018-03-29,2020-03-12,2,12,2020-03-13,2020-04-09
2020-04-06,4.5395733880675815,7.8859212926333715,8.112824059312683,2,2018-03-29,2020-03-12,2,12,2020-03-13,2020-04-09
2020-04-07,6.181085144223335,8.587600261887648,3.5765795667748224,2,2018-03-29,2020-03-12,2,12,2020-03-13,2020-04-09
2020-04-08,5.231087245543426,7.431420077604434,6.708665635456078,2,2018-03-29,2020-03-12,2,12,2020-03-13,2020-04-09
2020-04-09,7.90267405823642,5.77955789273118,4.459824537258939,1,2018-03-29,2020-03-12,3,12,2020-03-13,2020-04-09
2020-04-13,5.4381772643073525,1.1267436693837682,1.0241487341536857,3,2018-03-29,2020-04-09,2,13,2020-04-13,2020-05-08
2020-04-14,4.229792965487466,3.0350817857449433,0.21131850108153902,3,2018-03-29,2020-04-09,2,13,2020-04-13,2020-05-08
2020-04-15,4.251412143581938,0.3171943438429496,1.7137976436468636,3,2018-03-29,2020-04-09,2,13,2020-04-13,2020-05-08
2020-04-16,4.303770514185636,1.5943923952505887,0.16124663550882196,3,2018-03-29,2020-04-09,2,13,2020-04-13,2020-05-08
2020-04-17,7.7374753250776775,1.6725960443731023,-3.25938763433779,0,2018-03-29,2020-04-09,3,13,2020-04-13,2020-05-08
2020-04-20,2.5460428743167562,0.5617763265902753,3.410984040302574,3,2018-03-29,2020-04-09,2,13,2020-04-13,2020-05-08
2020-04-21,2.2053168020382072,0.2279830956853101,4.36688967617455,2,2018-03-29,2020-04-09,1,13,2020-04-13,2020-05-08
2020-04-22,2.5269413572438046,2.5741503668539814,-0.3285208315063903,3,2018-03-29,2020-04-09,2,13,2020-04-13,2020-05-08
2020-04-23,2.1419744793450852,2.148699552907227,1.2750974693675057,3,2018-03-29,2020-04-09,2,13,2020-04-13,2020-05-08
2020-04-24,0.5677346492346487,3.20119870893026,2.125317905861876,1,2018-03-29,2020-04-09,0,13,2020-04-13,2020-05-08
2020-04-27,2.468793574166816,1.5929937711199853,-0.14802361058554206,2,2018-03-29,2020-04-09,1,13,2020-04-13,2020-05-08
2020-04-28,2.7048448422705316,-0.04017109743241748,0.36104932284894387,2,2018-03-29,2020-04-09,1,13,2020-04-13,2020-05-08
2020-04-29,4.17761351271809,1.5107934949750637,-2.359207218965409,3,2018-03-29,2020-04-09,2,13,2020-04-13,2020-05-08
2020-04-30,2.9064000100907434,-0.4549826369910177,0.008596748851467722,2,2018-03-29,2020-04-09,1,13,2020-04-13,2020-05-08
2020-05-01,2.8007365892145426,-1.3840203274786904,1.5202260527312161,2,2018-03-29,2020-04-09,1,13,2020-04-13,2020-05-08
2020-05-04,2.270287823578433,1.0157947663469056,0.27623955382705523,2,2018-03-29,2020-04-09,1,13,2020-04-13,2020-05-08
2020-05-05,-0.35976671698725177,2.365685638334483,1.799825837869422,1,2018-03-29,2020-04-09,0,13,2020-04-13,2020-05-08
2020-05-06,0.9131892644527789,0.440527512078317,1.7765183702098408,1,2018-03-29,2020-04-09,0,13,2020-04-13,2020-05-08
2020-05-07,1.2727959842693455,1.1591713411182447,0.1143846330742594,2,2018-03-29,2020-04-09,1,13,2020-04-13,2020-05-08
2020-05-08,0.48187026686352696,2.5453273186879284,0.00960559708854381,1,2018-03-29,2020-04-09,0,13,2020-04-13,2020-05-08
2020-05-11,1.8086206621042569,0.08414640664231568,0.06530965389454758,0,2018-03-29,2020-05-08,1,14,2020-05-11,2020-06-08
2020-05-12,0.583279249177375,-0.8398556344642283,2.6605356803567672,0,2018-03-29,2020-05-08,1,14,2020-05-11,2020-06-08
2020-05-13,1.343909086115615,-1.0943337466608398,1.4989077614019946,0,2018-03-29,2020-05-08,1,14,2020-05-11,2020-06-08
2020-05-14,0.9323215141353951,2.0369324111234217,0.19453061522993667,1,2018-03-29,2020-05-08,0,14,2020-05-11,2020-06-08
2020-05-15,1.1788611137022549,0.5349840904508422,0.1802914914223997,0,2018-03-29,2020-05-08,1,14,2020-05-11,2020-06-08
2020-05-18,3.3294657233910776,1.7316221647828722,-2.7867096305406,2,2018-03-29,2020-05-08,2,14,2020-05-11,2020-06-08
2020-05-19,0.4770106307358513,-0.7235127792151326,1.4081921868066565,0,2018-03-29,2020-05-08,1,14,2020-05-11,2020-06-08
2020-05-20,0.7049679285646854,1.4786547519607447,-1.0350448469617417,1,2018-03-29,2020-05-08,0,14,2020-05-11,2020-06-08
2020-05-21,-0.7161912011876487,0.05148139703465914,2.218079225041354,1,2018-03-29,2020-05-08,0,14,2020-05-11,2020-06-08
2020-05-22,-0.7189174991015309,0.5977133990737205,1.1458128701965493,1,2018-03-29,2020-05-08,0,14,2020-05-11,2020-06-08
2020-05-26,3.8611024980993065,0.08319227210138307,-3.374259292982288,0,2018-03-29,2020-05-08,1,14,2020-05-11,2020-06-08
2020-05-27,2.451379094926877,0.7324389931647206,-2.4463837699924826,0,2018-03-29,2020-05-08,1,14,2020-05-11,2020-06-08
2020-05-28,0.927473604954863,-0.5987558586307768,-0.38683951028924324,0,2018-03-29,2020-05-08,1,14,2020-05-11,2020-06-08
2020-05-29,0.719459219183461,0.07046520268455457,-0.34146298543528075,0,2018-03-29,2020-05-08,1,14,2020-05-11,2020-06-08
2020-06-01,-0.5454341762591192,1.0529246668593963,-0.02247196175954679,1,2018-03-29,2020-05-08,0,14,2020-05-11,2020-06-08
2020-06-02,-1.1171547751288449,1.8851028107877015,0.33732078735769105,1,2018-03-29,2020-05-08,0,14,2020-05-11,2020-06-08
2020-06-03,0.5156560175704781,0.49993755828371517,-2.2611962931402694,0,2018-03-29,2020-05-08,1,14,2020-05-11,2020-06-08
2020-06-04,0.3195411332280172,-0.9616117893854534,-0.6082753205993024,0,2018-03-29,2020-05-08,1,14,2020-05-11,2020-06-08
2020-06-05,1.0503541505694012,1.0199778603145102,-3.569060307479108,0,2018-03-29,2020-05-08,1,14,2020-05-11,2020-06-08
2020-06-08,-1.2735211525645653,0.7210605556541759,-1.723795987034288,1,2018-03-29,2020-05-08,0,14,2020-05-11,2020-06-08
2020-06-09,0.7183964163882176,-0.7921025691784847,-1.7008732132194788,3,2018-03-29,2020-06-08,2,15,2020-06-09,2020-07-07
2020-06-10,1.8536818148739815,-1.3625723016441704,-3.2689481983655386,3,2018-03-29,2020-06-08,2,15,2020-06-09,2020-07-07
2020-06-11,1.7581673387839063,-3.907025598123546,-0.7221242900938356,0,2018-03-29,2020-06-08,1,15,2020-06-09,2020-07-07
2020-06-12,-0.2519933967479028,0.987594004730601,-1.7529730685465001,3,2018-03-29,2020-06-08,2,15,2020-06-09,2020-07-07
2020-06-15,-0.7920057371062384,1.0968983927178353,-0.9825342254199031,2,2018-03-29,2020-06-08,0,15,2020-06-09,2020-07-07
2020-06-16,-1.7694014921211283,2.03389792504406,-1.4071286027287566,2,2018-03-29,2020-06-08,0,15,2020-06-09,2020-07-07
2020-06-17,-0.7478183209103959,-0.5195276231202994,-1.1866140802009568,2,2018-03-29,2020-06-08,0,15,2020-06-09,2020-07-07
2020-06-18,-1.9488653714659756,0.8588003788259398,1.414321640215354,2,2018-03-29,2020-06-08,0,15,2020-06-09,2020-07-07
2020-06-19,-0.7465224279692898,-0.8320431393252607,-0.6813092730190422,2,2018-03-29,2020-06-08,0,15,2020-06-09,2020-07-07
2020-06-22,-0.12722169543875014,0.3673306977368236,-0.9494366820707931,3,2018-03-29,2020-06-08,2,15,2020-06-09,2020-07-07
2020-06-23,-1.8677977610288103,1.0861383016334425,0.3411857062060794,2,2018-03-29,2020-06-08,0,15,2020-06-09,2020-07-07
2020-06-24,-0.017509546615551503,-1.936369518696539,0.5204244506509806,0,2018-03-29,2020-06-08,1,15,2020-06-09,2020-07-07
2020-06-25,-0.22918290426493773,1.6114981119842355,-1.0738990665719523,3,2018-03-29,2020-06-08,2,15,2020-06-09,2020-07-07
2020-06-26,1.236588893152137,-2.759420676287674,-0.489731088896886,0,2018-03-29,2020-06-08,1,15,2020-06-09,2020-07-07
2020-06-29,-1.2918344825851056,2.5176791744574474,0.8220075884217924,2,2018-03-29,2020-06-08,0,15,2020-06-09,2020-07-07
2020-06-30,-1.4999558343342962,2.738370878392372,1.259663748964303,2,2018-03-29,2020-06-08,0,15,2020-06-09,2020-07-07
2020-07-01,1.7357436669643558,0.19192037940698536,-1.6185939444792812,3,2018-03-29,2020-06-08,2,15,2020-06-09,2020-07-07
2020-07-02,-1.1397834125926396,1.5240682443056017,1.1927974357870526,2,2018-03-29,2020-06-08,0,15,2020-06-09,2020-07-07
2020-07-06,-0.3523199189537943,2.1869539234961644,-0.573707881834464,2,2018-03-29,2020-06-08,0,15,2020-06-09,2020-07-07
2020-07-07,1.2349891046837573,-0.9474491739822117,-0.4325570057684635,3,2018-03-29,2020-06-08,2,15,2020-06-09,2020-07-07
2020-07-08,-0.267310590526197,1.6094105714963658,0.02805581656740289,1,2018-03-29,2020-07-07,0,16,2020-07-08,2020-08-04
2020-07-09,2.2076084484256033,-0.7329566586815233,-0.8355869691905712,0,2018-03-29,2020-07-07,2,16,2020-07-08,2020-08-04
2020-07-10,1.0818021569572043,1.581105689941821,-2.033772189039042,0,2018-03-29,2020-07-07,2,16,2020-07-08,2020-08-04
2020-07-13,0.9073903985639443,-0.15343265332051578,-1.0322931836241853,0,2018-03-29,2020-07-07,2,16,2020-07-08,2020-08-04
2020-07-14,-0.1308149533219702,1.6096624448534231,-1.0472873043678579,0,2018-03-29,2020-07-07,2,16,2020-07-08,2020-08-04
2020-07-15,-0.3771262243055594,0.5482549443801713,-0.49983335212911273,1,2018-03-29,2020-07-07,0,16,2020-07-08,2020-08-04
2020-07-16,-1.0265370888906298,0.04459359074796307,0.643437766828882,1,2018-03-29,2020-07-07,0,16,2020-07-08,2020-08-04
2020-07-17,-0.08285541701740136,-0.5651527141941056,-0.36272780014499156,1,2018-03-29,2020-07-07,0,16,2020-07-08,2020-08-04
2020-07-20,1.2548287690184774,0.1352630329619909,-1.3713602227474873,0,2018-03-29,2020-07-07,2,16,2020-07-08,2020-08-04
2020-07-21,2.6788202303884034,-0.09235283845533258,-2.559082392650742,0,2018-03-29,2020-07-07,2,16,2020-07-08,2020-08-04
2020-07-22,-0.2728651073793174,0.017523806742132896,-0.1665876073718529,1,2018-03-29,2020-07-07,0,16,2020-07-08,2020-08-04
2020-07-23,0.38537320255653,-1.2422423216980087,0.009253361325697042,2,2018-03-29,2020-07-07,1,16,2020-07-08,2020-08-04
2020-07-24,-1.1790247350174314,0.007281874855556312,1.3593747414150845,1,2018-03-29,2020-07-07,0,16,2020-07-08,2020-08-04
2020-07-27,-0.9603703325198515,1.029180524783444,-0.432368941874866,1,2018-03-29,2020-07-07,0,16,2020-07-08,2020-08-04
2020-07-28,-0.8169090659190869,-0.8335005292658748,0.1635918046765513,1,2018-03-29,2020-07-07,0,16,2020-07-08,2020-08-04
2020-07-29,-0.8806634471251773,0.829657934697149,-0.8880859022085011,1,2018-03-29,2020-07-07,0,16,2020-07-08,2020-08-04
2020-07-30,3.272433474029267,-1.2289083987309393,-2.8073835018497135,0,2018-03-29,2020-07-07,2,16,2020-07-08,2020-08-04
2020-07-31,1.6440499832475377,-1.042372171082593,-2.404102553604711,0,2018-03-29,2020-07-07,2,16,2020-07-08,2020-08-04
2020-08-03,0.49835170621894714,-0.1343252446386702,-1.660790392113247,0,2018-03-29,2020-07-07,2,16,2020-07-08,2020-08-04
2020-08-04,-0.7233643359287139,0.3271349505087909,-0.9831499891820441,1,2018-03-29,2020-07-07,0,16,2020-07-08,2020-08-04
2020-08-05,-1.0964150826770722,0.4132717750339752,-0.6950146223673681,0,2018-03-29,2020-08-04,0,17,2020-08-05,2020-09-01
2020-08-06,-0.4165623527215841,0.4963634844499567,-1.496178535544045,1,2018-03-29,2020-08-04,2,17,2020-08-05,2020-09-01
2020-08-07,0.6324002545627636,-0.17681496480398962,-2.271862499531856,1,2018-03-29,2020-08-04,2,17,2020-08-05,2020-09-01
2020-08-10,0.35881730279251184,0.051181890588808676,-1.9925874548303022,1,2018-03-29,2020-08-04,2,17,2020-08-05,2020-09-01
2020-08-11,0.06737530867621516,-0.8691112440955864,-1.3237986699265976,1,2018-03-29,2020-08-04,2,17,2020-08-05,2020-09-01
2020-08-12,-0.27391997534265244,1.1085622071611727,-1.8785405365420251,1,2018-03-29,2020-08-04,2,17,2020-08-05,2020-09-01
2020-08-13,-1.0947977795163004,-0.24136819042449428,-0.46272471637811063,0,2018-03-29,2020-08-04,0,17,2020-08-05,2020-09-01
2020-08-14,-2.345398013095674,0.8938690595270143,1.0652715447961727,0,2018-03-29,2020-08-04,0,17,2020-08-05,2020-09-01
2020-08-17,0.47390167651577236,-0.6895251769137745,-1.7687141716728034,1,2018-03-29,2020-08-04,2,17,2020-08-05,2020-09-01
2020-08-18,-0.7027365152699757,-0.5858280093120376,-0.9804669493687534,0,2018-03-29,2020-08-04,0,17,2020-08-05,2020-09-01
2020-08-19,-1.3758204592365528,-0.9261384909297196,0.24317059503102734,0,2018-03-29,2020-08-04,0,17,2020-08-05,2020-09-01
2020-08-20,0.014131429505690397,-0.6051636261710255,-1.1874568363526818,1,2018-03-29,2020-08-04,2,17,2020-08-05,2020-09-01
2020-08-21,-0.19959518606598844,-0.49887074418706695,-1.5054740463948162,1,2018-03-29,2020-08-04,2,17,2020-08-05,2020-09-01
2020-08-24,-0.8202890888030588,0.7333305807959433,-1.6037585796617524,0,2018-03-29,2020-08-04,0,17,2020-08-05,2020-09-01
2020-08-25,-0.6465204321049088,-0.49643772035482026,-1.268670753511869,0,2018-03-29,2020-08-04,0,17,2020-08-05,2020-09-01
2020-08-26,3.7820686751253434,-0.548576729672417,-3.8502228840655137,1,2018-03-29,2020-08-04,2,17,2020-08-05,2020-09-01
2020-08-27,0.5435299703929913,-0.36361019376418974,-1.8977498641539743,1,2018-03-29,2020-08-04,2,17,2020-08-05,2020-09-01
2020-08-28,-1.2950555084363613,0.5878647237373679,-1.264342991190962,0,2018-03-29,2020-08-04,0,17,2020-08-05,2020-09-01
2020-08-31,-0.3941469971861598,-1.4965361686510938,-0.6194588407055098,3,2018-03-29,2020-08-04,1,17,2020-08-05,2020-09-01
2020-09-01,0.5658148452286722,-0.3237607087650068,-1.866119823255707,1,2018-03-29,2020-08-04,2,17,2020-08-05,2020-09-01
2020-09-02,-0.2520961068679541,0.4433312864775059,-1.940548638353498,0,2018-03-29,2020-09-01,2,18,2020-09-02,2020-09-30
2020-09-03,3.029099334851856,-3.6361769209698642,-1.3514028319032119,1,2018-03-29,2020-09-01,1,18,2020-09-02,2020-09-30
2020-09-04,0.8208345007366604,-1.282767414967342,-1.3378172390311014,0,2018-03-29,2020-09-01,2,18,2020-09-02,2020-09-30
2020-09-08,1.3217729530341158,-2.8641682741400305,-0.4424954989893609,1,2018-03-29,2020-09-01,1,18,2020-09-02,2020-09-30
2020-09-09,0.6759434811547107,1.140249731571327,-1.8867758991507333,0,2018-03-29,2020-09-01,2,18,2020-09-02,2020-09-30
2020-09-10,-0.5937984100058512,-1.7520621320021559,1.1248223681529048,1,2018-03-29,2020-09-01,1,18,2020-09-02,2020-09-30
2020-09-11,-0.4176618570644059,0.037492134383717235,-0.15125588008150168,2,2018-03-29,2020-09-01,0,18,2020-09-02,2020-09-30
2020-09-14,0.12642567248085756,0.4859601451570452,-0.8979478742630914,0,2018-03-29,2020-09-01,2,18,2020-09-02,2020-09-30
2020-09-15,0.7979519590717213,0.142895343599886,-1.1223871063791488,0,2018-03-29,2020-09-01,2,18,2020-09-02,2020-09-30
2020-09-16,2.012743798134296,-0.6797803560621954,-1.4783471264620591,0,2018-03-29,2020-09-01,2,18,2020-09-02,2020-09-30
2020-09-17,0.16143970236193297,-0.8076877425273641,0.1271879771459282,1,2018-03-29,2020-09-01,1,18,2020-09-02,2020-09-30
2020-09-18,0.24032974801133578,-1.9564495554592225,0.2836400779694889,1,2018-03-29,2020-09-01,1,18,2020-09-02,2020-09-30
2020-09-21,1.8356867427574597,-1.4534036315405356,-0.9031336009755915,0,2018-03-29,2020-09-01,2,18,2020-09-02,2020-09-30
2020-09-22,0.38569374352386976,0.1814970285832413,-0.9768735568131487,0,2018-03-29,2020-09-01,2,18,2020-09-02,2020-09-30
2020-09-23,0.5703002897730317,-2.182786798849303,0.7461823396158861,1,2018-03-29,2020-09-01,1,18,2020-09-02,2020-09-30
2020-09-24,-0.9355903731714632,1.0945300074224027,0.3616087762885786,2,2018-03-29,2020-09-01,0,18,2020-09-02,2020-09-30
2020-09-25,-0.21486661306735266,1.6968797750707096,-0.5000594832459941,2,2018-03-29,2020-09-01,0,18,2020-09-02,2020-09-30
2020-09-28,-0.9522066449691388,2.0894311793124025,0.4138511585301398,2,2018-03-29,2020-09-01,0,18,2020-09-02,2020-09-30
2020-09-29,0.28945489606143054,-0.4658684731520487,0.7663774865026906,1,2018-03-29,2020-09-01,1,18,2020-09-02,2020-09-30
2020-09-30,-0.8097449866886135,1.548545741784155,0.45650505069232805,2,2018-03-29,2020-09-01,0,18,2020-09-02,2020-09-30
2020-10-01,1.1089441527522512,0.1329636566636167,-0.8492800396744543,3,2018-03-29,2020-09-30,2,19,2020-10-01,2020-10-28
2020-10-02,1.01619883469342,-0.5540189165940012,-0.5702318159757933,3,2018-03-29,2020-09-30,2,19,2020-10-01,2020-10-28
2020-10-05,-0.8632124345695176,2.3097690272562654,-0.3807454034485164,1,2018-03-29,2020-09-30,0,19,2020-10-01,2020-10-28
2020-10-06,-0.9425243629664245,-0.7822542218944287,1.56338175979079,2,2018-03-29,2020-09-30,1,19,2020-10-01,2020-10-28
2020-10-07,-0.9937068280070417,1.7799207961635786,-0.6467200439391312,1,2018-03-29,2020-09-30,0,19,2020-10-01,2020-10-28
2020-10-08,0.06220700214814621,0.7916802151473229,-0.7923611421382072,3,2018-03-29,2020-09-30,2,19,2020-10-01,2020-10-28
2020-10-09,-0.6225001255387538,0.7132388250741352,-0.16802201472649844,1,2018-03-29,2020-09-30,0,19,2020-10-01,2020-10-28
2020-10-12,0.21336591752204886,1.15868787100248,-1.6166508373516073,3,2018-03-29,2020-09-30,2,19,2020-10-01,2020-10-28
2020-10-13,-0.14718054479718135,-0.41084884667304566,0.00313902283838367,1,2018-03-29,2020-09-30,0,19,2020-10-01,2020-10-28
2020-10-14,-0.44513939938789,-0.951384774036264,0.7575584563665921,2,2018-03-29,2020-09-30,1,19,2020-10-01,2020-10-28
2020-10-15,-0.7421017754322238,0.1317688696915364,0.5253753737516722,1,2018-03-29,2020-09-30,0,19,2020-10-01,2020-10-28
2020-10-16,-0.45124414280702924,0.2518890865202474,0.14833545162954692,1,2018-03-29,2020-09-30,0,19,2020-10-01,2020-10-28
2020-10-19,-1.3051534520639212,-0.7949481035527755,2.557294136674744,2,2018-03-29,2020-09-30,1,19,2020-10-01,2020-10-28
2020-10-20,-1.4519802942101885,1.7025905707343334,0.8326509656768823,1,2018-03-29,2020-09-30,0,19,2020-10-01,2020-10-28
2020-10-21,0.179851658094693,-0.9567980023338734,-0.10347009478357293,2,2018-03-29,2020-09-30,1,19,2020-10-01,2020-10-28
2020-10-22,1.0065219408191752,0.49187831563208956,-1.3630417812372266,3,2018-03-29,2020-09-30,2,19,2020-10-01,2020-10-28
2020-10-23,-1.0704002718389392,0.6338522350232622,0.2267232409676137,1,2018-03-29,2020-09-30,0,19,2020-10-01,2020-10-28
2020-10-26,-0.1288912315034885,-1.7211687491941348,1.0280479450241995,2,2018-03-29,2020-09-30,1,19,2020-10-01,2020-10-28
2020-10-27,0.8406630595414006,-0.5999162767566766,-0.5720631216987987,3,2018-03-29,2020-09-30,2,19,2020-10-01,2020-10-28
2020-10-28,0.5447840428429079,-2.4225132072434667,1.7061897217795332,2,2018-03-29,2020-09-30,1,19,2020-10-01,2020-10-28
2020-10-29,1.3748042453894074,1.0155211535086681,-1.027636785317605,2,2018-03-29,2020-10-28,2,20,2020-10-29,2020-11-25
2020-10-30,1.7363746814713685,-1.2321933658345892,-0.09773830708981203,2,2018-03-29,2020-10-28,2,20,2020-10-29,2020-11-25
2020-11-02,1.3871947543043475,0.945700600448536,-1.0798773530679653,2,2018-03-29,2020-10-28,2,20,2020-10-29,2020-11-25
2020-11-03,1.2587920064992018,1.2205863306045068,-1.0026752266595866,2,2018-03-29,2020-10-28,2,20,2020-10-29,2020-11-25
2020-11-04,5.331534733133872,-0.33709616992256003,-3.1263864520274156,2,2018-03-29,2020-10-28,2,20,2020-10-29,2020-11-25
2020-11-05,0.7550370343308861,1.2332571732621729,-0.8984740771788698,2,2018-03-29,2020-10-28,2,20,2020-10-29,2020-11-25
2020-11-06,0.1110648166186675,-0.09346219407025393,0.5704254277924455,1,2018-03-29,2020-10-28,1,20,2020-10-29,2020-11-25
2020-11-09,12.84391992594649,-1.2968758656040174,-6.732379897788971,0,2018-03-29,2020-10-28,3,20,2020-10-29,2020-11-25
2020-11-10,3.3492817007915643,-0.2921066585534584,-2.1220600558520255,2,2018-03-29,2020-10-28,2,20,2020-10-29,2020-11-25
2020-11-11,1.048458232924872,0.3398205113425666,-0.6326284535276916,2,2018-03-29,2020-10-28,2,20,2020-10-29,2020-11-25
2020-11-12,0.09313194759976225,-0.7243260493792345,1.2487294356541387,1,2018-03-29,2020-10-28,1,20,2020-10-29,2020-11-25
2020-11-13,-0.12374469030219444,1.6919627309141356,-0.1102735086818061,3,2018-03-29,2020-10-28,0,20,2020-10-29,2020-11-25
2020-11-16,2.901127705454406,0.4759572774937299,-2.5017909192119117,2,2018-03-29,2020-10-28,2,20,2020-10-29,2020-11-25
2020-11-17,-0.4673235650134869,-0.4736556441194534,1.2515862433680736,1,2018-03-29,2020-10-28,1,20,2020-10-29,2020-11-25
2020-11-18,-0.5849855501600876,-0.8889448877885153,1.7609835910900042,1,2018-03-29,2020-10-28,1,20,2020-10-29,2020-11-25
2020-11-19,-0.7755561867919647,1.2659097320491173,1.2635426269485992,3,2018-03-29,2020-10-28,0,20,2020-10-29,2020-11-25
2020-11-20,-0.7656893047863849,-0.18807432595625273,2.8126120235055443,1,2018-03-29,2020-10-28,1,20,2020-10-29,2020-11-25
2020-11-23,3.4888996803075174,0.05581612260813622,-2.137832963836896,2,2018-03-29,2020-10-28,2,20,2020-10-29,2020-11-25
2020-11-24,2.016116786796462,0.8028441264910584,-1.9256603637174496,2,2018-03-29,2020-10-28,2,20,2020-10-29,2020-11-25
2020-11-25,0.1367009275764868,-0.18617905551607145,0.3326387467958134,1,2018-03-29,2020-10-28,1,20,2020-10-29,2020-11-25
2020-11-27,-0.8889360783873574,0.7245700758989946,1.1356334148765586,0,2018-03-29,2020-11-25,0,21,2020-11-27,2020-12-24
2020-11-30,2.473575445359151,-1.6312652366637552,-1.0994347545700889,2,2018-03-29,2020-11-25,2,21,2020-11-27,2020-12-24
2020-12-01,-0.13314531957541595,0.5932595553987108,-0.5525803793388692,0,2018-03-29,2020-11-25,0,21,2020-11-27,2020-12-24
2020-12-02,0.3222656784535319,0.2725893376092259,-1.0467927783549213,2,2018-03-29,2020-11-25,2,21,2020-11-27,2020-12-24
2020-12-03,-0.971128313280337,-0.2229112032443485,0.5056951501729037,0,2018-03-29,2020-11-25,0,21,2020-11-27,2020-12-24
2020-12-04,1.4096840078952113,0.12685624788396388,-2.056789531721936,2,2018-03-29,2020-11-25,2,21,2020-11-27,2020-12-24
2020-12-07,0.25984529559523206,-1.0150316175786056,-0.4200606206428824,1,2018-03-29,2020-11-25,1,21,2020-11-27,2020-12-24
2020-12-08,-1.4833895387513112,0.49347283573118816,0.052553779542041476,0,2018-03-29,2020-11-25,0,21,2020-11-27,2020-12-24
2020-12-09,-0.13347037776732323,-0.5815350365828278,-0.5265920346000704,0,2018-03-29,2020-11-25,0,21,2020-11-27,2020-12-24
2020-12-10,0.28614704983170836,-0.8484285774713061,-0.7122013971700614,2,2018-03-29,2020-11-25,2,21,2020-11-27,2020-12-24
2020-12-11,-0.8811315824599281,-0.26376275551087053,-0.17182029464865103,0,2018-03-29,2020-11-25,0,21,2020-11-27,2020-12-24
2020-12-14,0.6611446451549483,-1.4120547743754162,-0.9326689605852929,2,2018-03-29,2020-11-25,2,21,2020-11-27,2020-12-24
2020-12-15,-1.6072306138377026,0.9992347422644864,-0.9159224199168308,0,2018-03-29,2020-11-25,0,21,2020-11-27,2020-12-24
2020-12-16,-1.444503071413729,-0.47840204367808264,-0.35117005015030983,0,2018-03-29,2020-11-25,0,21,2020-11-27,2020-12-24
2020-12-17,-1.5878455690401776,0.07286827134763078,-0.6779391192506036,0,2018-03-29,2020-11-25,0,21,2020-11-27,2020-12-24
2020-12-18,-0.5785550181201503,-1.8359943131695362,-0.4864812935844337,1,2018-03-29,2020-11-25,1,21,2020-11-27,2020-12-24
2020-12-21,1.4339676705764983,-0.9594354756106558,-1.9559388611713766,2,2018-03-29,2020-11-25,2,21,2020-11-27,2020-12-24
2020-12-22,-0.5123681849497932,-1.2119995826633532,-0.3907776140567254,1,2018-03-29,2020-11-25,1,21,2020-11-27,2020-12-24
2020-12-23,-0.27897774147394877,-0.059340958703138734,-1.418684982539695,0,2018-03-29,2020-11-25,0,21,2020-11-27,2020-12-24
2020-12-24,-2.2094720194614057,0.2988500879918575,0.31952728381817563,0,2018-03-29,2020-11-25,0,21,2020-11-27,2020-12-24
2020-12-28,-0.7080099806793149,-0.051062314842255305,-1.5083530917222618,1,2018-03-29,2020-12-24,0,22,2020-12-28,2021-01-26
2020-12-29,-1.8727927427861912,-0.6583193555196396,0.07563984800365946,1,2018-03-29,2020-12-24,0,22,2020-12-28,2021-01-26
2020-12-30,-1.1425567822272582,-0.5576958084200686,-0.6300189852557629,1,2018-03-29,2020-12-24,0,22,2020-12-28,2021-01-26
2020-12-31,-1.4374197871004033,0.31532611717943326,-1.1479174652950253,1,2018-03-29,2020-12-24,0,22,2020-12-28,2021-01-26
2021-01-04,-0.8569091276998644,-1.736131416878835,-0.18218245834284164,0,2018-03-29,2020-12-24,1,22,2020-12-28,2021-01-26
2021-01-05,0.5032964406807408,0.05749841852346849,-2.085178199919541,2,2018-03-29,2020-12-24,2,22,2020-12-28,2021-01-26
2021-01-06,4.428955347416367,-1.3996088836794036,-3.4048954488589342,2,2018-03-29,2020-12-24,2,22,2020-12-28,2021-01-26
2021-01-07,0.6036669064297798,0.22372181666308882,-2.1099173176794053,2,2018-03-29,2020-12-24,2,22,2020-12-28,2021-01-26
2021-01-08,-1.3481493676481018,-0.35697321338891363,-0.37827184323048896,1,2018-03-29,2020-12-24,0,22,2020-12-28,2021-01-26
2021-01-11,0.47922008357626944,-0.9329663386361782,-1.3947868134331478,2,2018-03-29,2020-12-24,2,22,2020-12-28,2021-01-26
2021-01-12,0.5655483930806068,-0.8760834462239147,-1.5783972383645781,2,2018-03-29,2020-12-24,2,22,2020-12-28,2021-01-26
2021-01-13,-1.4949666621820745,-0.181201117132673,-0.48430105593362327,1,2018-03-29,2020-12-24,0,22,2020-12-28,2021-01-26
2021-01-14,0.6354751319754524,-1.3915838751046055,-1.5416396494024056,2,2018-03-29,2020-12-24,2,22,2020-12-28,2021-01-26
2021-01-15,1.2914732809366367,-2.0636969527489364,-1.1080790409582215,2,2018-03-29,2020-12-24,2,22,2020-12-28,2021-01-26
2021-01-19,0.07249377315185453,-0.5095385134383762,-1.5522502927030126,2,2018-03-29,2020-12-24,2,22,2020-12-28,2021-01-26
2021-01-20,3.9679235667834614,-0.020909038669469557,-3.5737916929486366,2,2018-03-29,2020-12-24,2,22,2020-12-28,2021-01-26
2021-01-21,1.3084077651648292,-1.1262849448305172,-1.6403200897261125,2,2018-03-29,2020-12-24,2,22,2020-12-28,2021-01-26
2021-01-22,-1.493476861421393,-1.056386449482424,-0.21481001141972858,1,2018-03-29,2020-12-24,0,22,2020-12-28,2021-01-26
2021-01-25,-0.5596601840130905,-0.9458372739936427,-1.0578584368419301,1,2018-03-29,2020-12-24,0,22,2020-12-28,2021-01-26
2021-01-26,-0.022167290461058184,-1.9923894608138975,-1.4238665368048022,2,2018-03-29,2020-12-24,2,22,2020-12-28,2021-01-26
2021-01-27,0.3119229622532553,-3.12574228927905,0.7228253024281264,1,2018-03-29,2021-01-26,1,23,2021-01-27,2021-02-24
2021-01-28,-1.231768084100637,-0.0030420420341224206,-1.3051436839823405,0,2018-03-29,2021-01-26,0,23,2021-01-27,2021-02-24
2021-01-29,-0.4726559988497946,-2.465656284821672,1.2026583296670466,1,2018-03-29,2021-01-26,1,23,2021-01-27,2021-02-24
2021-02-01,-0.7070956839336325,0.543625078932167,-1.2149886756947228,0,2018-03-29,2021-01-26,0,23,2021-01-27,2021-02-24
2021-02-02,-0.21783499171070236,0.8299279356359165,-1.5882945576984138,0,2018-03-29,2021-01-26,0,23,2021-01-27,2021-02-24
2021-02-03,0.8237318493154161,-0.46302031305923697,-1.1888084956430516,2,2018-03-29,2021-01-26,2,23,2021-01-27,2021-02-24
2021-02-04,-0.5359843003751334,0.7118438992049563,-1.1352970154523052,0,2018-03-29,2021-01-26,0,23,2021-01-27,2021-02-24
2021-02-05,-1.1926613320132067,0.5160114809416633,-0.27614656925802006,0,2018-03-29,2021-01-26,0,23,2021-01-27,2021-02-24
2021-02-08,0.7714287195160335,-0.07221487570490369,-1.5016917354826325,2,2018-03-29,2021-01-26,2,23,2021-01-27,2021-02-24
2021-02-09,-1.3620252404233202,0.04963468639438681,0.35977065094950483,0,2018-03-29,2021-01-26,0,23,2021-01-27,2021-02-24
2021-02-10,-1.2871195635593529,0.44276635348459364,-0.13555819437971825,0,2018-03-29,2021-01-26,0,23,2021-01-27,2021-02-24
2021-02-11,-0.8229944045646119,-0.4405702792116563,0.46603197767724697,0,2018-03-29,2021-01-26,0,23,2021-01-27,2021-02-24
2021-02-12,-1.3888865776733637,1.1801023586255397,-0.01826551059166292,0,2018-03-29,2021-01-26,0,23,2021-01-27,2021-02-24
2021-02-16,0.17185677293955628,-0.08041920631893801,-0.9577989543970762,2,2018-03-29,2021-01-26,2,23,2021-01-27,2021-02-24
2021-02-17,-0.48000958052075804,0.07706405922725172,-0.6279036777994936,0,2018-03-29,2021-01-26,0,23,2021-01-27,2021-02-24
2021-02-18,-0.42137197393156317,-0.7392868364779748,-0.22520016238257773,0,2018-03-29,2021-01-26,0,23,2021-01-27,2021-02-24
2021-02-19,0.2149879975553565,-0.7852331694322974,-0.6546070560143236,2,2018-03-29,2021-01-26,2,23,2021-01-27,2021-02-24
2021-02-22,2.095332248728805,-1.0817134262604489,-1.556280863911746,2,2018-03-29,2021-01-26,2,23,2021-01-27,2021-02-24
2021-02-23,-0.3466820711891495,-0.21168489047147207,-0.49164767390148917,0,2018-03-29,2021-01-26,0,23,2021-01-27,2021-02-24
2021-02-24,1.1596647358008385,-0.4497435954860423,-1.7255399297659353,2,2018-03-29,2021-01-26,2,23,2021-01-27,2021-02-24
2021-02-25,0.6510341502479671,-2.116168002437874,-0.5730227837354336,1,2018-03-29,2021-02-24,1,24,2021-02-25,2021-03-24
2021-02-26,1.1268073902904079,-1.866638396097416,0.30635242076422114,2,2018-03-29,2021-02-24,2,24,2021-02-25,2021-03-24
2021-03-01,-0.6778572714142883,1.1381305830639168,1.6248849269666037,0,2018-03-29,2021-02-24,0,24,2021-02-25,2021-03-24
2021-03-02,-0.8616932534963846,-0.8495552274310371,-0.7893843236570176,1,2018-03-29,2021-02-24,1,24,2021-02-25,2021-03-24
2021-03-03,1.2898669430065435,-1.4316473783869708,0.5341743835297649,2,2018-03-29,2021-02-24,2,24,2021-02-25,2021-03-24
2021-03-04,1.2512509355566566,-2.0432090884394127,0.26771075947231143,2,2018-03-29,2021-02-24,2,24,2021-02-25,2021-03-24
2021-03-05,0.252526096938335,0.7641536104927694,1.9506043069517682,2,2018-03-29,2021-02-24,2,24,2021-02-25,2021-03-24
2021-03-08,2.229873316296963,-1.28936320531654,1.3222134209646679,2,2018-03-29,2021-02-24,2,24,2021-02-25,2021-03-24
2021-03-09,2.437527930844722,-1.2311897133215968,1.7551979739450059,2,2018-03-29,2021-02-24,2,24,2021-02-25,2021-03-24
2021-03-10,0.2306262894969795,-0.18022774423555568,1.120658969295877,2,2018-03-29,2021-02-24,2,24,2021-02-25,2021-03-24
2021-03-11,0.3380981359013871,-0.34005963712794823,0.9189021608487932,2,2018-03-29,2021-02-24,2,24,2021-02-25,2021-03-24
2021-03-12,0.08011864707317552,-0.35324221504096087,0.8915767672512693,2,2018-03-29,2021-02-24,2,24,2021-02-25,2021-03-24
2021-03-15,0.37461420951989793,-0.7547740402535839,0.8455708496370314,2,2018-03-29,2021-02-24,2,24,2021-02-25,2021-03-24
2021-03-16,-0.025917724185778902,-0.24128187336038107,0.6143406842059693,0,2018-03-29,2021-02-24,0,24,2021-02-25,2021-03-24
2021-03-17,-1.4050746361830688,0.3553632057040257,0.11040002581052982,0,2018-03-29,2021-02-24,0,24,2021-02-25,2021-03-24
2021-03-18,2.3962141904614898,-2.1436379065902407,0.6726772492235186,2,2018-03-29,2021-02-24,2,24,2021-02-25,2021-03-24
2021-03-19,0.8182354538955098,-1.951594395511163,0.3099009664061312,2,2018-03-29,2021-02-24,2,24,2021-02-25,2021-03-24
2021-03-22,0.4894607427905464,-0.23323049905895626,0.9978510594058252,2,2018-03-29,2021-02-24,2,24,2021-02-25,2021-03-24
2021-03-23,-0.18943591489580414,-0.6621862113636826,-0.020947048457303122,0,2018-03-29,2021-02-24,0,24,2021-02-25,2021-03-24
2021-03-24,0.5490975841969431,-0.5659588915344935,0.696923401624538,2,2018-03-29,2021-02-24,2,24,2021-02-25,2021-03-24
2021-03-25,-0.61655457348291,0.06963787004872844,0.6584686089487986,2,2018-03-29,2021-03-24,0,25,2021-03-25,2021-04-22
2021-03-26,-1.429865823146976,1.2078993880347435,1.360519456631696,2,2018-03-29,2021-03-24,0,25,2021-03-25,2021-04-22
2021-03-29,-0.7861310819912554,-0.03962535471699194,0.7488203912542856,2,2018-03-29,2021-03-24,0,25,2021-03-25,2021-04-22
2021-03-30,-0.6608720162329387,-0.8486949645311452,-0.2876236774885851,3,2018-03-29,2021-03-24,1,25,2021-03-25,2021-04-22
2021-03-31,-0.1756393871161509,-0.7498492030189546,0.6368751988867549,2,2018-03-29,2021-03-24,0,25,2021-03-25,2021-04-22
2021-04-01,-0.3656108104280893,0.10453872579542849,1.4630255349414747,2,2018-03-29,2021-03-24,0,25,2021-03-25,2021-04-22
2021-04-05,0.33068346946738314,-0.1957876027759613,1.9558027814817478,0,2018-03-29,2021-03-24,2,25,2021-03-25,2021-04-22
2021-04-06,-1.8679919567091219,-0.16533864887610192,-0.39169806983794453,2,2018-03-29,2021-03-24,0,25,2021-03-25,2021-04-22
2021-04-07,-1.7391861829880528,0.48827247935270407,0.622847741937849,2,2018-03-29,2021-03-24,0,25,2021-03-25,2021-04-22
2021-04-08,-1.116249210989654,-0.2715226381288065,0.5428094005092502,2,2018-03-29,2021-03-24,0,25,2021-03-25,2021-04-22
2021-04-09,-1.3585874174619141,-0.03587694163092138,1.0407823115987584,2,2018-03-29,2021-03-24,0,25,2021-03-25,2021-04-22
2021-04-12,-1.0765155881887576,-0.6078790043569995,0.6715207010616936,2,2018-03-29,2021-03-24,0,25,2021-03-25,2021-04-22
2021-04-13,-0.5595483816289587,-0.8252535014497878,0.648071314430416,2,2018-03-29,2021-03-24,0,25,2021-03-25,2021-04-22
2021-04-14,0.5025293810539726,-1.4561446120512311,0.9626837390104976,0,2018-03-29,2021-03-24,2,25,2021-03-25,2021-04-22
2021-04-15,-0.01938343789049373,-0.4228743108454465,1.9055206797186464,0,2018-03-29,2021-03-24,2,25,2021-03-25,2021-04-22
2021-04-16,-1.5016484755611355,-0.26490047152231333,0.6700792780717291,2,2018-03-29,2021-03-24,0,25,2021-03-25,2021-04-22
2021-04-19,-2.0293313878691017,-0.3716747733160439,-0.13496300893287108,2,2018-03-29,2021-03-24,0,25,2021-03-25,2021-04-22
2021-04-20,0.5105090630612107,-1.690231383945118,0.5529508488451197,0,2018-03-29,2021-03-24,2,25,2021-03-25,2021-04-22
2021-04-21,0.21397203572858223,-0.5556535542884504,1.7508687678351886,0,2018-03-29,2021-03-24,2,25,2021-03-25,2021-04-22
2021-04-22,-1.8545714647037541,-1.1307153283479878,-1.4980346952816903,3,2018-03-29,2021-03-24,1,25,2021-03-25,2021-04-22
2021-04-23,-1.2028372719691856,0.1827014842355702,1.4641398712454037,2,2018-03-29,2021-04-22,0,26,2021-04-23,2021-05-20
2021-04-26,-1.2179674188518659,-0.5248341539657893,0.5671762236475488,2,2018-03-29,2021-04-22,0,26,2021-04-23,2021-05-20
2021-04-27,0.35100806808803453,-0.9718199986354878,1.746120654457233,3,2018-03-29,2021-04-22,2,26,2021-04-23,2021-05-20
2021-04-28,-0.11571601879940989,-0.7636358518146324,1.478495621677685,3,2018-03-29,2021-04-22,2,26,2021-04-23,2021-05-20
2021-04-29,-0.008669966731273791,-0.47884933778547606,2.104265006937935,3,2018-03-29,2021-04-22,2,26,2021-04-23,2021-05-20
2021-04-30,-0.3079082176561922,-1.5318543782889955,-0.016857456821582642,0,2018-03-29,2021-04-22,1,26,2021-04-23,2021-05-20
2021-05-03,-0.2774880697810094,-0.5550297312239576,1.4486355174327752,3,2018-03-29,2021-04-22,2,26,2021-04-23,2021-05-20
2021-05-04,0.31971273250775295,-1.450760395536711,0.6976544656540276,3,2018-03-29,2021-04-22,2,26,2021-04-23,2021-05-20
2021-05-05,0.3397467905196303,-0.8389684279842277,1.4298424530840672,3,2018-03-29,2021-04-22,2,26,2021-04-23,2021-05-20
2021-05-06,-1.6598838476630808,0.6584751400576461,0.9617727400816679,2,2018-03-29,2021-04-22,0,26,2021-04-23,2021-05-20
2021-05-07,-1.6150308423488307,0.3978672417899667,0.8290428965355584,2,2018-03-29,2021-04-22,0,26,2021-04-23,2021-05-20
2021-05-10,0.7082267136943471,-1.7551486025247751,0.5538395747814555,3,2018-03-29,2021-04-22,2,26,2021-04-23,2021-05-20
2021-05-11,-0.5135433025425125,-1.5382850824943246,-0.7572499253135282,0,2018-03-29,2021-04-22,1,26,2021-04-23,2021-05-20
2021-05-12,0.04931543012664384,-1.6793794529842252,-0.9508531836094157,0,2018-03-29,2021-04-22,1,26,2021-04-23,2021-05-20
2021-05-13,-0.5775070851426086,0.4213882180571452,1.2073185812937484,2,2018-03-29,2021-04-22,0,26,2021-04-23,2021-05-20
2021-05-14,-0.5468753452648515,0.8249599899658145,1.806433672094675,2,2018-03-29,2021-04-22,0,26,2021-04-23,2021-05-20
2021-05-17,-0.6631075185689065,-0.23950347434436473,0.19994185181911,2,2018-03-29,2021-04-22,0,26,2021-04-23,2021-05-20
2021-05-18,-0.7486012052300758,-0.891629985009341,-1.0399535308962604,0,2018-03-29,2021-04-22,1,26,2021-04-23,2021-05-20
2021-05-19,-0.24130735061652955,-0.8499187247995974,-0.5345738395836404,0,2018-03-29,2021-04-22,1,26,2021-04-23,2021-05-20
2021-05-20,-0.6790775436752146,0.325186103230758,0.718924097117873,2,2018-03-29,2021-04-22,0,26,2021-04-23,2021-05-20
2021-05-21,-1.1389068623206782,-0.24502372350071222,-0.26860052495155706,3,2018-03-29,2021-05-20,0,27,2021-05-21,2021-06-18
2021-05-24,-0.9073745670167078,0.4521716565480589,1.2359312110929745,3,2018-03-29,2021-05-20,0,27,2021-05-21,2021-06-18
2021-05-25,-0.9304174200566822,-0.27031719084061734,-0.4701396968808767,3,2018-03-29,2021-05-20,0,27,2021-05-21,2021-06-18
2021-05-26,-2.118583695300828,1.8773212049088577,-0.7514937870805867,3,2018-03-29,2021-05-20,0,27,2021-05-21,2021-06-18
2021-05-27,-0.5046635547236556,-0.9031776130782321,0.15296798276967577,3,2018-03-29,2021-05-20,0,27,2021-05-21,2021-06-18
2021-05-28,-1.345423768215272,-0.3256461790027732,0.029198593858823486,3,2018-03-29,2021-05-20,0,27,2021-05-21,2021-06-18
2021-06-01,0.8332082744508134,-1.1767066702953846,0.88720053826971,1,2018-03-29,2021-05-20,2,27,2021-05-21,2021-06-18
2021-06-02,-1.6594384024036584,0.4870770686812701,0.4377274507744146,3,2018-03-29,2021-05-20,0,27,2021-05-21,2021-06-18
2021-06-03,-1.1312488520197197,-0.25666864416547386,0.22630233455582482,3,2018-03-29,2021-05-20,0,27,2021-05-21,2021-06-18
2021-06-04,-1.0862961581262254,0.43452808096205353,1.1208152784157313,3,2018-03-29,2021-05-20,0,27,2021-05-21,2021-06-18
2021-06-07,-1.2833415690342522,-0.5306807891117814,-0.6684390283544911,3,2018-03-29,2021-05-20,0,27,2021-05-21,2021-06-18
2021-06-08,-1.2276446357164803,-0.30615503152060974,-0.17138073231845014,3,2018-03-29,2021-05-20,0,27,2021-05-21,2021-06-18
2021-06-09,-0.4258620586394884,-0.9813380034975091,-0.20105905156764073,0,2018-03-29,2021-05-20,1,27,2021-05-21,2021-06-18
2021-06-10,-0.3033214342057402,-0.673153326762198,1.1403514929514273,1,2018-03-29,2021-05-20,2,27,2021-05-21,2021-06-18
2021-06-11,-1.2728515393174227,-0.6082372734093465,0.06245130524209069,3,2018-03-29,2021-05-20,0,27,2021-05-21,2021-06-18
2021-06-14,-0.7629412852173008,-0.9232197121872077,0.66498062653443,3,2018-03-29,2021-05-20,0,27,2021-05-21,2021-06-18
2021-06-15,-0.5995840438279604,-1.312442735792594,0.222159597719904,3,2018-03-29,2021-05-20,0,27,2021-05-21,2021-06-18
2021-06-16,-1.3792683504400693,-1.235159640899275,-0.3542185668276986,3,2018-03-29,2021-05-20,0,27,2021-05-21,2021-06-18
2021-06-17,1.588032502841853,-1.7710273916104688,1.4151104170522595,1,2018-03-29,2021-05-20,2,27,2021-05-21,2021-06-18
2021-06-18,-0.3330622710820719,-2.5346047376148304,-1.318623321791159,0,2018-03-29,2021-05-20,1,27,2021-05-21,2021-06-18
2021-06-21,-0.24280658654643153,-0.0687296226327506,2.008699681618696,1,2018-03-29,2021-06-18,2,28,2021-06-21,2021-07-19
2021-06-22,-1.2454960683691476,-0.11563902767423866,0.8823094904407306,0,2018-03-29,2021-06-18,0,28,2021-06-21,2021-07-19
2021-06-23,-1.8927898610104048,-0.19123512010255264,-0.5744617040246276,0,2018-03-29,2021-06-18,0,28,2021-06-21,2021-07-19
2021-06-24,-1.316641818828114,0.2313408131718413,1.2266993143508875,0,2018-03-29,2021-06-18,0,28,2021-06-21,2021-07-19
2021-06-25,-1.2802768370562942,-0.5473701212983214,0.3576193133533695,0,2018-03-29,2021-06-18,0,28,2021-06-21,2021-07-19
2021-06-28,0.9528899211927686,-1.3659675430616551,0.914193328229347,1,2018-03-29,2021-06-18,2,28,2021-06-21,2021-07-19
2021-06-29,-1.7584893962513402,-0.2681595394256528,-0.27236078295555705,0,2018-03-29,2021-06-18,0,28,2021-06-21,2021-07-19
2021-06-30,-1.1096252433543483,-0.010359351400499754,0.986643949522752,0,2018-03-29,2021-06-18,0,28,2021-06-21,2021-07-19
2021-07-01,-1.3748274028711682,0.18137296725739369,0.9179798423298872,0,2018-03-29,2021-06-18,0,28,2021-06-21,2021-07-19
2021-07-02,-1.3215262645592816,0.22440689159389673,0.9370968403877333,0,2018-03-29,2021-06-18,0,28,2021-06-21,2021-07-19
2021-07-06,0.3811228420182932,-1.38617714241526,0.25363550282609576,1,2018-03-29,2021-06-18,2,28,2021-06-21,2021-07-19
2021-07-07,-0.946558144623577,-0.2637660569322493,0.5341239639900148,0,2018-03-29,2021-06-18,0,28,2021-06-21,2021-07-19
2021-07-08,-1.1555579534805847,-1.1228855126258601,-1.271645294229366,2,2018-03-29,2021-06-18,1,28,2021-06-21,2021-07-19
2021-07-09,-0.8080398121206807,0.6770307537206887,1.6574836523527938,0,2018-03-29,2021-06-18,0,28,2021-06-21,2021-07-19
2021-07-12,-1.3911538411703026,0.12433749820240281,0.07805218942584069,0,2018-03-29,2021-06-18,0,28,2021-06-21,2021-07-19
2021-07-13,-1.1851543866164842,-0.42713401315148747,-0.5159371599913409,0,2018-03-29,2021-06-18,0,28,2021-06-21,2021-07-19
2021-07-14,-0.03059103119027129,-0.7155717183836521,0.574867555607832,1,2018-03-29,2021-06-18,2,28,2021-06-21,2021-07-19
2021-07-15,-0.7320503881099278,-0.6754562686380253,-0.10227157404412972,0,2018-03-29,2021-06-18,0,28,2021-06-21,2021-07-19
2021-07-16,-0.3619170771722162,-1.3131303816254154,-1.1203372385120665,2,2018-03-29,2021-06-18,1,28,2021-06-21,2021-07-19
2021-07-19,-0.15050345425894487,-1.454344386893307,-0.9772095541969353,2,2018-03-29,2021-06-18,1,28,2021-06-21,2021-07-19
2021-07-20,-0.7249984770529443,0.33165611578522325,1.2211354111259736,0,2018-03-29,2021-07-19,0,29,2021-07-20,2021-08-16
2021-07-21,0.3630949291652108,-0.1049771353547785,1.6638080453906547,1,2018-03-29,2021-07-19,2,29,2021-07-20,2021-08-16
2021-07-22,-1.117050131150176,0.19246169896658435,0.030882788704709105,0,2018-03-29,2021-07-19,0,29,2021-07-20,2021-08-16
2021-07-23,0.0703345835291316,-0.08717820698995084,1.2218931502051253,1,2018-03-29,2021-07-19,2,29,2021-07-20,2021-08-16
2021-07-26,-0.9580821319364384,0.6207281444225861,0.6886294126569557,0,2018-03-29,2021-07-19,0,29,2021-07-20,2021-08-16
2021-07-27,-0.2122756013519239,-1.0062211439931934,-0.2569409717122013,2,2018-03-29,2021-07-19,1,29,2021-07-20,2021-08-16
2021-07-28,-0.6867640144206704,-0.2272971268369686,0.051076104981142935,0,2018-03-29,2021-07-19,0,29,2021-07-20,2021-08-16
2021-07-29,-0.7030847275005938,0.1719406358153635,0.6339373264437271,0,2018-03-29,2021-07-19,0,29,2021-07-20,2021-08-16
2021-07-30,0.2167077116131917,-1.2025854255483777,-0.30585317638530457,2,2018-03-29,2021-07-19,1,29,2021-07-20,2021-08-16
2021-08-02,-1.7628979553638762,0.25942794777453887,-1.3063638761556802,0,2018-03-29,2021-07-19,0,29,2021-07-20,2021-08-16
2021-08-03,-1.443718840133414,1.0420674331603395,0.5816850074734242,0,2018-03-29,2021-07-19,0,29,2021-07-20,2021-08-16
2021-08-04,0.018634938273389183,-1.06706488775229,-0.9384647712819628,2,2018-03-29,2021-07-19,1,29,2021-07-20,2021-08-16
2021-08-05,-1.172411292176544,1.0098955382892028,0.9820650601178107,0,2018-03-29,2021-07-19,0,29,2021-07-20,2021-08-16
2021-08-06,-0.05582230918893837,-0.541106636165199,0.43012771938111494,0,2018-03-29,2021-07-19,0,29,2021-07-20,2021-08-16
2021-08-09,-1.3776120185184972,0.07724472178177454,-0.7904769629469584,0,2018-03-29,2021-07-19,0,29,2021-07-20,2021-08-16
2021-08-10,-0.5364548376288609,-0.04027447645616951,0.4617964882543787,0,2018-03-29,2021-07-19,0,29,2021-07-20,2021-08-16
2021-08-11,-0.9454837411586288,0.3582501704486442,0.5338473363287647,0,2018-03-29,2021-07-19,0,29,2021-07-20,2021-08-16
2021-08-12,-1.6095861123935764,0.7157871923650183,-0.16031604292477317,0,2018-03-29,2021-07-19,0,29,2021-07-20,2021-08-16
2021-08-13,-1.2476564538953774,0.13494882316308035,0.12887991083509617,0,2018-03-29,2021-07-19,0,29,2021-07-20,2021-08-16
2021-08-16,-0.8965376031487896,0.008250923982049473,0.7232272698841201,0,2018-03-29,2021-07-19,0,29,2021-07-20,2021-08-16
2021-08-17,-0.5515847897808792,-1.115047437735221,-0.48157231041055876,2,2018-03-29,2021-08-16,1,30,2021-08-17,2021-09-14
2021-08-18,-1.2153137236028826,-1.0621904980619665,-1.7439153231886635,2,2018-03-29,2021-08-16,1,30,2021-08-17,2021-09-14
2021-08-19,1.303858756771002,-1.5739332375607065,0.6880690058318388,1,2018-03-29,2021-08-16,2,30,2021-08-17,2021-09-14
2021-08-20,-0.6624420782618657,0.2357856343414103,1.350227378380129,0,2018-03-29,2021-08-16,0,30,2021-08-17,2021-09-14
2021-08-23,0.4425356365681656,-0.47446083508972453,1.4081405505793294,1,2018-03-29,2021-08-16,2,30,2021-08-17,2021-09-14
2021-08-24,-1.0913460583885515,-0.1406368070217869,0.173712198948617,0,2018-03-29,2021-08-16,0,30,2021-08-17,2021-09-14
2021-08-25,-1.207182784736625,0.05951286528885942,0.22222502241821995,0,2018-03-29,2021-08-16,0,30,2021-08-17,2021-09-14
2021-08-26,-1.5997557311123223,-0.36032982141098474,-1.570945929608429,2,2018-03-29,2021-08-16,1,30,2021-08-17,2021-09-14
2021-08-27,-1.1304365722602159,0.5873909533116551,1.056370710510241,0,2018-03-29,2021-08-16,0,30,2021-08-17,2021-09-14
2021-08-30,-0.3969716673948757,-0.25147186072100663,0.6585046956325984,0,2018-03-29,2021-08-16,0,30,2021-08-17,2021-09-14
2021-08-31,-1.1047965962209074,-0.468324407970095,-0.58481016539249,0,2018-03-29,2021-08-16,0,30,2021-08-17,2021-09-14
2021-09-01,-0.9943728875104285,-0.34729859096562726,0.026842037923500282,0,2018-03-29,2021-08-16,0,30,2021-08-17,2021-09-14
2021-09-02,-0.3098281153551928,-0.3676014263003909,1.1592750655666761,0,2018-03-29,2021-08-16,0,30,2021-08-17,2021-09-14
2021-09-03,-1.7155150491030295,0.06889393636883717,-0.3447240550339566,0,2018-03-29,2021-08-16,0,30,2021-08-17,2021-09-14
2021-09-07,-0.3096138225369332,-1.3824980971783831,-0.4309619614509913,2,2018-03-29,2021-08-16,1,30,2021-08-17,2021-09-14
2021-09-08,-1.2044217706703273,-0.6770991828924448,-0.6073941149489555,0,2018-03-29,2021-08-16,0,30,2021-08-17,2021-09-14
2021-09-09,-1.2585969589837211,-0.8237178882626199,-0.9462200618332935,2,2018-03-29,2021-08-16,1,30,2021-08-17,2021-09-14
2021-09-10,-1.1239031419780732,-0.7871942843427976,-0.44199958571193765,0,2018-03-29,2021-08-16,0,30,2021-08-17,2021-09-14
2021-09-13,-0.2561959268166378,-0.5218984103202159,0.9304264742105003,0,2018-03-29,2021-08-16,0,30,2021-08-17,2021-09-14
2021-09-14,-0.9689257691506964,-1.0600217204367013,-1.0543679764450213,2,2018-03-29,2021-08-16,1,30,2021-08-17,2021-09-14
2021-09-15,-0.4363247541613289,0.1137725441332524,1.2523654271127498,1,2018-03-29,2021-09-14,0,31,2021-09-15,2021-10-12
2021-09-16,-1.7219677608122295,-0.14188124943358343,-0.9330208005021782,1,2018-03-29,2021-09-14,0,31,2021-09-15,2021-10-12
2021-09-17,-0.8093235838651698,-1.4679603828045256,-1.4453554225824639,0,2018-03-29,2021-09-14,1,31,2021-09-15,2021-10-12
2021-09-20,-0.14887491929523544,-1.8680423662298427,-1.9597536574032406,0,2018-03-29,2021-09-14,1,31,2021-09-15,2021-10-12
2021-09-21,-1.323409692161149,0.3851514488459403,-0.010744151999912318,1,2018-03-29,2021-09-14,0,31,2021-09-15,2021-10-12
2021-09-22,0.9796905093429772,-0.36766908763002876,1.5162468213188458,2,2018-03-29,2021-09-14,2,31,2021-09-15,2021-10-12
2021-09-23,-0.28916057451059707,0.5247497742602346,1.3213027660458263,1,2018-03-29,2021-09-14,0,31,2021-09-15,2021-10-12
2021-09-24,-1.3079165558970922,0.6019048733301139,-0.09428164247855168,1,2018-03-29,2021-09-14,0,31,2021-09-15,2021-10-12
2021-09-27,0.7599639584716429,-0.8167997148392098,0.46037745063573515,2,2018-03-29,2021-09-14,2,31,2021-09-15,2021-10-12
2021-09-28,1.1990173436010163,-1.9050954409452776,-0.9892124491611058,0,2018-03-29,2021-09-14,1,31,2021-09-15,2021-10-12
2021-09-29,-1.0814321726722345,0.2944976872350862,-0.4052392035729046,1,2018-03-29,2021-09-14,0,31,2021-09-15,2021-10-12
2021-09-30,-0.3427982002599298,-1.0723814507469553,-1.6660429578562366,0,2018-03-29,2021-09-14,1,31,2021-09-15,2021-10-12
2021-10-01,0.6743055845165529,-0.009036796309069546,1.4515061820736443,2,2018-03-29,2021-09-14,2,31,2021-09-15,2021-10-12
2021-10-04,1.388499775968576,-1.6793954991665685,-0.7601951157434731,0,2018-03-29,2021-09-14,1,31,2021-09-15,2021-10-12
2021-10-05,0.16020022647628698,0.6219326195959137,1.1498861177299229,1,2018-03-29,2021-09-14,0,31,2021-09-15,2021-10-12
2021-10-06,-0.9385835756134366,1.2329443222928655,0.023964452749336108,1,2018-03-29,2021-09-14,0,31,2021-09-15,2021-10-12
2021-10-07,-0.9361449065900117,1.2104285840188926,0.41564786808774573,1,2018-03-29,2021-09-14,0,31,2021-09-15,2021-10-12
2021-10-08,0.17322898034865217,0.03340801697466827,0.2478023193448086,1,2018-03-29,2021-09-14,0,31,2021-09-15,2021-10-12
2021-10-11,-1.2593342942695929,0.41576327010343517,-2.001235632454894,0,2018-03-29,2021-09-14,1,31,2021-09-15,2021-10-12
2021-10-12,-1.881657131381355,0.9760728858997838,-2.1385246120490984,1,2018-03-29,2021-09-14,0,31,2021-09-15,2021-10-12
2021-10-13,-1.2436116342720036,0.7694443810297696,-0.3158652005380818,0,2018-03-29,2021-10-12,0,32,2021-10-13,2021-11-09
2021-10-14,-0.6931425819379529,1.1330591311409,1.4025486928620308,0,2018-03-29,2021-10-12,0,32,2021-10-13,2021-11-09
2021-10-15,-0.3533465792617471,0.9842463344332059,1.0684183688460804,0,2018-03-29,2021-10-12,0,32,2021-10-13,2021-11-09
2021-10-18,-0.4719251739537674,0.1344646361679137,0.09199077989366618,0,2018-03-29,2021-10-12,0,32,2021-10-13,2021-11-09
2021-10-19,-1.2373077410876687,0.9026613232604059,0.49790075179711996,0,2018-03-29,2021-10-12,0,32,2021-10-13,2021-11-09
2021-10-20,-0.7419643547869406,0.35869784158157436,0.42451015493508154,0,2018-03-29,2021-10-12,0,32,2021-10-13,2021-11-09
2021-10-21,-0.06644220819629877,-0.3228867263832952,0.6038129915763731,0,2018-03-29,2021-10-12,0,32,2021-10-13,2021-11-09
2021-10-22,0.5659023184587113,-0.7939102282168414,0.7615604803160861,1,2018-03-29,2021-10-12,2,32,2021-10-13,2021-11-09
2021-10-25,-1.6338871679821587,0.8070517078208626,-0.016144809385899753,0,2018-03-29,2021-10-12,0,32,2021-10-13,2021-11-09
2021-10-26,0.4434208296554033,-0.39563917712396246,1.6336965004311041,1,2018-03-29,2021-10-12,2,32,2021-10-13,2021-11-09
2021-10-27,0.9601154637253287,-1.7061551714599998,0.007270829657574951,1,2018-03-29,2021-10-12,2,32,2021-10-13,2021-11-09
2021-10-28,-1.4122097547558534,0.7214823961197355,1.4730542472414836,0,2018-03-29,2021-10-12,0,32,2021-10-13,2021-11-09
2021-10-29,-0.7305732181459001,-0.12291156663662349,0.7747110471096474,0,2018-03-29,2021-10-12,0,32,2021-10-13,2021-11-09
2021-11-01,-1.4782058929656186,-0.31929705176354467,0.04349613100493464,0,2018-03-29,2021-10-12,0,32,2021-10-13,2021-11-09
2021-11-02,-0.966817149347587,-0.330007216323903,0.411500792442484,0,2018-03-29,2021-10-12,0,32,2021-10-13,2021-11-09
2021-11-03,-1.3392473192264875,0.0690710249409686,0.6529854056292831,0,2018-03-29,2021-10-12,0,32,2021-10-13,2021-11-09
2021-11-04,2.1103704934927348,-1.3883249247690488,1.9022697712759697,1,2018-03-29,2021-10-12,2,32,2021-10-13,2021-11-09
2021-11-05,1.4511257137395706,-1.6194423440531514,1.0260783394319641,1,2018-03-29,2021-10-12,2,32,2021-10-13,2021-11-09
2021-11-08,-0.8511272134800768,-0.5326963573481345,0.7354690731099609,0,2018-03-29,2021-10-12,0,32,2021-10-13,2021-11-09
2021-11-09,-1.5078796796818454,-0.29613531914186886,0.10693684830127788,0,2018-03-29,2021-10-12,0,32,2021-10-13,2021-11-09
2021-11-10,-0.06082985412793033,-1.5675013107520106,-0.43073694982425914,1,2018-03-29,2021-11-09,1,33,2021-11-10,2021-12-08
2021-11-11,-1.554404806847242,-0.34565267308230574,0.3192365235271218,2,2018-03-29,2021-11-09,0,33,2021-11-10,2021-12-08
2021-11-12,-0.34274182519100405,-0.6276864814548028,1.2767605200128325,2,2018-03-29,2021-11-09,0,33,2021-11-10,2021-12-08
2021-11-15,-1.2871892801590683,-0.6586257528268408,0.08247117112651003,2,2018-03-29,2021-11-09,0,33,2021-11-10,2021-12-08
2021-11-16,-0.44555815914354635,-1.2272994994006212,0.35499417427647795,2,2018-03-29,2021-11-09,0,33,2021-11-10,2021-12-08
2021-11-17,-1.1638491911144748,-1.1617384271412003,-0.4823425972048657,1,2018-03-29,2021-11-09,1,33,2021-11-10,2021-12-08
2021-11-18,1.0074188271843816,-1.3014292763628743,1.3235810220043518,0,2018-03-29,2021-11-09,2,33,2021-11-10,2021-12-08
2021-11-19,1.5832843778856573,-2.245916381578522,0.21914422190540145,0,2018-03-29,2021-11-09,2,33,2021-11-10,2021-12-08
2021-11-22,0.6689696487295789,-1.1563201879882354,1.1140883435361268,0,2018-03-29,2021-11-09,2,33,2021-11-10,2021-12-08
2021-11-23,-0.2469725457283589,-0.49942106252045604,1.2911699715037959,2,2018-03-29,2021-11-09,0,33,2021-11-10,2021-12-08
2021-11-24,-1.3309916055298276,-0.2109420817105457,0.6918738858358042,2,2018-03-29,2021-11-09,0,33,2021-11-10,2021-12-08
2021-11-26,-0.545182276160206,-2.0338519587181567,-2.0189384764601495,1,2018-03-29,2021-11-09,1,33,2021-11-10,2021-12-08
2021-11-29,0.8961561059419993,-0.9261041646676215,1.1861032137543188,0,2018-03-29,2021-11-09,2,33,2021-11-10,2021-12-08
2021-11-30,0.5972511341021223,-2.524698755647201,-1.9394475557292445,1,2018-03-29,2021-11-09,1,33,2021-11-10,2021-12-08
2021-12-01,0.14789308084102598,-1.3780212709460111,-1.1514592459655195,1,2018-03-29,2021-11-09,1,33,2021-11-10,2021-12-08
2021-12-02,0.37420858435712484,-0.3297908971424726,0.9520712949424628,0,2018-03-29,2021-11-09,2,33,2021-11-10,2021-12-08
2021-12-03,0.5499767150698023,-1.0328874320685588,-0.2706511909430281,1,2018-03-29,2021-11-09,1,33,2021-11-10,2021-12-08
2021-12-06,-0.9669074312515294,0.7426421232288857,1.2537420576238303,2,2018-03-29,2021-11-09,0,33,2021-11-10,2021-12-08
2021-12-07,1.1305247798813869,-0.08277849323821132,2.02985915597914,0,2018-03-29,2021-11-09,2,33,2021-11-10,2021-12-08
2021-12-08,-0.7073869375293363,-0.18897266735413845,-0.36657599102890137,2,2018-03-29,2021-11-09,0,33,2021-11-10,2021-12-08
2021-12-09,-0.4136543625120046,-0.5579471618203338,-0.3875505341005706,2,2018-03-29,2021-12-08,1,34,2021-12-09,2022-01-06
2021-12-10,-0.4523892280982938,0.029417883495801628,0.48416967663843263,1,2018-03-29,2021-12-08,0,34,2021-12-09,2022-01-06
2021-12-13,1.7996827735115375,-1.907597348936592,-0.26749339880450457,0,2018-03-29,2021-12-08,2,34,2021-12-09,2022-01-06
2021-12-14,-0.6665735136118045,-0.2398446716765341,-0.24814745987765105,1,2018-03-29,2021-12-08,0,34,2021-12-09,2022-01-06
2021-12-15,0.7482509856768552,-0.040225055357502766,1.8339208076948097,0,2018-03-29,2021-12-08,2,34,2021-12-09,2022-01-06
2021-12-16,2.569310909848482,-1.645584161372356,0.8892684636944969,0,2018-03-29,2021-12-08,2,34,2021-12-09,2022-01-06
2021-12-17,0.39591977414457846,-2.2240453750301854,-2.4516062223322463,2,2018-03-29,2021-12-08,1,34,2021-12-09,2022-01-06
2021-12-20,-0.28584766345854473,-0.2920286656479919,-1.0988338438403906,2,2018-03-29,2021-12-08,1,34,2021-12-09,2022-01-06
2021-12-21,-0.07240277447683535,1.0804662598591734,1.3176759999456327,1,2018-03-29,2021-12-08,0,34,2021-12-09,2022-01-06
2021-12-22,-1.9364122105829131,2.460353227470962,0.3405287518467885,1,2018-03-29,2021-12-08,0,34,2021-12-09,2022-01-06
2021-12-23,-1.4328367324117155,2.2985568786899675,-0.06879513981757251,1,2018-03-29,2021-12-08,0,34,2021-12-09,2022-01-06
2021-12-27,-1.003292508581194,1.3033894490699707,1.431070709941,1,2018-03-29,2021-12-08,0,34,2021-12-09,2022-01-06
2021-12-28,-1.718737487281726,1.679286655282336,-0.7113422816334244,1,2018-03-29,2021-12-08,0,34,2021-12-09,2022-01-06
2021-12-29,-2.325537814483105,1.8068441684253425,-0.9871056298981993,1,2018-03-29,2021-12-08,0,34,2021-12-09,2022-01-06
2021-12-30,-2.2149664780102847,1.7697576775027493,-2.013011869709376,1,2018-03-29,2021-12-08,0,34,2021-12-09,2022-01-06
2021-12-31,-1.2633782955896256,0.4094570299704356,-0.43897484861409075,1,2018-03-29,2021-12-08,0,34,2021-12-09,2022-01-06
2022-01-03,0.18665631853302164,-0.10879069905460431,1.2649152658473621,0,2018-03-29,2021-12-08,2,34,2021-12-09,2022-01-06
2022-01-04,2.0448837090468266,-1.1541693908286967,1.526529355847189,0,2018-03-29,2021-12-08,2,34,2021-12-09,2022-01-06
2022-01-05,1.8978628705787322,-1.951714275520811,0.2021431024241396,0,2018-03-29,2021-12-08,2,34,2021-12-09,2022-01-06
2022-01-06,0.26940088789869715,-0.9067951788517877,0.442670957625783,0,2018-03-29,2021-12-08,2,34,2021-12-09,2022-01-06
2022-01-07,0.12675833589259955,-0.6808479347631051,0.7150326530563608,1,2018-03-29,2022-01-06,2,35,2022-01-07,2022-02-04
2022-01-10,-0.4423921119021925,-0.5999073456860992,-0.1962757453880741,0,2018-03-29,2022-01-06,0,35,2022-01-07,2022-02-04
2022-01-11,0.09514439827812216,-0.21448829237483633,1.0012383048346276,1,2018-03-29,2022-01-06,2,35,2022-01-07,2022-02-04
2022-01-12,-1.3191985434129387,0.06901408596822191,-0.23507128977033043,0,2018-03-29,2022-01-06,0,35,2022-01-07,2022-02-04
2022-01-13,0.8378999405099476,-1.2382774042772442,-0.2055134477249378,1,2018-03-29,2022-01-06,2,35,2022-01-07,2022-02-04
2022-01-14,1.8377839255693862,-0.9319528319920034,1.1757191560904288,1,2018-03-29,2022-01-06,2,35,2022-01-07,2022-02-04
2022-01-18,1.6977684779969942,-1.6928482890524694,-0.5130007172891733,1,2018-03-29,2022-01-06,2,35,2022-01-07,2022-02-04
2022-01-19,0.28727563961920266,-1.019008155672892,-0.3795269016660302,3,2018-03-29,2022-01-06,1,35,2022-01-07,2022-02-04
2022-01-20,-0.7328819880521035,-1.0786451014192124,-1.6030703780599642,3,2018-03-29,2022-01-06,1,35,2022-01-07,2022-02-04
2022-01-21,6.372172429025443,-3.7905123113359207,-0.4110060538067591,1,2018-03-29,2022-01-06,2,35,2022-01-07,2022-02-04
2022-01-24,0.5245649188207133,-1.2413143434866176,-0.6192077284365544,3,2018-03-29,2022-01-06,1,35,2022-01-07,2022-02-04
2022-01-25,4.484562161499301,-2.9098406694839305,-0.0382852178751424,1,2018-03-29,2022-01-06,2,35,2022-01-07,2022-02-04
2022-01-26,0.5139271878173073,-1.3513791984552657,-1.0603232798140312,3,2018-03-29,2022-01-06,1,35,2022-01-07,2022-02-04
2022-01-27,1.6147681487792884,-1.1439435153916837,0.23580992880418483,1,2018-03-29,2022-01-06,2,35,2022-01-07,2022-02-04
2022-01-28,3.159934382869374,-1.1346870941430482,1.5849754520433355,1,2018-03-29,2022-01-06,2,35,2022-01-07,2022-02-04
2022-01-31,2.5747485680198525,-0.257362883317944,2.1052282760012115,1,2018-03-29,2022-01-06,2,35,2022-01-07,2022-02-04
2022-02-01,3.387562791667667,-0.37154316745531196,2.1846753043186298,1,2018-03-29,2022-01-06,2,35,2022-01-07,2022-02-04
2022-02-02,-0.1331474216622569,0.3103309399010423,0.6539594782085864,0,2018-03-29,2022-01-06,0,35,2022-01-07,2022-02-04
2022-02-03,8.44274557818663,-3.2829133012166674,0.30725436772563486,2,2018-03-29,2022-01-06,3,35,2022-01-07,2022-02-04
2022-02-04,2.9208030352379657,-0.5808771238941375,0.8825164514143662,1,2018-03-29,2022-01-06,2,35,2022-01-07,2022-02-04
2022-02-07,1.082617011979523,0.06713852925271793,-0.11313256599754405,0,2018-03-29,2022-02-04,2,36,2022-02-07,2022-03-07
2022-02-08,0.2619431580854662,0.8806935483046955,0.35342505911361843,1,2018-03-29,2022-02-04,0,36,2022-02-07,2022-03-07
2022-02-09,0.835641641801806,0.5014197159695527,0.5828674769197529,0,2018-03-29,2022-02-04,2,36,2022-02-07,2022-03-07
2022-02-10,-0.5010197870868385,0.27801737534403337,-2.5947392267423965,2,2018-03-29,2022-02-04,1,36,2022-02-07,2022-03-07
2022-02-11,2.6726451065336696,-1.2037945601175541,-1.2319048742962986,0,2018-03-29,2022-02-04,2,36,2022-02-07,2022-03-07
2022-02-14,-0.505088829969734,1.1683817053383203,-1.5196681384931126,1,2018-03-29,2022-02-04,0,36,2022-02-07,2022-03-07
2022-02-15,1.7416502755528174,0.9662272973844541,1.5204517732250733,0,2018-03-29,2022-02-04,2,36,2022-02-07,2022-03-07
2022-02-16,-1.1903191934743553,1.6087304215210403,-1.6313035622813186,1,2018-03-29,2022-02-04,0,36,2022-02-07,2022-03-07
2022-02-17,3.016030349987324,-1.0952930024803922,-1.0262423385494384,0,2018-03-29,2022-02-04,2,36,2022-02-07,2022-03-07
2022-02-18,-0.7411056105113064,0.888287393217677,-2.0175619145964068,2,2018-03-29,2022-02-04,1,36,2022-02-07,2022-03-07
2022-02-22,0.6479394997344035,-0.3109998280432993,-1.9036911355424553,2,2018-03-29,2022-02-04,1,36,2022-02-07,2022-03-07
2022-02-23,0.997167697056772,-0.08107726036233918,-1.8432753527243155,2,2018-03-29,2022-02-04,1,36,2022-02-07,2022-03-07
2022-02-24,4.091212662479497,-0.5233916776210157,0.7303446391250894,0,2018-03-29,2022-02-04,2,36,2022-02-07,2022-03-07
2022-02-25,0.46460243247367194,2.0117553131402004,1.4864779450508323,1,2018-03-29,2022-02-04,0,36,2022-02-07,2022-03-07
2022-02-28,1.415062389236344,0.3727768039700445,-7.732295558645361e-05,0,2018-03-29,2022-02-04,2,36,2022-02-07,2022-03-07
2022-03-01,2.406593683027061,-0.7465816326180635,-0.9043195390464337,0,2018-03-29,2022-02-04,2,36,2022-02-07,2022-03-07
2022-03-02,0.04954042313120635,1.6550691461446567,1.0708597776136712,1,2018-03-29,2022-02-04,0,36,2022-02-07,2022-03-07
2022-03-03,0.5018972901301239,0.37952508612404906,-0.8281755373488013,2,2018-03-29,2022-02-04,1,36,2022-02-07,2022-03-07
2022-03-04,2.140801525461238,-0.4735636140273778,-0.2049130563079682,0,2018-03-29,2022-02-04,2,36,2022-02-07,2022-03-07
2022-03-07,3.947923573166683,-1.8095380314297973,-1.18100317532805,0,2018-03-29,2022-02-04,2,36,2022-02-07,2022-03-07
2022-03-08,2.890405621366888,-0.6519335870368492,-0.23298433598815443,1,2018-03-29,2022-03-07,2,37,2022-03-08,2022-04-04
2022-03-09,4.5637446578236345,0.17574333156195018,2.2841934412201095,1,2018-03-29,2022-03-07,2,37,2022-03-08,2022-04-04
2022-03-10,1.8546648851942713,-0.024812868394351782,-0.04829739334290097,1,2018-03-29,2022-03-07,2,37,2022-03-08,2022-04-04
2022-03-11,0.8557285089743669,-0.12353755696327354,-1.5943507719519088,2,2018-03-29,2022-03-07,1,37,2022-03-08,2022-04-04
2022-03-14,1.483505582943888,0.1499389159218069,-0.44248887370871987,1,2018-03-29,2022-03-07,2,37,2022-03-08,2022-04-04
2022-03-15,4.262122718255916,0.3069298000629692,2.3831118801605977,1,2018-03-29,2022-03-07,2,37,2022-03-08,2022-04-04
2022-03-16,2.318178522727681,0.2753780122234993,1.304420511461986,1,2018-03-29,2022-03-07,2,37,2022-03-08,2022-04-04
2022-03-17,-0.5803891765758276,2.0596840650495696,0.8169451507283834,0,2018-03-29,2022-03-07,0,37,2022-03-08,2022-04-04
2022-03-18,1.5724120716440717,-0.1125335046416374,0.4894346993825147,1,2018-03-29,2022-03-07,2,37,2022-03-08,2022-04-04
2022-03-21,1.2318973003940998,0.13916453595843903,-0.15983586001905442,1,2018-03-29,2022-03-07,2,37,2022-03-08,2022-04-04
2022-03-22,0.05714800598068589,1.047956485790887,0.06619597298694059,0,2018-03-29,2022-03-07,0,37,2022-03-08,2022-04-04
2022-03-23,0.8215307032730069,-0.25382603046411967,-1.3759572238039217,2,2018-03-29,2022-03-07,1,37,2022-03-08,2022-04-04
2022-03-24,1.0445396456643492,1.0936394624755132,1.543353522368802,1,2018-03-29,2022-03-07,2,37,2022-03-08,2022-04-04
2022-03-25,-0.6503124073106992,1.623714227352471,0.2243658158616187,0,2018-03-29,2022-03-07,0,37,2022-03-08,2022-04-04
2022-03-28,0.7094529566409092,0.4569247928503316,0.22737356934169586,1,2018-03-29,2022-03-07,2,37,2022-03-08,2022-04-04
2022-03-29,0.2867620367252782,0.6908556926556296,0.4784543067206664,0,2018-03-29,2022-03-07,0,37,2022-03-08,2022-04-04
2022-03-30,0.10177010348038713,0.09578984835364214,-0.5563544092884043,2,2018-03-29,2022-03-07,1,37,2022-03-08,2022-04-04
2022-03-31,-0.3667583895958104,-0.19453398174372974,-2.8487601629791635,2,2018-03-29,2022-03-07,1,37,2022-03-08,2022-04-04
2022-04-01,-0.28626561525297867,1.0807247624609757,0.06422097420321009,0,2018-03-29,2022-03-07,0,37,2022-03-08,2022-04-04
2022-04-04,0.6955730423740275,0.3983549271966329,0.5756528436541684,1,2018-03-29,2022-03-07,2,37,2022-03-08,2022-04-04
2022-04-05,0.5162283620611896,-0.4500126340162581,-1.1899082986671308,2,2018-03-29,2022-04-04,1,38,2022-04-05,2022-05-03
2022-04-06,2.7056772781220744,-1.0737665826609126,0.02449909429604877,3,2018-03-29,2022-04-04,2,38,2022-04-05,2022-05-03
2022-04-07,-0.2568678521181581,0.5757595895226203,-0.5615849089111677,0,2018-03-29,2022-04-04,0,38,2022-04-05,2022-05-03
2022-04-08,1.4088250460023037,-0.27556735387228454,0.3444820375573098,3,2018-03-29,2022-04-04,2,38,2022-04-05,2022-05-03
2022-04-11,0.9569469090863448,-1.168058051214328,-2.0475693338876195,2,2018-03-29,2022-04-04,1,38,2022-04-05,2022-05-03
2022-04-12,-0.05575597331746015,0.1371774474727321,-0.9487734331491904,2,2018-03-29,2022-04-04,1,38,2022-04-05,2022-05-03
2022-04-13,-0.1493446904146926,1.0649304137279183,1.154923595131901,0,2018-03-29,2022-04-04,0,38,2022-04-05,2022-05-03
2022-04-14,1.5862272103145305,-1.3382121425235165,-0.6450527493039532,3,2018-03-29,2022-04-04,2,38,2022-04-05,2022-05-03
2022-04-18,-0.054104111161718774,0.3114008863868237,0.30341303334920083,0,2018-03-29,2022-04-04,0,38,2022-04-05,2022-05-03
2022-04-19,0.17416014978965363,0.684797223256352,1.4898724739948572,0,2018-03-29,2022-04-04,0,38,2022-04-05,2022-05-03
2022-04-20,11.817748871162777,-2.9870815937265256,3.344567672890546,1,2018-03-29,2022-04-04,3,38,2022-04-05,2022-05-03
2022-04-21,1.1661436793520088,-1.5090661444080393,-1.4349426621855317,2,2018-03-29,2022-04-04,1,38,2022-04-05,2022-05-03
2022-04-22,-0.20671335183196402,-1.1524009660887937,-2.819601601369861,2,2018-03-29,2022-04-04,1,38,2022-04-05,2022-05-03
2022-04-25,1.6568009179335654,-0.09585687440571423,0.7918648754529072,3,2018-03-29,2022-04-04,2,38,2022-04-05,2022-05-03
2022-04-26,1.173969139543803,-1.1236444228974738,-2.4062458698152054,2,2018-03-29,2022-04-04,1,38,2022-04-05,2022-05-03
2022-04-27,2.0690018363045573,-0.27678313952183736,-0.3584047766211302,3,2018-03-29,2022-04-04,2,38,2022-04-05,2022-05-03
2022-04-28,4.462688748883633,1.0041998007649378,3.245427091235632,3,2018-03-29,2022-04-04,2,38,2022-04-05,2022-05-03
2022-04-29,2.9177296047823007,-1.322234162968376,-2.2830910872217114,2,2018-03-29,2022-04-04,1,38,2022-04-05,2022-05-03
2022-05-02,2.323648012757463,0.6359044848444166,0.5656644015534595,3,2018-03-29,2022-04-04,2,38,2022-04-05,2022-05-03
2022-05-03,0.2703037221425897,1.5907411290011033,-0.770364264758986,0,2018-03-29,2022-04-04,0,38,2022-04-05,2022-05-03
2022-05-04,-0.04875784392321198,2.9074420366047637,1.3544704207275708,2,2018-03-29,2022-05-03,0,39,2022-05-04,2022-06-01
2022-05-05,2.7898211235323456,-1.007119110302459,-2.708748591254953,3,2018-03-29,2022-05-03,1,39,2022-05-04,2022-06-01
2022-05-06,1.8032103597341607,0.8484848590490185,-0.9782850368386964,1,2018-03-29,2022-05-03,2,39,2022-05-04,2022-06-01
2022-05-09,4.8812222544736565,-1.127466074475677,-1.6401504593292566,1,2018-03-29,2022-05-03,2,39,2022-05-04,2022-06-01
2022-05-10,1.3707168943535255,1.4158024668504716,-0.7671656153499086,1,2018-03-29,2022-05-03,2,39,2022-05-04,2022-06-01
2022-05-11,3.0883515058081965,-0.08442381742931342,-1.4253522497654945,1,2018-03-29,2022-05-03,2,39,2022-05-04,2022-06-01
2022-05-12,1.498830090229366,1.239230069087864,-0.962526779131317,1,2018-03-29,2022-05-03,2,39,2022-05-04,2022-06-01
2022-05-13,2.282202889393325,2.051281772831729,1.5625449082123866,1,2018-03-29,2022-05-03,2,39,2022-05-04,2022-06-01
2022-05-16,1.07618739496076,1.6773188069130747,-0.7685920047069792,2,2018-03-29,2022-05-03,0,39,2022-05-04,2022-06-01
2022-05-17,3.927482339879261,0.6990341977876952,1.5571369239313815,1,2018-03-29,2022-05-03,2,39,2022-05-04,2022-06-01
2022-05-18,2.385937464263874,-0.8308735779053364,-3.538142574499765,3,2018-03-29,2022-05-03,1,39,2022-05-04,2022-06-01
2022-05-19,0.6505167624603678,1.279675984616515,-1.894530187731547,3,2018-03-29,2022-05-03,1,39,2022-05-04,2022-06-01
2022-05-20,0.5918159748199681,1.72352568090576,-0.7914849783563499,2,2018-03-29,2022-05-03,0,39,2022-05-04,2022-06-01
2022-05-23,1.3696627911379267,2.6435144240435546,0.9258351755867699,1,2018-03-29,2022-05-03,2,39,2022-05-04,2022-06-01
2022-05-24,3.5495439826555524,0.441426167811379,-0.05177727227138552,1,2018-03-29,2022-05-03,2,39,2022-05-04,2022-06-01
2022-05-25,0.6080228220333757,1.9883032858492244,-0.2544380152659161,2,2018-03-29,2022-05-03,0,39,2022-05-04,2022-06-01
2022-05-26,0.5361438399412184,2.5024087943947952,0.6431166890870981,2,2018-03-29,2022-05-03,0,39,2022-05-04,2022-06-01
2022-05-27,0.07139314160993321,2.8858930960022495,0.8454369181108964,2,2018-03-29,2022-05-03,0,39,2022-05-04,2022-06-01
2022-05-31,0.553678655457475,0.6108189680824959,-1.570903832133903,3,2018-03-29,2022-05-03,1,39,2022-05-04,2022-06-01
2022-06-01,0.5624271152997529,0.8062595298722354,-1.483107900705813,3,2018-03-29,2022-05-03,1,39,2022-05-04,2022-06-01
2022-06-02,1.9007784327438966,1.0960502589474908,1.3710143925900344,0,2018-03-29,2022-06-01,2,40,2022-06-02,2022-06-30
2022-06-03,1.5226507084937593,-0.1636932097358937,-1.1581093280472645,1,2018-03-29,2022-06-01,1,40,2022-06-02,2022-06-30
2022-06-06,-1.3230980660495637,2.288406943902174,-1.8202892572568177,2,2018-03-29,2022-06-01,0,40,2022-06-02,2022-06-30
2022-06-07,0.4151856302283737,1.4652508426234532,0.7657770879286744,2,2018-03-29,2022-06-01,0,40,2022-06-02,2022-06-30
2022-06-08,-0.3691834359163192,0.6007444118192424,-1.6241284861692526,1,2018-03-29,2022-06-01,1,40,2022-06-02,2022-06-30
2022-06-09,0.5136139687433581,-0.5440970443177549,-2.6905665145050706,1,2018-03-29,2022-06-01,1,40,2022-06-02,2022-06-30
2022-06-10,2.10050772705032,-0.7954604076513508,-2.5935124871112314,1,2018-03-29,2022-06-01,1,40,2022-06-02,2022-06-30
2022-06-13,2.563516822636525,-1.0739758240072652,-2.947244467313548,1,2018-03-29,2022-06-01,1,40,2022-06-02,2022-06-30
2022-06-14,0.5324776529798237,1.5844895483660955,-2.2293560264904206,1,2018-03-29,2022-06-01,1,40,2022-06-02,2022-06-30
2022-06-15,2.864632630741937,1.4213042806767693,0.6995946873954564,0,2018-03-29,2022-06-01,2,40,2022-06-02,2022-06-30
2022-06-16,2.6948964318743074,-0.40653183336261894,-2.3596096100605886,1,2018-03-29,2022-06-01,1,40,2022-06-02,2022-06-30
2022-06-17,4.202707376788031,-0.3471881563388174,-0.7482524674185841,0,2018-03-29,2022-06-01,2,40,2022-06-02,2022-06-30
2022-06-21,2.925502956314568,1.9465493059948151,1.4114471827076953,0,2018-03-29,2022-06-01,2,40,2022-06-02,2022-06-30
2022-06-22,3.208382971520632,0.3133115898278098,-0.8113484502338997,0,2018-03-29,2022-06-01,2,40,2022-06-02,2022-06-30
2022-06-23,3.5292968804631064,0.7869928155286166,0.2722450327090782,0,2018-03-29,2022-06-01,2,40,2022-06-02,2022-06-30
2022-06-24,2.202214583510478,2.144493648942229,1.2432202051987415,0,2018-03-29,2022-06-01,2,40,2022-06-02,2022-06-30
2022-06-27,0.7558130443763471,1.4232123295112824,-1.7788825386652023,1,2018-03-29,2022-06-01,1,40,2022-06-02,2022-06-30
2022-06-28,3.6562979775124127,-0.6003492067857745,-1.544522013264479,0,2018-03-29,2022-06-01,2,40,2022-06-02,2022-06-30
2022-06-29,1.510912693829781,1.363780087450611,-0.7824174430596478,0,2018-03-29,2022-06-01,2,40,2022-06-02,2022-06-30
2022-06-30,0.6776315831820399,0.931643557481214,-2.796334832841164,1,2018-03-29,2022-06-01,1,40,2022-06-02,2022-06-30
2022-07-01,0.3757048393303106,2.2376542782206634,-0.2439010790251269,1,2018-03-29,2022-06-30,0,41,2022-07-01,2022-07-29
2022-07-05,4.494997823233007,-0.36980561985631333,0.09156097850005158,3,2018-03-29,2022-06-30,2,41,2022-07-01,2022-07-29
2022-07-06,0.15747848601037923,1.9346203261242143,-1.6069938113257147,1,2018-03-29,2022-06-30,0,41,2022-07-01,2022-07-29
2022-07-07,0.8214782299173405,2.053137839695538,0.28703719073224654,1,2018-03-29,2022-06-30,0,41,2022-07-01,2022-07-29
2022-07-08,-1.5963910676711073,4.083077806513988,-4.170996972326109,1,2018-03-29,2022-06-30,0,41,2022-07-01,2022-07-29
2022-07-11,1.5701580332948621,0.1271000723691313,-1.7430552120782716,0,2018-03-29,2022-06-30,1,41,2022-07-01,2022-07-29
2022-07-12,-0.39509000971781444,0.8284616054360443,-2.70595067840675,0,2018-03-29,2022-06-30,1,41,2022-07-01,2022-07-29
2022-07-13,-0.5655264477146307,1.3546994429761041,-1.826001673798052,0,2018-03-29,2022-06-30,1,41,2022-07-01,2022-07-29
2022-07-14,1.2203651550302426,0.42393077229967924,-1.0922344401259614,0,2018-03-29,2022-06-30,1,41,2022-07-01,2022-07-29
2022-07-15,1.782408990784997,1.8546534591170853,1.6313599697518342,3,2018-03-29,2022-06-30,2,41,2022-07-01,2022-07-29
2022-07-18,1.0970432163278876,0.28796606998014324,-0.7183883896980552,0,2018-03-29,2022-06-30,1,41,2022-07-01,2022-07-29
2022-07-19,1.1009601522755061,2.091373159476323,1.895324232794059,3,2018-03-29,2022-06-30,2,41,2022-07-01,2022-07-29
2022-07-20,2.148867147506966,0.3788084283183368,1.206756697249097,3,2018-03-29,2022-06-30,2,41,2022-07-01,2022-07-29
2022-07-21,-0.4162734290442904,1.4844769252526724,0.0075514538285057844,1,2018-03-29,2022-06-30,0,41,2022-07-01,2022-07-29
2022-07-22,1.7579431648189225,-0.5454712918282183,-0.5223969953014052,3,2018-03-29,2022-06-30,2,41,2022-07-01,2022-07-29
2022-07-25,0.6876850214176176,0.4478807320866899,0.2060417690245813,3,2018-03-29,2022-06-30,2,41,2022-07-01,2022-07-29
2022-07-26,1.1907750804047421,-0.8608643478421026,-1.0990297480417315,0,2018-03-29,2022-06-30,1,41,2022-07-01,2022-07-29
2022-07-27,2.655527279251067,0.980194516427068,2.6455780515321874,3,2018-03-29,2022-06-30,2,41,2022-07-01,2022-07-29
2022-07-28,0.6988580571203907,0.7007182939206995,0.8233341016636224,3,2018-03-29,2022-06-30,2,41,2022-07-01,2022-07-29
2022-07-29,3.454425618093311,0.13998498608428744,2.4053438614426144,3,2018-03-29,2022-06-30,2,41,2022-07-01,2022-07-29
2022-08-01,0.2970490327077099,0.18791697241621289,-0.8430315984704285,0,2018-03-29,2022-07-29,1,42,2022-08-01,2022-08-26
2022-08-02,-0.46375111027092075,-0.01977066588363359,-1.7459370500793374,0,2018-03-29,2022-07-29,1,42,2022-08-01,2022-08-26
2022-08-03,2.237895331285257,0.34503070319202717,1.426786076135268,3,2018-03-29,2022-07-29,2,42,2022-08-01,2022-08-26
2022-08-04,0.4995940012465218,-0.20407984231875195,-0.42506414180566665,0,2018-03-29,2022-07-29,1,42,2022-08-01,2022-08-26
2022-08-05,0.21328056606519788,0.2666657589270167,-0.10325669348436,1,2018-03-29,2022-07-29,0,42,2022-08-01,2022-08-26
2022-08-08,0.4360544818576291,-0.1169031151215848,0.05861018783663312,3,2018-03-29,2022-07-29,2,42,2022-08-01,2022-08-26
2022-08-09,-0.3194391853180199,0.4103419983554134,0.175463833931643,1,2018-03-29,2022-07-29,0,42,2022-08-01,2022-08-26
2022-08-10,1.1490136604825658,0.9780255452918019,2.1730624267114633,3,2018-03-29,2022-07-29,2,42,2022-08-01,2022-08-26
2022-08-11,0.8680246502740495,-0.24326250587780981,0.1123318119820007,3,2018-03-29,2022-07-29,2,42,2022-08-01,2022-08-26
2022-08-12,-1.3381397653052,1.8292712749119526,0.8732586964064513,1,2018-03-29,2022-07-29,0,42,2022-08-01,2022-08-26
2022-08-15,-1.0849900413743596,0.9777896665776664,-0.18160110027270024,1,2018-03-29,2022-07-29,0,42,2022-08-01,2022-08-26
2022-08-16,-0.3752558299329144,-0.034077365101715995,0.5832882263223514,1,2018-03-29,2022-07-29,0,42,2022-08-01,2022-08-26
2022-08-17,-0.7968116535617057,-0.2527174606777675,-0.6186558561770712,1,2018-03-29,2022-07-29,0,42,2022-08-01,2022-08-26
2022-08-18,-0.7985911116078646,0.49484214478327404,0.33111064610266183,1,2018-03-29,2022-07-29,0,42,2022-08-01,2022-08-26
2022-08-19,0.4328324661766868,-1.4937496327414577,-0.851040257105994,0,2018-03-29,2022-07-29,1,42,2022-08-01,2022-08-26
2022-08-22,0.372846185761631,-1.3417930829560778,-1.6706902775724433,0,2018-03-29,2022-07-29,1,42,2022-08-01,2022-08-26
2022-08-23,0.8581149817371929,-0.4968203672784651,-0.11135260986483968,3,2018-03-29,2022-07-29,2,42,2022-08-01,2022-08-26
2022-08-24,-1.2435355352418846,0.9834799801748036,-0.18139077651151844,1,2018-03-29,2022-07-29,0,42,2022-08-01,2022-08-26
2022-08-25,-1.1011840147940521,1.494687705950534,1.1571523914266015,1,2018-03-29,2022-07-29,0,42,2022-08-01,2022-08-26
2022-08-26,1.2807450025640124,-1.7582184011105337,-1.8737190350640323,0,2018-03-29,2022-07-29,1,42,2022-08-01,2022-08-26
2022-08-29,-0.3622081155160802,0.1552336805166713,-1.2575307916494556,0,2018-03-29,2022-08-26,1,43,2022-08-29,2022-09-26
2022-08-30,-0.2728474065998984,-0.3775945480132587,-2.0402101320496877,0,2018-03-29,2022-08-26,1,43,2022-08-29,2022-09-26
2022-08-31,-0.06634188376996818,-0.4979658352191273,-1.3986447051761686,0,2018-03-29,2022-08-26,1,43,2022-08-29,2022-09-26
2022-09-01,1.446936338305461,0.13924666092533078,0.9148001738700215,3,2018-03-29,2022-08-26,2,43,2022-08-29,2022-09-26
2022-09-02,0.5351189915629349,-0.5423614701913398,-1.4152248104969203,0,2018-03-29,2022-08-26,1,43,2022-08-29,2022-09-26
2022-09-06,-0.7640631052607593,0.07177267772180716,-2.0439369744755553,0,2018-03-29,2022-08-26,1,43,2022-08-29,2022-09-26
2022-09-07,0.3704805578802385,0.921726320535297,1.2297899897063314,3,2018-03-29,2022-08-26,2,43,2022-08-29,2022-09-26
2022-09-08,-0.9924183003051396,0.9460365968129407,0.4254159163423321,1,2018-03-29,2022-08-26,0,43,2022-08-29,2022-09-26
2022-09-09,-0.47690965911232236,1.073875676263637,1.3711419676575711,1,2018-03-29,2022-08-26,0,43,2022-08-29,2022-09-26
2022-09-12,-1.6676819426416913,1.422470139726192,0.5693252300005485,1,2018-03-29,2022-08-26,0,43,2022-08-29,2022-09-26
2022-09-13,2.4779259134297558,-2.7391394203597947,-2.048542755595789,0,2018-03-29,2022-08-26,1,43,2022-08-29,2022-09-26
2022-09-14,0.46473712709536713,0.35733789561810025,0.4746816410476118,3,2018-03-29,2022-08-26,2,43,2022-08-29,2022-09-26
2022-09-15,1.0652217093382332,-0.8423499880961152,-0.6751717315375027,0,2018-03-29,2022-08-26,1,43,2022-08-29,2022-09-26
2022-09-16,0.7016997270540076,-0.9946308606221733,-0.745975177169313,0,2018-03-29,2022-08-26,1,43,2022-08-29,2022-09-26
2022-09-19,-1.2482510310980228,1.9366572368594883,-0.27945959685738087,1,2018-03-29,2022-08-26,0,43,2022-08-29,2022-09-26
2022-09-20,-0.8655759084173799,0.07129934647655212,-2.5596219649516128,0,2018-03-29,2022-08-26,1,43,2022-08-29,2022-09-26
2022-09-21,-0.47017627401784895,-0.27610609437723954,-2.5853956243570844,0,2018-03-29,2022-08-26,1,43,2022-08-29,2022-09-26
2022-09-22,0.9517745620327123,-0.37867362263074716,-0.7252189319215216,0,2018-03-29,2022-08-26,1,43,2022-08-29,2022-09-26
2022-09-23,2.8017730213024246,-1.8544625077033745,-1.467988777428551,0,2018-03-29,2022-08-26,1,43,2022-08-29,2022-09-26
2022-09-26,-0.41344872525253573,-0.11043989808911821,-2.1057920940544204,0,2018-03-29,2022-08-26,1,43,2022-08-29,2022-09-26
2022-09-27,0.08038827853016213,-0.07031697253489712,-1.2924273770805355,1,2018-03-29,2022-09-26,1,44,2022-09-27,2022-10-24
2022-09-28,1.7130871603875346,1.0926294607669833,2.0929379160203516,2,2018-03-29,2022-09-26,2,44,2022-09-27,2022-10-24
2022-09-29,0.2846705408160325,-0.2432007320098535,-2.3284480074336273,1,2018-03-29,2022-09-26,1,44,2022-09-27,2022-10-24
2022-09-30,-1.2784383113351419,1.6292650628593541,-4.151370163818276,1,2018-03-29,2022-09-26,1,44,2022-09-27,2022-10-24
2022-10-03,1.168724500021342,2.0157754600341593,1.6583581705389392,2,2018-03-29,2022-09-26,2,44,2022-09-27,2022-10-24
2022-10-04,0.6326272501853372,2.3217762695461124,1.7480055135058719,2,2018-03-29,2022-09-26,2,44,2022-09-27,2022-10-24
2022-10-05,-0.12393522763708986,1.0638132303684853,-1.3518721905529132,1,2018-03-29,2022-09-26,1,44,2022-09-27,2022-10-24
2022-10-06,0.5677109592171564,0.4066766216851317,-1.294302499014077,1,2018-03-29,2022-09-26,1,44,2022-09-27,2022-10-24
2022-10-07,2.0670327289948713,-1.172737552547738,-1.8830832977588763,1,2018-03-29,2022-09-26,1,44,2022-09-27,2022-10-24
2022-10-10,0.04469526237387272,0.9947342111863182,-1.241268449530817,1,2018-03-29,2022-09-26,1,44,2022-09-27,2022-10-24
2022-10-11,1.5919927846731519,0.0446817359073988,-0.3949742950966234,2,2018-03-29,2022-09-26,2,44,2022-09-27,2022-10-24
2022-10-12,-1.2255494938669884,2.176002857756194,-1.3726266561657356,0,2018-03-29,2022-09-26,0,44,2022-09-27,2022-10-24
2022-10-13,0.9970327933433851,2.051888089494397,1.6795390107523573,2,2018-03-29,2022-09-26,2,44,2022-09-27,2022-10-24
2022-10-14,1.0170594295141273,0.00425337652310452,-2.1467126284089346,1,2018-03-29,2022-09-26,1,44,2022-09-27,2022-10-24
2022-10-17,1.4648091656800408,2.045005027625651,1.8524625851508902,2,2018-03-29,2022-09-26,2,44,2022-09-27,2022-10-24
2022-10-18,0.2209632175078902,2.1709125017005952,-0.09321064626499097,0,2018-03-29,2022-09-26,0,44,2022-09-27,2022-10-24
2022-10-19,3.1853432543920714,-0.35287847934048544,0.5196509663731286,2,2018-03-29,2022-09-26,2,44,2022-09-27,2022-10-24
2022-10-20,-0.3921239292006223,1.5366991059106947,-2.0731966419374714,1,2018-03-29,2022-09-26,1,44,2022-09-27,2022-10-24
2022-10-21,0.19759214334420816,2.3253234098885254,1.4608604418465743,0,2018-03-29,2022-09-26,0,44,2022-09-27,2022-10-24
2022-10-24,-0.599065213196359,2.5570690645460283,-0.20808341099377545,0,2018-03-29,2022-09-26,0,44,2022-09-27,2022-10-24
2022-10-25,0.7301955766220588,1.5397270999049208,0.7505379339405343,1,2018-03-29,2022-10-24,2,45,2022-10-25,2022-11-21
2022-10-26,3.0547153609657314,-0.10751830370538798,0.8249351210894027,1,2018-03-29,2022-10-24,2,45,2022-10-25,2022-11-21
2022-10-27,8.049234651589444,-1.5830446140083168,1.8686991334358531,2,2018-03-29,2022-10-24,3,45,2022-10-25,2022-11-21
2022-10-28,2.0903943025403664,0.9376452090078808,2.0775378343553697,1,2018-03-29,2022-10-24,2,45,2022-10-25,2022-11-21
2022-10-31,0.34891849498052246,0.21523903304014172,-1.4819032330206994,3,2018-03-29,2022-10-24,1,45,2022-10-25,2022-11-21
2022-11-01,0.41018393681395604,0.17628178163892017,-0.5270585945777191,3,2018-03-29,2022-10-24,1,45,2022-10-25,2022-11-21
2022-11-02,1.0982960876741934,-0.5796909514195256,-2.305487825465073,3,2018-03-29,2022-10-24,1,45,2022-10-25,2022-11-21
2022-11-03,2.145429400592285,-0.1381422866110581,-0.3208320636052399,1,2018-03-29,2022-10-24,2,45,2022-10-25,2022-11-21
2022-11-04,0.46832207662227654,1.1273503513261798,0.8983112213160305,1,2018-03-29,2022-10-24,2,45,2022-10-25,2022-11-21
2022-11-07,-0.4445825764984052,1.6346398468930718,0.5263404010297664,0,2018-03-29,2022-10-24,0,45,2022-10-25,2022-11-21
2022-11-08,-1.5069871805556605,3.0731460975672005,-1.1248099390291777,0,2018-03-29,2022-10-24,0,45,2022-10-25,2022-11-21
2022-11-09,2.3127227830415684,-1.07018116171344,-1.8599430493651996,3,2018-03-29,2022-10-24,1,45,2022-10-25,2022-11-21
2022-11-10,5.658849761403215,0.9297699103878588,4.363760165550906,1,2018-03-29,2022-10-24,2,45,2022-10-25,2022-11-21
2022-11-11,3.0600619806575393,0.13786024252369838,1.3588221634507531,1,2018-03-29,2022-10-24,2,45,2022-10-25,2022-11-21
2022-11-14,0.2792953651874665,0.20887312854849807,-0.9519419589800241,3,2018-03-29,2022-10-24,1,45,2022-10-25,2022-11-21
2022-11-15,0.8681548070931869,0.3891768679184525,0.5980273564684189,1,2018-03-29,2022-10-24,2,45,2022-10-25,2022-11-21
2022-11-16,0.2667257398158304,0.27087966952994014,-0.7643085333086056,3,2018-03-29,2022-10-24,1,45,2022-10-25,2022-11-21
2022-11-17,-0.0798723435721568,0.7665197072776813,-0.9314362505904776,3,2018-03-29,2022-10-24,1,45,2022-10-25,2022-11-21
2022-11-18,-0.1505880667453272,1.0330173169063124,-0.19344971573375874,0,2018-03-29,2022-10-24,0,45,2022-10-25,2022-11-21
2022-11-21,-0.2657229812191737,0.5727691907891325,-0.43128819055410866,0,2018-03-29,2022-10-24,0,45,2022-10-25,2022-11-21
2022-11-22,-0.8349476330618059,1.8618235448023077,1.261577993206839,2,2018-03-29,2022-11-21,0,46,2022-11-22,2022-12-20
2022-11-23,-0.6948475534831361,1.161659920149195,0.19033597393057347,2,2018-03-29,2022-11-21,0,46,2022-11-22,2022-12-20
2022-11-25,-1.3699351064188139,1.442074260475831,-0.5021604508719164,2,2018-03-29,2022-11-21,0,46,2022-11-22,2022-12-20
2022-11-28,-0.2377069195230522,-0.23432772445762698,-1.6138929067140828,0,2018-03-29,2022-11-21,1,46,2022-11-22,2022-12-20
2022-11-29,-0.567771573378465,0.5492062212361303,-0.4087651826166583,2,2018-03-29,2022-11-21,0,46,2022-11-22,2022-12-20
2022-11-30,3.3665639289816394,-0.35339857963931615,3.1059174951841277,1,2018-03-29,2022-11-21,2,46,2022-11-22,2022-12-20
2022-12-01,-0.21893412549461053,0.17150701857884426,-0.16595538199185764,2,2018-03-29,2022-11-21,0,46,2022-11-22,2022-12-20
2022-12-02,-1.1458322956810698,0.8215483458551153,-0.7285645741632979,2,2018-03-29,2022-11-21,0,46,2022-11-22,2022-12-20
2022-12-05,-0.1277575669027147,-0.5283269985334922,-2.245118707052212,0,2018-03-29,2022-11-21,1,46,2022-11-22,2022-12-20
2022-12-06,0.6929888301668838,-0.7834061595920169,-1.7674653840769203,0,2018-03-29,2022-11-21,1,46,2022-11-22,2022-12-20
2022-12-07,-1.557347403066987,1.5404335767170023,-1.0842284892453007,2,2018-03-29,2022-11-21,0,46,2022-11-22,2022-12-20
2022-12-08,0.02707730132542142,0.5807360124138929,1.0090173573683272,2,2018-03-29,2022-11-21,0,46,2022-11-22,2022-12-20
2022-12-09,-0.5824368390834469,-0.6184995118756587,-1.1897714700212214,0,2018-03-29,2022-11-21,1,46,2022-11-22,2022-12-20
2022-12-12,-0.7007889993858293,0.8711527000596524,1.5721297051783445,2,2018-03-29,2022-11-21,0,46,2022-11-22,2022-12-20
2022-12-13,-0.4436732439143452,0.3224895485106312,1.2461419190225131,2,2018-03-29,2022-11-21,0,46,2022-11-22,2022-12-20
2022-12-14,-1.4711601460248054,0.25597323460728555,-0.7297828323997967,2,2018-03-29,2022-11-21,0,46,2022-11-22,2022-12-20
2022-12-15,1.3405791739149846,-2.0026461850877624,-1.6495709704635761,0,2018-03-29,2022-11-21,1,46,2022-11-22,2022-12-20
2022-12-16,0.012080566038103575,-1.4766188835598955,-1.6658232289716979,0,2018-03-29,2022-11-21,1,46,2022-11-22,2022-12-20
2022-12-19,-0.46839628891628865,-0.31031888120779255,-0.5689490697057598,0,2018-03-29,2022-11-21,1,46,2022-11-22,2022-12-20
2022-12-20,-1.3405267618314105,0.6385419491925848,0.2837795273137561,2,2018-03-29,2022-11-21,0,46,2022-11-22,2022-12-20
2022-12-21,-2.160971974505799,1.9069639154851548,1.3019460518338881,0,2018-03-29,2022-12-20,0,47,2022-12-21,2023-01-20
2022-12-22,0.22912520003379877,-1.0635256319947557,-1.4414259732412913,2,2018-03-29,2022-12-20,1,47,2022-12-21,2023-01-20
2022-12-23,-0.2698421110357249,0.5370280948292532,1.0589048841666528,0,2018-03-29,2022-12-20,0,47,2022-12-21,2023-01-20
2022-12-27,0.512608098464997,-0.4844111140454816,0.5554221193113529,1,2018-03-29,2022-12-20,2,47,2022-12-21,2023-01-20
2022-12-28,-1.24153366804026,0.3748260894282601,-1.9845491076854271,2,2018-03-29,2022-12-20,1,47,2022-12-21,2023-01-20
2022-12-29,-0.193829672402767,1.162135014078994,1.9874083261242117,0,2018-03-29,2022-12-20,0,47,2022-12-21,2023-01-20
2022-12-30,-1.7349006945791894,1.459888813887554,-1.0109263861842124,0,2018-03-29,2022-12-20,0,47,2022-12-21,2023-01-20
2023-01-03,1.173673495567228,-0.6182566653648943,0.5917418212956304,1,2018-03-29,2022-12-20,2,47,2022-12-21,2023-01-20
2023-01-04,-0.5375554352489201,-0.22636584025340314,0.9064268154546495,0,2018-03-29,2022-12-20,0,47,2022-12-21,2023-01-20
2023-01-05,0.5151533293349492,-1.122075300398422,-0.4306351513717774,2,2018-03-29,2022-12-20,1,47,2022-12-21,2023-01-20
2023-01-06,-1.094548860408751,1.0888310573616815,1.977778794344207,0,2018-03-29,2022-12-20,0,47,2022-12-21,2023-01-20
2023-01-09,0.46478071740553234,-1.0178914585236172,0.2027149246218987,1,2018-03-29,2022-12-20,2,47,2022-12-21,2023-01-20
2023-01-10,-0.7906128728801977,0.39604502085216836,0.9099447897252984,0,2018-03-29,2022-12-20,0,47,2022-12-21,2023-01-20
2023-01-11,-0.635592559497651,0.011858238922402464,1.2752627315687035,0,2018-03-29,2022-12-20,0,47,2022-12-21,2023-01-20
2023-01-12,-1.1380356082655203,0.4656748995206946,0.7202253812012683,0,2018-03-29,2022-12-20,0,47,2022-12-21,2023-01-20
2023-01-13,-1.3743129889882173,0.9378101205086453,0.9452160674494526,0,2018-03-29,2022-12-20,0,47,2022-12-21,2023-01-20
2023-01-17,1.218092712601608,-1.7037321528474756,-0.1905709218707843,1,2018-03-29,2022-12-20,2,47,2022-12-21,2023-01-20
2023-01-18,-1.4549715424741048,-0.38449506889634755,-1.9464037945644224,2,2018-03-29,2022-12-20,1,47,2022-12-21,2023-01-20
2023-01-19,0.39075196061973827,-1.0790019227917158,-0.4300341026842919,2,2018-03-29,2022-12-20,1,47,2022-12-21,2023-01-20
2023-01-20,1.991051908118599,-0.3785911659910035,2.3476432932244884,1,2018-03-29,2022-12-20,2,47,2022-12-21,2023-01-20
2023-01-23,1.0210844583855876,-0.32676987190238005,1.3265795122226642,0,2018-03-29,2023-01-20,2,48,2023-01-23,2023-02-17
2023-01-24,-1.7782379278039548,0.5914923461358373,-0.07538271058028125,1,2018-03-29,2023-01-20,0,48,2023-01-23,2023-02-17
2023-01-25,-1.3246762862720447,-0.04218162556362794,-0.38659840599752726,1,2018-03-29,2023-01-20,0,48,2023-01-23,2023-02-17
2023-01-26,1.0019103359114236,-0.45894638269700305,1.3544349083874205,0,2018-03-29,2023-01-20,2,48,2023-01-23,2023-02-17
2023-01-27,0.42951479945656557,-0.9237280366946907,0.44830228888419293,0,2018-03-29,2023-01-20,2,48,2023-01-23,2023-02-17
2023-01-30,0.38761783411914164,-1.7841918187885966,-1.1843319264102652,3,2018-03-29,2023-01-20,1,48,2023-01-23,2023-02-17
2023-01-31,-1.1344999839963599,-0.17065611168349656,1.2214406278834469,1,2018-03-29,2023-01-20,0,48,2023-01-23,2023-02-17
2023-02-01,1.2851832551446511,-1.0414773576877399,1.0799652528235004,0,2018-03-29,2023-01-20,2,48,2023-01-23,2023-02-17
2023-02-02,8.678291034436844,-2.353906390934301,3.473823362094236,2,2018-03-29,2023-01-20,3,48,2023-01-23,2023-02-17
2023-02-03,0.8783844125550939,-1.2669868956790007,0.12747826259573752,0,2018-03-29,2023-01-20,2,48,2023-01-23,2023-02-17
2023-02-06,-1.6361117618161656,0.11164345064742967,-0.7468508863093407,1,2018-03-29,2023-01-20,0,48,2023-01-23,2023-02-17
2023-02-07,0.6872822499044627,-0.276829783771084,1.7214144856971658,0,2018-03-29,2023-01-20,2,48,2023-01-23,2023-02-17
2023-02-08,0.6174725581259817,-1.0400916626868437,-0.608783146142825,3,2018-03-29,2023-01-20,1,48,2023-01-23,2023-02-17
2023-02-09,-0.49082048069224843,-0.41125616578574964,-1.3475145887938067,3,2018-03-29,2023-01-20,1,48,2023-01-23,2023-02-17
2023-02-10,1.6789581206537556,-0.4338258274221152,1.1258153548696865,0,2018-03-29,2023-01-20,2,48,2023-01-23,2023-02-17
2023-02-13,-0.2989281264397855,0.8918250398172993,1.2213813786928098,1,2018-03-29,2023-01-20,0,48,2023-01-23,2023-02-17
2023-02-14,-0.616763117652283,0.013929536271593832,-0.21736802241378897,1,2018-03-29,2023-01-20,0,48,2023-01-23,2023-02-17
2023-02-15,-1.3976382625873165,0.3864734473814056,-0.28470780941498175,1,2018-03-29,2023-01-20,0,48,2023-01-23,2023-02-17
2023-02-16,-1.3409245008681328,-0.3900645146311491,-2.061005729983584,3,2018-03-29,2023-01-20,1,48,2023-01-23,2023-02-17
2023-02-17,1.4520294963464,-0.778169151295147,0.5861921085012133,0,2018-03-29,2023-01-20,2,48,2023-01-23,2023-02-17
2023-02-21,0.4669029791596625,-0.21527564563555898,-2.0632335787565905,2,2018-03-29,2023-02-17,1,49,2023-02-21,2023-03-20
2023-02-22,-1.2769919121854165,1.1657131069561493,-1.05690803638339,2,2018-03-29,2023-02-17,1,49,2023-02-21,2023-03-20
2023-02-23,2.727174403334165,-1.3860666742276926,0.9664489933448152,0,2018-03-29,2023-02-17,2,49,2023-02-21,2023-03-20
2023-02-24,-0.969137708132354,0.8156334428549624,-1.19480422778818,2,2018-03-29,2023-02-17,1,49,2023-02-21,2023-03-20
2023-02-27,-1.7829246868010442,1.5351827883932714,0.2352883178335356,1,2018-03-29,2023-02-17,0,49,2023-02-21,2023-03-20
2023-02-28,-0.024334983166341514,-0.006692646029757588,-0.8957894130965379,2,2018-03-29,2023-02-17,1,49,2023-02-21,2023-03-20
2023-03-01,0.10938272750379335,-0.010927262255972877,-0.4630518980137142,2,2018-03-29,2023-02-17,1,49,2023-02-21,2023-03-20
2023-03-02,-1.174567207573861,0.6090669893669355,1.0472622583001667,1,2018-03-29,2023-02-17,0,49,2023-02-21,2023-03-20
2023-03-03,-0.4990461574831053,-0.2194937168923057,1.8318388352393296,1,2018-03-29,2023-02-17,0,49,2023-02-21,2023-03-20
2023-03-06,-1.0854267657714964,-0.01976464984054714,0.15417786652608065,1,2018-03-29,2023-02-17,0,49,2023-02-21,2023-03-20
2023-03-07,-0.9256256573989948,0.5733082832466055,-2.104814781254665,2,2018-03-29,2023-02-17,1,49,2023-02-21,2023-03-20
2023-03-08,-0.6115760407568118,-0.010870953708741209,-0.043608200286522784,1,2018-03-29,2023-02-17,0,49,2023-02-21,2023-03-20
2023-03-09,0.44536683895374185,-0.26096087251178507,-2.4026420536480155,2,2018-03-29,2023-02-17,1,49,2023-02-21,2023-03-20
2023-03-10,-0.2648265096745359,-0.09869699335518696,-1.5135367895402814,2,2018-03-29,2023-02-17,1,49,2023-02-21,2023-03-20
2023-03-13,1.4943938349579051,-0.7405943792855441,-0.12628257938638124,0,2018-03-29,2023-02-17,2,49,2023-02-21,2023-03-20
2023-03-14,0.33963984832600685,-0.5904786628043415,1.4607308940853536,0,2018-03-29,2023-02-17,2,49,2023-02-21,2023-03-20
2023-03-15,3.504693291617315,-1.7428013952619075,-0.20813805353377207,0,2018-03-29,2023-02-17,2,49,2023-02-21,2023-03-20
2023-03-16,0.6227266817672173,-0.7626072933844281,1.1661764454417023,0,2018-03-29,2023-02-17,2,49,2023-02-21,2023-03-20
2023-03-17,1.4382998587820264,-1.0992653709323357,-2.2151583747584263,2,2018-03-29,2023-02-17,1,49,2023-02-21,2023-03-20
2023-03-20,-0.8125785404379848,0.10176235325440314,1.0279168792386562,1,2018-03-29,2023-02-17,0,49,2023-02-21,2023-03-20
2023-03-21,0.4888837028292583,-0.5412989966927523,1.271130907443165,1,2018-03-29,2023-03-20,2,50,2023-03-21,2023-04-18
2023-03-22,-0.9193747085648196,1.0215278092298081,-1.7947018064964466,2,2018-03-29,2023-03-20,1,50,2023-03-21,2023-04-18
2023-03-23,1.983892983297632,-1.032158272358261,0.08712795916214096,1,2018-03-29,2023-03-20,2,50,2023-03-21,2023-04-18
2023-03-24,-1.0491294152660946,0.4469364451073105,0.5133100271503447,0,2018-03-29,2023-03-20,0,50,2023-03-21,2023-04-18
2023-03-27,0.9091062837305087,-0.7293689140098664,0.38889347204573227,1,2018-03-29,2023-03-20,2,50,2023-03-21,2023-04-18
2023-03-28,-1.0172316535768675,0.95765230411115,-0.32759906296883634,0,2018-03-29,2023-03-20,0,50,2023-03-21,2023-04-18
2023-03-29,-0.9987887252780991,0.28521021827999626,1.5194024892017879,0,2018-03-29,2023-03-20,0,50,2023-03-21,2023-04-18
2023-03-30,-1.6820691327096773,1.099614530772622,0.9598138237250585,0,2018-03-29,2023-03-20,0,50,2023-03-21,2023-04-18
2023-03-31,-1.2579847941523676,0.48929774476093246,1.5798202080584542,0,2018-03-29,2023-03-20,0,50,2023-03-21,2023-04-18
2023-04-03,2.2729686919358345,-1.640784604061229,1.3198335425124734,1,2018-03-29,2023-03-20,2,50,2023-03-21,2023-04-18
2023-04-04,-0.26217023210561813,0.05785637285569644,-1.041167687427371,2,2018-03-29,2023-03-20,1,50,2023-03-21,2023-04-18
2023-04-05,1.3344433922631547,-0.868025267724707,-0.3295223294927395,1,2018-03-29,2023-03-20,2,50,2023-03-21,2023-04-18
2023-04-06,-0.45733812878836533,-0.24986282892426825,0.3931421779326763,0,2018-03-29,2023-03-20,0,50,2023-03-21,2023-04-18
2023-04-10,-1.234349462035224,0.3453963221146233,0.2578865965134007,0,2018-03-29,2023-03-20,0,50,2023-03-21,2023-04-18
2023-04-11,-0.7536006945589339,0.06194081668162387,0.14779231349441013,0,2018-03-29,2023-03-20,0,50,2023-03-21,2023-04-18
2023-04-12,-1.6560190068505134,0.5738378237968589,-0.22904185711968414,0,2018-03-29,2023-03-20,0,50,2023-03-21,2023-04-18
2023-04-13,-0.6985057627758996,-0.49188619137916667,1.9731246862634257,0,2018-03-29,2023-03-20,0,50,2023-03-21,2023-04-18
2023-04-14,0.9054162331780711,-1.2350993370037626,0.35099703595861687,1,2018-03-29,2023-03-20,2,50,2023-03-21,2023-04-18
2023-04-17,-0.6358799757181852,-0.5982821471577875,0.452900948648499,0,2018-03-29,2023-03-20,0,50,2023-03-21,2023-04-18
2023-04-18,-1.1120034331647826,-0.4528023661543946,-0.33120004444844797,0,2018-03-29,2023-03-20,0,50,2023-03-21,2023-04-18
2023-04-19,-1.1250597305987222,-0.4759459742985415,-0.026323198603134337,1,2018-03-29,2023-04-18,0,51,2023-04-19,2023-05-16
2023-04-20,-1.3573641526143128,-0.18223386766538507,-0.6532322739373562,1,2018-03-29,2023-04-18,0,51,2023-04-19,2023-05-16
2023-04-21,-1.2226578106488977,-0.5961927685441021,-0.1182979265843236,1,2018-03-29,2023-04-18,0,51,2023-04-19,2023-05-16
2023-04-24,-1.6082884489987264,-0.22315066148006224,0.6129716134099055,1,2018-03-29,2023-04-18,0,51,2023-04-19,2023-05-16
2023-04-25,1.3111822607944361,-0.7724926811963724,-2.130757223159885,3,2018-03-29,2023-04-18,1,51,2023-04-19,2023-05-16
2023-04-26,1.5725618701079231,-1.0258400118287918,-1.4434034207178013,0,2018-03-29,2023-04-18,2,51,2023-04-19,2023-05-16
2023-04-27,2.1044479337148783,-2.2064532059973,1.9142677455219494,0,2018-03-29,2023-04-18,2,51,2023-04-19,2023-05-16
2023-04-28,-1.102703636360484,-0.5791694499120434,0.7904677127290409,1,2018-03-29,2023-04-18,0,51,2023-04-19,2023-05-16
2023-05-01,-0.5493468288838328,-0.41963389036815285,-0.2319480966807397,1,2018-03-29,2023-04-18,0,51,2023-04-19,2023-05-16
2023-05-02,0.7250551997238152,-0.40338423353654723,-1.632273727638304,3,2018-03-29,2023-04-18,1,51,2023-04-19,2023-05-16
2023-05-03,-1.2410738815146993,0.616957102706886,-1.1408905931091837,3,2018-03-29,2023-04-18,1,51,2023-04-19,2023-05-16
2023-05-04,-0.8308288953345144,0.40912107119834473,-1.1903041456553833,3,2018-03-29,2023-04-18,1,51,2023-04-19,2023-05-16
2023-05-05,-0.33716455579662014,-0.7724411619379478,1.7194750093594293,1,2018-03-29,2023-04-18,0,51,2023-04-19,2023-05-16
2023-05-08,-1.2532807394912675,0.38317607240487633,-0.09088324009462129,1,2018-03-29,2023-04-18,0,51,2023-04-19,2023-05-16
2023-05-09,-1.6561915566092982,1.1775503357347321,-0.46605922891679935,1,2018-03-29,2023-04-18,0,51,2023-04-19,2023-05-16
2023-05-10,-0.3152225506582121,-0.2723164306234988,-0.12243824063668192,1,2018-03-29,2023-04-18,0,51,2023-04-19,2023-05-16
2023-05-11,0.14451583866393386,-0.4062249665152019,-0.49645289077448373,3,2018-03-29,2023-04-18,1,51,2023-04-19,2023-05-16
2023-05-12,-1.7208243544013697,0.8392052835270088,-0.6439516403452933,1,2018-03-29,2023-04-18,0,51,2023-04-19,2023-05-16
2023-05-15,-1.3043404313908145,0.007362333184467953,0.25437423803385867,1,2018-03-29,2023-04-18,0,51,2023-04-19,2023-05-16
2023-05-16,-0.5354947376682858,0.13850536102323746,-1.0854484080650912,3,2018-03-29,2023-04-18,1,51,2023-04-19,2023-05-16
2023-05-17,0.24046305749649974,-1.2262983818036841,0.8733760668221955,2,2018-03-29,2023-05-16,2,52,2023-05-17,2023-06-14
2023-05-18,1.3488165042888405,-1.5883296116660808,0.37434211708758847,2,2018-03-29,2023-05-16,2,52,2023-05-17,2023-06-14
2023-05-19,-1.3715654503391261,0.43023492172860384,-0.3060631633249512,3,2018-03-29,2023-05-16,0,52,2023-05-17,2023-06-14
2023-05-22,-0.8067705909075684,0.11719980393853989,-0.8824863329739836,0,2018-03-29,2023-05-16,1,52,2023-05-17,2023-06-14
2023-05-23,-0.39608700548878484,-0.0736543300341916,-1.1128167429934799,0,2018-03-29,2023-05-16,1,52,2023-05-17,2023-06-14
2023-05-24,-1.0641895797562562,0.04971483732337589,-0.7418303125412147,3,2018-03-29,2023-05-16,0,52,2023-05-17,2023-06-14
2023-05-25,6.980626122428931,-3.392548637587024,-0.16149230037932172,2,2018-03-29,2023-05-16,2,52,2023-05-17,2023-06-14
2023-05-26,0.12069313250740535,-1.5097883764859221,0.904868788303443,2,2018-03-29,2023-05-16,2,52,2023-05-17,2023-06-14
2023-05-30,-0.8365835152311019,-0.3789021156304055,-0.8366448258536034,3,2018-03-29,2023-05-16,0,52,2023-05-17,2023-06-14
2023-05-31,0.39959130509037794,-0.7467666109698494,-1.8776997234658312,0,2018-03-29,2023-05-16,1,52,2023-05-17,2023-06-14
2023-06-01,-0.6105681929487169,-1.3324354110203627,0.9823371376641092,3,2018-03-29,2023-05-16,0,52,2023-05-17,2023-06-14
2023-06-02,0.4224942543506744,-1.9100837081589603,1.2451372165220378,2,2018-03-29,2023-05-16,2,52,2023-05-17,2023-06-14
2023-06-05,-1.7756810081536174,0.14656933096522715,-0.7808474093217563,3,2018-03-29,2023-05-16,0,52,2023-05-17,2023-06-14
2023-06-06,-0.7739002177640883,-0.8280123221375804,-0.6963209503144862,3,2018-03-29,2023-05-16,0,52,2023-05-17,2023-06-14
2023-06-07,1.5740897860496048,-2.137706610457997,-0.5551254869136777,2,2018-03-29,2023-05-16,2,52,2023-05-17,2023-06-14
2023-06-08,-1.3063459963370032,-0.8200185516611224,0.19240946274571943,3,2018-03-29,2023-05-16,0,52,2023-05-17,2023-06-14
2023-06-09,-2.025432945845695,-0.20402524521412485,0.30945525126686,3,2018-03-29,2023-05-16,0,52,2023-05-17,2023-06-14
2023-06-12,-0.8613833576514229,-0.9142099476786267,-0.009862960518333725,3,2018-03-29,2023-05-16,0,52,2023-05-17,2023-06-14
2023-06-13,-1.4654108661600143,-1.0802855443138808,0.6536968415633576,3,2018-03-29,2023-05-16,0,52,2023-05-17,2023-06-14
2023-06-14,0.4236280096998845,-1.5092047368308803,-0.8494375357581361,2,2018-03-29,2023-05-16,2,52,2023-05-17,2023-06-14
2023-06-15,-2.214635614945638,-0.9060708883027762,1.5109161533661235,0,2018-03-29,2023-06-14,0,53,2023-06-15,2023-07-14
2023-06-16,-1.5993572036629622,-0.31819290661841676,-1.4097843858507242,0,2018-03-29,2023-06-14,0,53,2023-06-15,2023-07-14
2023-06-20,-0.33293215631670514,-0.9130015205999188,-1.0181204735000344,0,2018-03-29,2023-06-14,0,53,2023-06-15,2023-07-14
2023-06-21,-0.7157584058766426,-0.8424599799343464,-0.6312577074683581,0,2018-03-29,2023-06-14,0,53,2023-06-15,2023-07-14
2023-06-22,-0.12352748873078405,-1.288097143297569,-0.2996945339407323,0,2018-03-29,2023-06-14,0,53,2023-06-15,2023-07-14
2023-06-23,-1.5328635361110834,0.22284912953462294,-1.7906092826958426,1,2018-03-29,2023-06-14,1,53,2023-06-15,2023-07-14
2023-06-26,0.746507991183756,-1.4068108682703315,-0.6559030577324906,2,2018-03-29,2023-06-14,2,53,2023-06-15,2023-07-14
2023-06-27,-1.297534205701646,-0.9824504875970567,0.6659034673261286,0,2018-03-29,2023-06-14,0,53,2023-06-15,2023-07-14
2023-06-28,-1.0360522156213785,-0.7169445237710719,-0.374194334709809,0,2018-03-29,2023-06-14,0,53,2023-06-15,2023-07-14
2023-06-29,-0.47755605936435214,-1.0498243923101502,0.3928866909887362,0,2018-03-29,2023-06-14,0,53,2023-06-15,2023-07-14
2023-06-30,-1.569883716062415,-1.1532520516395897,1.4083527550812245,0,2018-03-29,2023-06-14,0,53,2023-06-15,2023-07-14
2023-07-03,-1.6111923493123352,-0.7411192279333937,0.1835779557121161,0,2018-03-29,2023-06-14,0,53,2023-06-15,2023-07-14
2023-07-05,-0.6706117205891232,-0.864161938061823,-1.0707697481317087,0,2018-03-29,2023-06-14,0,53,2023-06-15,2023-07-14
2023-07-06,-0.23703168035260683,-0.35509265424313785,-2.37825837944218,1,2018-03-29,2023-06-14,1,53,2023-06-15,2023-07-14
2023-07-07,-0.33615489536846643,-0.8946119686400927,-0.5809220620872761,0,2018-03-29,2023-06-14,0,53,2023-06-15,2023-07-14
2023-07-10,-0.9376335149415091,-1.1556010180374001,0.35277814962234505,0,2018-03-29,2023-06-14,0,53,2023-06-15,2023-07-14
2023-07-11,-1.0401914505824086,-0.9004967101144971,0.48170751547550145,0,2018-03-29,2023-06-14,0,53,2023-06-15,2023-07-14
2023-07-12,-0.4473854734860455,-1.3878321862575036,0.7170368953493591,0,2018-03-29,2023-06-14,0,53,2023-06-15,2023-07-14
2023-07-13,-0.15534209854383188,-1.455983257512167,0.20773318978892286,0,2018-03-29,2023-06-14,0,53,2023-06-15,2023-07-14
2023-07-14,1.3330036308825168,-1.6022581223258539,-0.5285316740957726,2,2018-03-29,2023-06-14,2,53,2023-06-15,2023-07-14
2023-07-17,-1.5077332422651968,-0.6990783320599064,-0.0034398030389280057,3,2018-03-29,2023-07-14,0,54,2023-07-17,2023-08-11
2023-07-18,-0.4868496910160782,-1.5523841935309306,0.5146651795146017,3,2018-03-29,2023-07-14,0,54,2023-07-17,2023-08-11
2023-07-19,-1.5947410056870974,-0.918390707332954,0.3688234356093581,3,2018-03-29,2023-07-14,0,54,2023-07-17,2023-08-11
2023-07-20,3.3505681945987367,-2.6023130395933496,-0.4784895858578034,2,2018-03-29,2023-07-14,2,54,2023-07-17,2023-08-11
2023-07-21,-0.6287684947436352,-1.3811698157917656,-0.4173206637343907,3,2018-03-29,2023-07-14,0,54,2023-07-17,2023-08-11
2023-07-24,-1.5728050341422077,-1.2293604242745089,0.8450994119146903,3,2018-03-29,2023-07-14,0,54,2023-07-17,2023-08-11
2023-07-25,-1.067817753090303,-1.0513683456200464,-0.22672370994225108,3,2018-03-29,2023-07-14,0,54,2023-07-17,2023-08-11
2023-07-26,-0.2164940449661715,-1.4408715334753643,-0.6427106615303906,3,2018-03-29,2023-07-14,0,54,2023-07-17,2023-08-11
2023-07-27,-0.4971972850190626,-1.102155478490312,-1.319772706576618,1,2018-03-29,2023-07-14,1,54,2023-07-17,2023-08-11
2023-07-28,-0.1735877470508705,-1.7759912291668942,0.37357987352059957,3,2018-03-29,2023-07-14,0,54,2023-07-17,2023-08-11
2023-07-31,-0.37729090342030247,-1.6878518172389807,-0.24448465285521465,3,2018-03-29,2023-07-14,0,54,2023-07-17,2023-08-11
2023-08-01,0.32601234609170526,-1.67332503252773,-1.792770905783277,2,2018-03-29,2023-07-14,2,54,2023-07-17,2023-08-11
2023-08-02,-0.3424106124413084,-0.7276599038021696,-1.72449436737655,1,2018-03-29,2023-07-14,1,54,2023-07-17,2023-08-11
2023-08-03,-1.7843766284934366,-0.6858434508338647,0.08165261244437,3,2018-03-29,2023-07-14,0,54,2023-07-17,2023-08-11
2023-08-04,0.0866323319694565,-1.3254530528853363,-1.398546296689136,1,2018-03-29,2023-07-14,1,54,2023-07-17,2023-08-11
2023-08-07,-1.5262695958861952,-1.394973487664114,1.0312602441163203,3,2018-03-29,2023-07-14,0,54,2023-07-17,2023-08-11
2023-08-08,-1.5823284103496573,-0.3593760044686417,-1.1169582396296471,3,2018-03-29,2023-07-14,0,54,2023-07-17,2023-08-11
2023-08-09,-0.5531472056768559,-0.8877356440807591,-1.131800283340074,3,2018-03-29,2023-07-14,0,54,2023-07-17,2023-08-11
2023-08-10,-2.8775810430734405,0.6881661750612295,0.09530972619642643,3,2018-03-29,2023-07-14,0,54,2023-07-17,2023-08-11
2023-08-11,-0.5761583755846681,-1.521076096995838,0.05610627920004282,3,2018-03-29,2023-07-14,0,54,2023-07-17,2023-08-11
2023-08-14,0.1708145545801649,-1.6287991591589523,-0.4171919678840969,1,2018-03-29,2023-08-11,2,55,2023-08-14,2023-09-11
2023-08-15,-1.082257269188102,-0.20422540700897077,-2.0245772435220966,3,2018-03-29,2023-08-11,1,55,2023-08-14,2023-09-11
2023-08-16,-1.8183353881438074,0.2745568139373581,-1.4642711685002665,3,2018-03-29,2023-08-11,1,55,2023-08-14,2023-09-11
2023-08-17,-0.19963773715917005,-0.827857811342709,-1.0551042634767955,3,2018-03-29,2023-08-11,1,55,2023-08-14,2023-09-11
2023-08-18,-1.8828066037501054,-0.1498794910408549,0.13834979575644393,2,2018-03-29,2023-08-11,0,55,2023-08-14,2023-09-11
2023-08-21,0.7926314361010539,-1.558297997211952,-0.27121093547480774,1,2018-03-29,2023-08-11,2,55,2023-08-14,2023-09-11
2023-08-22,-1.3589583954630629,-0.11267722015140885,-0.98399090281306,2,2018-03-29,2023-08-11,0,55,2023-08-14,2023-09-11
2023-08-23,-0.5791457876445715,-1.1588177531306054,1.069335924364107,2,2018-03-29,2023-08-11,0,55,2023-08-14,2023-09-11
2023-08-24,-0.6632052823919853,-0.034451549593995455,-1.466362053619642,3,2018-03-29,2023-08-11,1,55,2023-08-14,2023-09-11
2023-08-25,-1.800024475883935,-0.45689471769288587,0.9883573543684767,2,2018-03-29,2023-08-11,0,55,2023-08-14,2023-09-11
2023-08-28,-1.9429102883974074,-0.02837553098829874,1.090367454099681,2,2018-03-29,2023-08-11,0,55,2023-08-14,2023-09-11
2023-08-29,-0.8682299645931826,-0.7799033744812561,1.4161320012582803,2,2018-03-29,2023-08-11,0,55,2023-08-14,2023-09-11
2023-08-30,-2.0853690732268473,0.30771721424705367,0.6286427250737838,2,2018-03-29,2023-08-11,0,55,2023-08-14,2023-09-11
2023-08-31,-1.0624348637458156,-0.14472669633575802,-0.6442834129939508,2,2018-03-29,2023-08-11,0,55,2023-08-14,2023-09-11
2023-09-01,-0.982267382617014,-0.5071381098024729,0.29557329956076134,2,2018-03-29,2023-08-11,0,55,2023-08-14,2023-09-11
2023-09-05,-0.45836903985728933,-0.5528977198187546,-0.6861672239251991,2,2018-03-29,2023-08-11,0,55,2023-08-14,2023-09-11
2023-09-06,-0.8184751183321378,0.02110432946408499,-1.3570505192005846,3,2018-03-29,2023-08-11,1,55,2023-08-14,2023-09-11
2023-09-07,-0.3128452019766377,-0.5786582041983925,-0.5371972349686643,2,2018-03-29,2023-08-11,0,55,2023-08-14,2023-09-11
2023-09-08,-2.1081460075987843,0.34006684372432044,0.523872876525672,2,2018-03-29,2023-08-11,0,55,2023-08-14,2023-09-11
2023-09-11,-0.45934278191666317,-0.7062014063945565,0.06326871394181328,2,2018-03-29,2023-08-11,0,55,2023-08-14,2023-09-11
2023-09-12,0.5606707738920699,-0.9370096610706424,-0.3549308891292489,3,2018-03-29,2023-09-11,2,56,2023-09-12,2023-10-09
2023-09-13,-0.9288881920636138,-0.6970955103711142,-0.08123167597662753,0,2018-03-29,2023-09-11,0,56,2023-09-12,2023-10-09
2023-09-14,-1.285853864018071,-0.870527967559471,1.0954686337531643,0,2018-03-29,2023-09-11,0,56,2023-09-12,2023-10-09
2023-09-15,-0.3993520727914194,-0.2196788154645527,-2.6311159104422113,1,2018-03-29,2023-09-11,1,56,2023-09-12,2023-10-09
2023-09-18,-2.0548475784219233,0.3270670196970235,0.34044649793285486,0,2018-03-29,2023-09-11,0,56,2023-09-12,2023-10-09
2023-09-19,-2.0837437946003847,0.9202396066499517,-0.9290417549823434,0,2018-03-29,2023-09-11,0,56,2023-09-12,2023-10-09
2023-09-20,-0.15722848738240683,-0.27727905723877433,-1.4843129049537638,1,2018-03-29,2023-09-11,1,56,2023-09-12,2023-10-09
2023-09-21,-0.6117432481207159,0.27418722975401666,-2.1233218504260405,1,2018-03-29,2023-09-11,1,56,2023-09-12,2023-10-09
2023-09-22,-1.6304879157649568,0.34289742496550507,-0.41640085905306584,0,2018-03-29,2023-09-11,0,56,2023-09-12,2023-10-09
2023-09-25,-1.542197063180242,0.016246107623386356,0.686107473562171,0,2018-03-29,2023-09-11,0,56,2023-09-12,2023-10-09
2023-09-26,-1.080099050809858,0.7364394356479534,-2.2021689212271944,1,2018-03-29,2023-09-11,1,56,2023-09-12,2023-10-09
2023-09-27,0.18919898178026665,-0.5426948594879305,-0.5554281452591395,1,2018-03-29,2023-09-11,1,56,2023-09-12,2023-10-09
2023-09-28,-1.378265361399914,0.02532762539568649,0.18469199918087906,0,2018-03-29,2023-09-11,0,56,2023-09-12,2023-10-09
2023-09-29,-0.9937562316507113,0.2587379031440545,-1.131385248045434,1,2018-03-29,2023-09-11,1,56,2023-09-12,2023-10-09
2023-10-02,0.6239030344085755,-0.7959617558599966,-0.7487588444954068,3,2018-03-29,2023-09-11,2,56,2023-09-12,2023-10-09
2023-10-03,-0.33330807462564876,0.16465442148261086,-1.5578004618286159,1,2018-03-29,2023-09-11,1,56,2023-09-12,2023-10-09
2023-10-04,0.650018728839497,-0.8567958226304712,0.5711422822351326,3,2018-03-29,2023-09-11,2,56,2023-09-12,2023-10-09
2023-10-05,0.3038025131347656,-0.3366971653110037,-0.6531612846393205,1,2018-03-29,2023-09-11,1,56,2023-09-12,2023-10-09
2023-10-06,0.18081365311828815,-0.7959670893068627,0.6659491442476547,0,2018-03-29,2023-09-11,0,56,2023-09-12,2023-10-09
2023-10-09,0.5575555920780048,-0.7828298566092964,0.8722774559622722,3,2018-03-29,2023-09-11,2,56,2023-09-12,2023-10-09
2023-10-10,-0.5756947965928383,-0.057355440683873174,-0.019647683190185974,1,2018-03-29,2023-10-09,0,57,2023-10-10,2023-11-06
2023-10-11,0.3269083381678458,-0.21117484899908479,-0.5846182537825247,3,2018-03-29,2023-10-09,1,57,2023-10-10,2023-11-06
2023-10-12,-1.317605524010255,0.7577490867700066,-0.4216362984365327,1,2018-03-29,2023-10-09,0,57,2023-10-10,2023-11-06
2023-10-13,0.7325056762375675,-0.4619145121471584,-0.08696322720522456,0,2018-03-29,2023-10-09,2,57,2023-10-10,2023-11-06
2023-10-16,-1.5633069201434535,0.4283900030041945,1.2634694087491163,1,2018-03-29,2023-10-09,0,57,2023-10-10,2023-11-06
2023-10-17,-0.10593198190285079,-0.28633406968315317,-0.3852159150262586,1,2018-03-29,2023-10-09,0,57,2023-10-10,2023-11-06
2023-10-18,1.1970246309234598,-0.33512233986943674,-1.860214895868558,3,2018-03-29,2023-10-09,1,57,2023-10-10,2023-11-06
2023-10-19,3.332296264101523,-1.3640633828903164,-0.8908758450601592,0,2018-03-29,2023-10-09,2,57,2023-10-10,2023-11-06
2023-10-20,-0.5445185421298433,0.511554093680451,-1.6744919053613103,3,2018-03-29,2023-10-09,1,57,2023-10-10,2023-11-06
2023-10-23,0.9885298011772145,-0.39514631311167664,-0.9104148088069797,0,2018-03-29,2023-10-09,2,57,2023-10-10,2023-11-06
2023-10-24,-0.014780407096839697,-0.2586624885010226,0.06469683331411329,1,2018-03-29,2023-10-09,0,57,2023-10-10,2023-11-06
2023-10-25,2.2906178812282247,-0.6958270980111197,-1.1396859544960873,0,2018-03-29,2023-10-09,2,57,2023-10-10,2023-11-06
2023-10-26,1.176909212712245,0.03874632495219677,-1.9346131042852839,3,2018-03-29,2023-10-09,1,57,2023-10-10,2023-11-06
2023-10-27,2.4866300979228835,-0.5354700617371705,-1.5790406047786132,0,2018-03-29,2023-10-09,2,57,2023-10-10,2023-11-06
2023-10-30,-0.8333931121839823,0.1488576743564062,1.7833046395232748,1,2018-03-29,2023-10-09,0,57,2023-10-10,2023-11-06
2023-10-31,0.04620754054034244,-0.24726625495585353,0.2863749507220562,1,2018-03-29,2023-10-09,0,57,2023-10-10,2023-11-06
2023-11-01,0.6069453178288086,-0.32536422308837304,0.3856864798036963,0,2018-03-29,2023-10-09,2,57,2023-10-10,2023-11-06
2023-11-02,0.03540377004306507,-0.4392110570872395,1.709088935337745,1,2018-03-29,2023-10-09,0,57,2023-10-10,2023-11-06
2023-11-03,0.4961721893158672,-0.3444291551611091,0.6205289585501637,0,2018-03-29,2023-10-09,2,57,2023-10-10,2023-11-06
2023-11-06,-0.8227221370211247,0.5895577597942846,0.3167691910373105,1,2018-03-29,2023-10-09,0,57,2023-10-10,2023-11-06
2023-11-07,-0.39722268904795255,0.3800048192661311,-0.2714486578655467,1,2018-03-29,2023-11-06,0,58,2023-11-07,2023-12-05
2023-11-08,-1.3980634972948127,1.172754381215362,-0.23347734652297844,1,2018-03-29,2023-11-06,0,58,2023-11-07,2023-12-05
2023-11-09,-1.4787247077172008,0.9686383172602564,-1.1539366933015134,0,2018-03-29,2023-11-06,1,58,2023-11-07,2023-12-05
2023-11-10,-0.6755207916365792,0.19966321677988152,1.5124905308543495,1,2018-03-29,2023-11-06,0,58,2023-11-07,2023-12-05
2023-11-13,-1.8453785290714582,1.2786759784621657,0.37585077544852546,1,2018-03-29,2023-11-06,0,58,2023-11-07,2023-12-05
2023-11-14,0.6196482406541652,-0.653217653352248,1.518537619101103,3,2018-03-29,2023-11-06,2,58,2023-11-07,2023-12-05
2023-11-15,-1.1081334101233693,0.13435779797646002,0.06663000549250583,1,2018-03-29,2023-11-06,0,58,2023-11-07,2023-12-05
2023-11-16,0.8244819372568913,-0.6992771780688735,-0.07199276378739368,3,2018-03-29,2023-11-06,2,58,2023-11-07,2023-12-05
2023-11-17,-0.45384731389485755,-0.07043827071879426,0.1395617207600774,1,2018-03-29,2023-11-06,0,58,2023-11-07,2023-12-05
2023-11-20,-1.3699404254390155,0.516757175146158,0.7796369708302542,1,2018-03-29,2023-11-06,0,58,2023-11-07,2023-12-05
2023-11-21,-1.7072176932596914,1.0680444607112827,-0.68855423046215,1,2018-03-29,2023-11-06,0,58,2023-11-07,2023-12-05
2023-11-22,-1.4007898629525453,0.33650048940996996,0.41413933880235787,1,2018-03-29,2023-11-06,0,58,2023-11-07,2023-12-05
2023-11-24,-1.8737817122579354,0.784213326012926,0.9439723404946755,1,2018-03-29,2023-11-06,0,58,2023-11-07,2023-12-05
2023-11-27,-2.1412842866929975,1.2872597569272741,-0.8409184009665415,1,2018-03-29,2023-11-06,0,58,2023-11-07,2023-12-05
2023-11-28,-2.0471444872473223,0.5717395680323144,0.4076093669388438,1,2018-03-29,2023-11-06,0,58,2023-11-07,2023-12-05
2023-11-29,-0.41501777071083085,-0.4103655517065697,-0.8491650823033539,0,2018-03-29,2023-11-06,1,58,2023-11-07,2023-12-05
2023-11-30,0.06868493733548925,-1.0054363863551001,0.1304902485927307,1,2018-03-29,2023-11-06,0,58,2023-11-07,2023-12-05
2023-12-01,-0.49088741876470227,-0.9214540881357076,0.24935033496186218,1,2018-03-29,2023-11-06,0,58,2023-11-07,2023-12-05
2023-12-04,-0.6139077926351872,-0.6588927748490045,-0.7447121707813193,1,2018-03-29,2023-11-06,0,58,2023-11-07,2023-12-05
2023-12-05,-0.002383654605605905,-1.0196383102680424,-0.49086117892338166,1,2018-03-29,2023-11-06,0,58,2023-11-07,2023-12-05
2023-12-06,-1.1002862417921784,-0.17283887530565817,-1.5203952329467472,0,2018-03-29,2023-12-05,1,59,2023-12-06,2024-01-04
2023-12-07,0.34401399058615756,-1.1275487333125438,0.16886231479208716,2,2018-03-29,2023-12-05,2,59,2023-12-06,2024-01-04
2023-12-08,-0.9801906163800272,-0.5208821437147171,0.10323961280896621,1,2018-03-29,2023-12-05,0,59,2023-12-06,2024-01-04
2023-12-11,-0.7802084137400845,-0.8926531712060479,-0.16427276751860853,1,2018-03-29,2023-12-05,0,59,2023-12-06,2024-01-04
2023-12-12,-0.9162978874059883,-0.7925738130814741,0.25381144424052876,1,2018-03-29,2023-12-05,0,59,2023-12-06,2024-01-04
2023-12-13,-1.3151299955581335,-1.1960629658978057,1.3947109306532386,1,2018-03-29,2023-12-05,0,59,2023-12-06,2024-01-04
2023-12-14,3.06139546120953,-2.506120489350789,-0.054786450179979095,2,2018-03-29,2023-12-05,2,59,2023-12-06,2024-01-04
2023-12-15,-0.7624341962022426,-1.2250255398110597,-1.6092965761387603,0,2018-03-29,2023-12-05,1,59,2023-12-06,2024-01-04
2023-12-18,-0.5429694100139819,-1.4014026130540067,0.520861789828142,1,2018-03-29,2023-12-05,0,59,2023-12-06,2024-01-04
2023-12-19,-1.6665607491384409,-0.848714282579233,0.5502628866451451,1,2018-03-29,2023-12-05,0,59,2023-12-06,2024-01-04
2023-12-20,-1.531820138714812,-0.24720888775064961,-2.0492138861017035,0,2018-03-29,2023-12-05,1,59,2023-12-06,2024-01-04
2023-12-21,-2.5659697527115735,0.23184602072825214,1.3342122773671266,1,2018-03-29,2023-12-05,0,59,2023-12-06,2024-01-04
2023-12-22,-2.0174387829564315,6.845981279774162e-05,0.07193611270890879,1,2018-03-29,2023-12-05,0,59,2023-12-06,2024-01-04
2023-12-26,-2.695329505172075,0.3001273281279199,0.9362456967119925,1,2018-03-29,2023-12-05,0,59,2023-12-06,2024-01-04
2023-12-27,-2.622531875897061,0.4231127360677495,0.31498477215018056,1,2018-03-29,2023-12-05,0,59,2023-12-06,2024-01-04
2023-12-28,-2.0346980462419664,-0.12282355884694358,0.31440200317123507,1,2018-03-29,2023-12-05,0,59,2023-12-06,2024-01-04
2023-12-29,-2.6869465256263028,0.7775841173234147,-0.287640660157821,1,2018-03-29,2023-12-05,0,59,2023-12-06,2024-01-04
2024-01-02,1.2169230311590413,-1.9572915068424117,0.12703581968225858,2,2018-03-29,2023-12-05,2,59,2023-12-06,2024-01-04
2024-01-03,-0.36543734629923935,-1.1705271199726208,-0.6504133886872517,1,2018-03-29,2023-12-05,0,59,2023-12-06,2024-01-04
2024-01-04,-0.9724259515724781,-0.9380923139331465,-0.407110491199474,1,2018-03-29,2023-12-05,0,59,2023-12-06,2024-01-04
2024-01-05,-1.7044457541090432,-0.6514563164202933,-0.07474236870344508,3,2018-03-29,2024-01-04,0,60,2024-01-05,2024-02-02
2024-01-08,0.7594635021128484,-1.958049556518851,0.5215747538918708,1,2018-03-29,2024-01-04,2,60,2024-01-05,2024-02-02
2024-01-09,-0.9666422695504259,-0.9262072082461519,-0.7118521631321623,3,2018-03-29,2024-01-04,0,60,2024-01-05,2024-02-02
2024-01-10,-0.7433418286914906,-1.3395252850928654,0.49343642982914504,3,2018-03-29,2024-01-04,0,60,2024-01-05,2024-02-02
2024-01-11,-1.6498157218718021,-0.41636138227339453,-0.8203238827075814,3,2018-03-29,2024-01-04,0,60,2024-01-05,2024-02-02
2024-01-12,-1.5708472735917314,-0.8267106387824684,-0.19709875174809446,3,2018-03-29,2024-01-04,0,60,2024-01-05,2024-02-02
2024-01-16,-0.6224866383221626,-0.8951895850066462,-1.379448802473299,0,2018-03-29,2024-01-04,1,60,2024-01-05,2024-02-02
2024-01-17,-2.2521440644420734,0.057752135474370754,-0.8949394334273583,3,2018-03-29,2024-01-04,0,60,2024-01-05,2024-02-02
2024-01-18,-1.0548917599387317,-1.3135479709312425,0.5502131476504233,3,2018-03-29,2024-01-04,0,60,2024-01-05,2024-02-02
2024-01-19,-0.6859950034599346,-1.6893243519907508,0.7345408948361386,3,2018-03-29,2024-01-04,0,60,2024-01-05,2024-02-02
2024-01-22,-1.746821602505372,-1.0068227939120056,-0.044138515951542244,3,2018-03-29,2024-01-04,0,60,2024-01-05,2024-02-02
2024-01-23,-1.267803051714027,-1.6946144722494876,0.18284190814776358,3,2018-03-29,2024-01-04,0,60,2024-01-05,2024-02-02
2024-01-24,1.8482894039484274,-2.745374604569665,-0.26495055737432077,1,2018-03-29,2024-01-04,2,60,2024-01-05,2024-02-02
2024-01-25,-0.007873836340814053,-2.657900889936322,0.3676624688746052,1,2018-03-29,2024-01-04,2,60,2024-01-05,2024-02-02
2024-01-26,-1.707185067361242,-1.2895798487928927,-0.38091505269157994,3,2018-03-29,2024-01-04,0,60,2024-01-05,2024-02-02
2024-01-29,-2.096538955923578,-1.2057012584334366,0.47062730896788646,3,2018-03-29,2024-01-04,0,60,2024-01-05,2024-02-02
2024-01-30,0.9983423068465606,-2.4511117862538594,-0.4546429688498581,1,2018-03-29,2024-01-04,2,60,2024-01-05,2024-02-02
2024-01-31,0.04623880937600223,-1.0215919871765928,-2.1650064439677403,0,2018-03-29,2024-01-04,1,60,2024-01-05,2024-02-02
2024-02-01,-0.464669836230164,-1.5817912597966433,0.4460042019402887,3,2018-03-29,2024-01-04,0,60,2024-01-05,2024-02-02
2024-02-02,4.120650700482661,-3.0665545697218977,0.42507773440778995,1,2018-03-29,2024-01-04,2,60,2024-01-05,2024-02-02
2024-02-05,-0.18959597660212058,-1.0030877883664941,-1.4455438516650756,2,2018-03-29,2024-02-02,1,61,2024-02-05,2024-03-04
2024-02-06,-1.0829300887668292,-1.1853161653713644,0.4280743593873095,0,2018-03-29,2024-02-02,0,61,2024-02-05,2024-03-04
2024-02-07,-1.8194958014264688,-0.9543622973857651,1.0323779980330048,0,2018-03-29,2024-02-02,0,61,2024-02-05,2024-03-04
2024-02-08,-1.6807733154713762,-0.21688316893682674,-0.40330133403624047,0,2018-03-29,2024-02-02,0,61,2024-02-05,2024-03-04
2024-02-09,-0.12061520703187972,-1.1450426970818086,-0.6707876859933037,0,2018-03-29,2024-02-02,0,61,2024-02-05,2024-03-04
2024-02-12,-1.4082430239166785,-0.5879118514001906,0.08219516191976411,0,2018-03-29,2024-02-02,0,61,2024-02-05,2024-03-04
2024-02-13,-1.3479650132816265,0.3875406533019444,-1.9855090776349027,2,2018-03-29,2024-02-02,1,61,2024-02-05,2024-03-04
2024-02-14,-0.8058090035941832,-1.0077401672478732,0.44324694686680394,0,2018-03-29,2024-02-02,0,61,2024-02-05,2024-03-04
2024-02-15,-0.29695523939940033,-1.4845198218327966,0.9040441233328022,0,2018-03-29,2024-02-02,0,61,2024-02-05,2024-03-04
2024-02-16,-1.425418161088073,-0.07988748547467715,-0.5132561067577283,0,2018-03-29,2024-02-02,0,61,2024-02-05,2024-03-04
2024-02-20,-0.1657449184503542,-0.9831823076741318,-0.5743888621127958,0,2018-03-29,2024-02-02,0,61,2024-02-05,2024-03-04
2024-02-21,-1.0156512700187805,-0.8877199260002377,0.49226124518693143,0,2018-03-29,2024-02-02,0,61,2024-02-05,2024-03-04
2024-02-22,3.064086925588202,-2.8805494071405917,1.0634132931082627,1,2018-03-29,2024-02-02,2,61,2024-02-05,2024-03-04
2024-02-23,-2.4264019735983804,0.5849254318740403,0.41993847617700614,0,2018-03-29,2024-02-02,0,61,2024-02-05,2024-03-04
2024-02-26,-1.56332963400773,-0.1621425401840527,-0.9433546953041589,0,2018-03-29,2024-02-02,0,61,2024-02-05,2024-03-04
2024-02-27,-1.2405132805140164,-0.5868084447460717,-0.19633175837284006,0,2018-03-29,2024-02-02,0,61,2024-02-05,2024-03-04
2024-02-28,-1.7554880435660527,-0.22465660264225118,0.15856849390901917,0,2018-03-29,2024-02-02,0,61,2024-02-05,2024-03-04
2024-02-29,-1.1350237891776624,-0.8801308250806154,0.0058909734373828624,0,2018-03-29,2024-02-02,0,61,2024-02-05,2024-03-04
2024-03-01,-1.3742379944075347,-0.9426882439847525,-0.03152689941734571,0,2018-03-29,2024-02-02,0,61,2024-02-05,2024-03-04
2024-03-04,0.05402216186915183,-1.4446270482893404,-0.7692377821803749,1,2018-03-29,2024-02-02,2,61,2024-02-05,2024-03-04
2024-03-05,-1.034943758856104,-0.7699682077779604,-1.134409876976916,1,2018-03-29,2024-03-04,0,62,2024-03-05,2024-04-02
2024-03-06,-1.7850191921429832,-0.8892660583636837,0.0034119965189640853,1,2018-03-29,2024-03-04,0,62,2024-03-05,2024-04-02
2024-03-07,-0.825882224170298,-1.4964479479914383,0.3038766241959796,1,2018-03-29,2024-03-04,0,62,2024-03-05,2024-04-02
2024-03-08,-1.200124069089249,-0.8381015564824602,-0.7840091268910311,1,2018-03-29,2024-03-04,0,62,2024-03-05,2024-04-02
2024-03-11,-0.6954635620841032,-1.3355552224028695,-0.2776777179067017,1,2018-03-29,2024-03-04,0,62,2024-03-05,2024-04-02
2024-03-12,-0.0649994920479635,-1.7905499374314566,0.5847479780927632,1,2018-03-29,2024-03-04,0,62,2024-03-05,2024-04-02
2024-03-13,-0.9698222950715735,-1.1200076828219128,-0.4076259550142544,1,2018-03-29,2024-03-04,0,62,2024-03-05,2024-04-02
2024-03-14,-0.44921082324015166,-1.2224082419007767,-1.0102283455683303,1,2018-03-29,2024-03-04,0,62,2024-03-05,2024-04-02
2024-03-15,-0.5866025523500668,-0.8453327629016796,-2.2767359265669547,3,2018-03-29,2024-03-04,1,62,2024-03-05,2024-04-02
2024-03-18,-0.28741047878610626,-1.42080843273315,-0.07710263442635883,1,2018-03-29,2024-03-04,0,62,2024-03-05,2024-04-02
2024-03-19,-2.158510557005357,-0.7679287093226849,1.0549226029666392,1,2018-03-29,2024-03-04,0,62,2024-03-05,2024-04-02
2024-03-20,-1.5660841553748495,-1.1070971794896916,0.8520031032551519,1,2018-03-29,2024-03-04,0,62,2024-03-05,2024-04-02
2024-03-21,-0.27320736074003643,-1.77212164416925,-0.34021903449154856,1,2018-03-29,2024-03-04,0,62,2024-03-05,2024-04-02
2024-03-22,-1.076264915064601,-0.9922344911304304,-0.8728232215909957,1,2018-03-29,2024-03-04,0,62,2024-03-05,2024-04-02
2024-03-25,-1.100393394208272,-0.8239668975985884,-1.231464392204125,1,2018-03-29,2024-03-04,0,62,2024-03-05,2024-04-02
2024-03-26,-0.2568153062587997,-1.428638359693943,-0.91340675484283,1,2018-03-29,2024-03-04,0,62,2024-03-05,2024-04-02
2024-03-27,-0.17718451709283806,-2.0767754666072467,0.5238148949857168,1,2018-03-29,2024-03-04,0,62,2024-03-05,2024-04-02
2024-03-28,-2.041017436021509,-0.5560371401106281,0.16688435520071582,1,2018-03-29,2024-03-04,0,62,2024-03-05,2024-04-02
2024-04-01,-0.45703964651998197,-1.1739276806153864,-1.008837360593868,1,2018-03-29,2024-03-04,0,62,2024-03-05,2024-04-02
2024-04-02,-0.2054362450352147,-1.1124261508515059,-1.3794543656468945,3,2018-03-29,2024-03-04,1,62,2024-03-05,2024-04-02
2024-04-03,-0.7952816699333005,-1.4393824833142401,-0.28351379681372985,2,2018-03-29,2024-04-02,0,63,2024-04-03,2024-04-30
2024-04-04,-1.3623132581845823,-0.31032724266417794,-1.780569822553541,0,2018-03-29,2024-04-02,1,63,2024-04-03,2024-04-30
2024-04-05,-1.1589031977368796,-1.4908554615362113,1.13801757001747,2,2018-03-29,2024-04-02,0,63,2024-04-03,2024-04-30
2024-04-08,-1.793754913205987,-0.30912986814347215,-0.7571550978451794,2,2018-03-29,2024-04-02,0,63,2024-04-03,2024-04-30
2024-04-09,-2.3163021055442288,-0.44005796000607106,0.2667178907613753,2,2018-03-29,2024-04-02,0,63,2024-04-03,2024-04-30
2024-04-10,-0.6202604062287591,-1.0234703840439903,-0.9986891383531745,2,2018-03-29,2024-04-02,0,63,2024-04-03,2024-04-30
2024-04-11,0.2692159847590144,-1.5246978230493367,-0.38093420555076696,1,2018-03-29,2024-04-02,2,63,2024-04-03,2024-04-30
2024-04-12,-0.5369120886461914,-0.39345729650491085,-2.18141332790207,0,2018-03-29,2024-04-02,1,63,2024-04-03,2024-04-30
2024-04-15,-0.4248757870336413,-0.5044510379663789,-0.9191175413952621,0,2018-03-29,2024-04-02,1,63,2024-04-03,2024-04-30
2024-04-16,-0.15521788462868916,-0.7505240608586138,-1.6242160370177485,0,2018-03-29,2024-04-02,1,63,2024-04-03,2024-04-30
2024-04-17,-0.5753214876364908,-0.7360806943168304,-0.754958326461394,2,2018-03-29,2024-04-02,0,63,2024-04-03,2024-04-30
2024-04-18,-1.4768451885244087,-0.5750014878452392,-0.07569789030575373,2,2018-03-29,2024-04-02,0,63,2024-04-03,2024-04-30
2024-04-19,3.54954735802651,-2.3073897238222623,-0.3363960497851267,1,2018-03-29,2024-04-02,2,63,2024-04-03,2024-04-30
2024-04-22,-0.6870172647308642,-1.2245804437045533,0.8326922464947975,2,2018-03-29,2024-04-02,0,63,2024-04-03,2024-04-30
2024-04-23,-0.24791998627510595,-1.3474651948759941,0.9885268085240184,2,2018-03-29,2024-04-02,0,63,2024-04-03,2024-04-30
2024-04-24,-0.6589756672032505,-0.5817342589445381,-0.6024446255922453,2,2018-03-29,2024-04-02,0,63,2024-04-03,2024-04-30
2024-04-25,1.9987064551662759,-1.5993545680422807,-0.9294187337777055,1,2018-03-29,2024-04-02,2,63,2024-04-03,2024-04-30
2024-04-26,1.0929167983937722,-1.7583644951738064,0.4169044827223767,1,2018-03-29,2024-04-02,2,63,2024-04-03,2024-04-30
2024-04-29,-0.6234461813168528,-0.7297537466511878,0.037039923149808085,2,2018-03-29,2024-04-02,0,63,2024-04-03,2024-04-30
2024-04-30,-0.7312057631543467,0.42416596115886795,-2.2075569908607937,0,2018-03-29,2024-04-02,1,63,2024-04-03,2024-04-30
2024-05-01,-0.2268048062561516,-0.6708475478662121,-0.1495651159333092,0,2018-03-29,2024-04-30,0,64,2024-05-01,2024-05-29
2024-05-02,-0.839136956402446,-0.6173623305466366,0.7463711308067945,0,2018-03-29,2024-04-30,0,64,2024-05-01,2024-05-29
2024-05-03,0.5974513195623619,-1.1668992879871254,0.40559972121935756,3,2018-03-29,2024-04-30,2,64,2024-05-01,2024-05-29
2024-05-06,-0.9718187927067622,-0.5955968787451571,0.8502891214125329,0,2018-03-29,2024-04-30,0,64,2024-05-01,2024-05-29
2024-05-07,-1.2211817046588174,-0.16406453256481196,0.5648819020266045,0,2018-03-29,2024-04-30,0,64,2024-05-01,2024-05-29
2024-05-08,-2.201488059460885,0.7492132153705512,0.10969276607093423,0,2018-03-29,2024-04-30,0,64,2024-05-01,2024-05-29
2024-05-09,-1.6899413721841718,-0.3972159576148901,1.3691797344421617,0,2018-03-29,2024-04-30,0,64,2024-05-01,2024-05-29
2024-05-10,-2.083627817123927,0.028481936091687355,0.40635541000687797,0,2018-03-29,2024-04-30,0,64,2024-05-01,2024-05-29
2024-05-13,-1.3469249656440823,-0.08726640037887508,-0.44493346308325815,0,2018-03-29,2024-04-30,0,64,2024-05-01,2024-05-29
2024-05-14,-1.7936162375162579,0.06219116386283234,0.13598232437096086,0,2018-03-29,2024-04-30,0,64,2024-05-01,2024-05-29
2024-05-15,-1.3255210464266443,-0.6884286292128858,0.9055228721336358,0,2018-03-29,2024-04-30,0,64,2024-05-01,2024-05-29
2024-05-16,0.19317669238077761,-1.132413608022195,-0.36343741994484136,3,2018-03-29,2024-04-30,2,64,2024-05-01,2024-05-29
2024-05-17,-1.6179499112870828,-0.1690277787229601,0.6293790650564898,0,2018-03-29,2024-04-30,0,64,2024-05-01,2024-05-29
2024-05-20,0.0887894589573104,-0.6817315536920143,-1.062932595394937,1,2018-03-29,2024-04-30,1,64,2024-05-01,2024-05-29
2024-05-21,-0.7550778219378378,-0.6462040018632537,-0.13767895643820952,0,2018-03-29,2024-04-30,0,64,2024-05-01,2024-05-29
2024-05-22,-1.2646235167407753,-0.03817212020792101,-1.06376118367111,0,2018-03-29,2024-04-30,0,64,2024-05-01,2024-05-29
2024-05-23,1.0160342044371309,-0.8755373594428624,-1.9405097454760512,1,2018-03-29,2024-04-30,1,64,2024-05-01,2024-05-29
2024-05-24,-0.35870517816698205,-0.80040877683348,0.06163197806002617,0,2018-03-29,2024-04-30,0,64,2024-05-01,2024-05-29
2024-05-28,0.6852077191932618,-1.2341072062130805,-0.6260898009626676,3,2018-03-29,2024-04-30,2,64,2024-05-01,2024-05-29
2024-05-29,-0.9797233687557919,-0.15419266361595008,-1.6008742675881085,1,2018-03-29,2024-04-30,1,64,2024-05-01,2024-05-29
2024-05-30,0.07303818710982471,-0.990540833833486,-0.5364071294395898,2,2018-03-29,2024-05-29,0,65,2024-05-30,2024-06-27
2024-05-31,-0.07711764738246789,-1.4413495546966126,0.5229784692131344,2,2018-03-29,2024-05-29,0,65,2024-05-30,2024-06-27
2024-06-03,0.6338918983804133,-1.2591275948089702,-0.41489662671119387,0,2018-03-29,2024-05-29,2,65,2024-05-30,2024-06-27
2024-06-04,-0.6661506079594923,-0.950594263182744,-0.1155317682623928,2,2018-03-29,2024-05-29,0,65,2024-05-30,2024-06-27
2024-06-05,-0.1238278612569805,-1.3219798752843261,0.4454839191264158,2,2018-03-29,2024-05-29,0,65,2024-05-30,2024-06-27
2024-06-06,-1.7499703584647948,-0.07142112152595101,-0.1945772786658773,2,2018-03-29,2024-05-29,0,65,2024-05-30,2024-06-27
2024-06-07,-1.433403997667712,-0.23965711973331436,-0.7691471293300235,2,2018-03-29,2024-05-29,0,65,2024-05-30,2024-06-27
2024-06-10,-1.803346196875466,-0.5277634440003669,0.48845907713512393,2,2018-03-29,2024-05-29,0,65,2024-05-30,2024-06-27
2024-06-11,0.8435983494535687,-1.4491235826370705,-0.38983852284803805,0,2018-03-29,2024-05-29,2,65,2024-05-30,2024-06-27
2024-06-12,0.4210151213417616,-1.214648558021812,-0.571640721430475,0,2018-03-29,2024-05-29,2,65,2024-05-30,2024-06-27
2024-06-13,-1.0128575880025088,-0.6674992390779777,-0.3408775844070701,2,2018-03-29,2024-05-29,0,65,2024-05-30,2024-06-27
2024-06-14,-1.4530644827976342,-0.37616747167797543,-0.16784873369717526,2,2018-03-29,2024-05-29,0,65,2024-05-30,2024-06-27
2024-06-17,-1.73692970945534,-0.4404583837099075,0.574435785975683,2,2018-03-29,2024-05-29,0,65,2024-05-30,2024-06-27
2024-06-18,-1.1468021487459323,-0.8066385272160285,-0.14673855271235453,2,2018-03-29,2024-05-29,0,65,2024-05-30,2024-06-27
2024-06-20,0.13773536525477337,-1.3332643486882707,0.2181327653825514,0,2018-03-29,2024-05-29,2,65,2024-05-30,2024-06-27
2024-06-21,0.11232622451049348,-1.4218872112865468,-1.2300366684455855,1,2018-03-29,2024-05-29,1,65,2024-05-30,2024-06-27
2024-06-24,1.4080927667192134,-1.9398425608259233,0.5147261387143138,0,2018-03-29,2024-05-29,2,65,2024-05-30,2024-06-27
2024-06-25,1.2532213159502164,-1.5888590916129373,-1.2454056087204657,0,2018-03-29,2024-05-29,2,65,2024-05-30,2024-06-27
2024-06-26,-0.6904151958236137,-1.0654568252836232,-0.18028086355325215,2,2018-03-29,2024-05-29,0,65,2024-05-30,2024-06-27
2024-06-27,-1.4377852906002886,-0.9792749521148586,-0.19175482195550278,2,2018-03-29,2024-05-29,0,65,2024-05-30,2024-06-27
2024-06-28,0.6004040347228382,-1.6347202706293438,-1.2534274350339047,3,2018-03-29,2024-06-27,2,66,2024-06-28,2024-07-26
2024-07-01,-0.420552087630084,-1.3951189203449246,-0.21800856224644258,1,2018-03-29,2024-06-27,0,66,2024-06-28,2024-07-26
2024-07-02,-1.6174403358982035,-0.9732809804542334,-0.015040229873477855,1,2018-03-29,2024-06-27,0,66,2024-06-28,2024-07-26
2024-07-03,-1.0479161642368147,-1.1436434436845315,0.08872388188310508,1,2018-03-29,2024-06-27,0,66,2024-06-28,2024-07-26
2024-07-05,0.7772064967471717,-1.9540045893588132,-0.15296787592367744,3,2018-03-29,2024-06-27,2,66,2024-06-28,2024-07-26
2024-07-08,-1.5372407642346697,-0.9034009983596097,-0.8674540214517775,1,2018-03-29,2024-06-27,0,66,2024-06-28,2024-07-26
2024-07-09,-0.8234141565861554,-1.3069115293877287,-0.8241251881546514,1,2018-03-29,2024-06-27,0,66,2024-06-28,2024-07-26
2024-07-10,-1.8434568045375739,-1.4497071168627966,1.2881796821218163,1,2018-03-29,2024-06-27,0,66,2024-06-28,2024-07-26
2024-07-11,1.3667654569174823,-2.0829864837287593,-0.6674172132670764,3,2018-03-29,2024-06-27,2,66,2024-06-28,2024-07-26
2024-07-12,-0.9536562787254171,-1.3683264066639893,-0.2786498917033502,1,2018-03-29,2024-06-27,0,66,2024-06-28,2024-07-26
2024-07-15,-0.7633415376261615,-1.642570109275813,0.13052357380792348,1,2018-03-29,2024-06-27,0,66,2024-06-28,2024-07-26
2024-07-16,0.9088564172327568,-2.4032013555218614,0.3489812026901563,3,2018-03-29,2024-06-27,2,66,2024-06-28,2024-07-26
2024-07-17,2.6155125123066827,-2.679498306525239,-0.6714073255928907,3,2018-03-29,2024-06-27,2,66,2024-06-28,2024-07-26
2024-07-18,0.08433333729174596,-1.203301948043188,-1.8083952385251585,2,2018-03-29,2024-06-27,1,66,2024-06-28,2024-07-26
2024-07-19,-1.158717409783093,-0.49600100105046985,-1.1950273124160287,1,2018-03-29,2024-06-27,0,66,2024-06-28,2024-07-26
2024-07-22,-0.2789665372200634,-1.1615589519382579,-0.05455326702070228,1,2018-03-29,2024-06-27,0,66,2024-06-28,2024-07-26
2024-07-23,1.4360953316251757,-1.6389997524702975,-0.9410054111732113,3,2018-03-29,2024-06-27,2,66,2024-06-28,2024-07-26
2024-07-24,2.471178672500254,-1.5952074525634827,-1.3770659051630425,3,2018-03-29,2024-06-27,2,66,2024-06-28,2024-07-26
2024-07-25,0.07132196633283022,-0.8939165148308339,-1.1120518520930867,2,2018-03-29,2024-06-27,1,66,2024-06-28,2024-07-26
2024-07-26,-1.8600960765936143,-0.5017741995334811,0.6110094740616283,1,2018-03-29,2024-06-27,0,66,2024-06-28,2024-07-26
2024-07-29,-0.8676165293975571,-0.5045981025631897,-0.453174124862189,1,2018-03-29,2024-07-26,0,67,2024-07-29,2024-08-23
2024-07-30,1.9421176821595516,-1.8724717044137817,-0.3940460318143751,3,2018-03-29,2024-07-26,2,67,2024-07-29,2024-08-23
2024-07-31,2.6792421170470226,-2.1707091871456363,-0.0254211768935005,3,2018-03-29,2024-07-26,2,67,2024-07-29,2024-08-23
2024-08-01,3.2714733836320535,-2.1708794423819406,-2.5091687617792164,3,2018-03-29,2024-07-26,2,67,2024-07-29,2024-08-23
2024-08-02,3.727574778648958,-1.7333767918495289,-2.078670639597988,3,2018-03-29,2024-07-26,2,67,2024-07-29,2024-08-23
2024-08-05,0.5397729047742839,0.4431665221052209,-3.26287710826912,0,2018-03-29,2024-07-26,1,67,2024-07-29,2024-08-23
2024-08-06,0.10814125496566912,-0.2297199253318669,0.30287549826312654,1,2018-03-29,2024-07-26,0,67,2024-07-29,2024-08-23
2024-08-07,-0.37186110110605525,0.01904683741196932,-0.4797088890959133,1,2018-03-29,2024-07-26,0,67,2024-07-29,2024-08-23
2024-08-08,-0.5321777897398259,-0.2913174218647661,2.2519560312752147,1,2018-03-29,2024-07-26,0,67,2024-07-29,2024-08-23
2024-08-09,-1.8210010750912098,1.3279310414584187,0.9041179358684237,1,2018-03-29,2024-07-26,0,67,2024-07-29,2024-08-23
2024-08-12,-0.5581242501001057,0.41112304055359566,-0.3053823189186215,1,2018-03-29,2024-07-26,0,67,2024-07-29,2024-08-23
2024-08-13,0.6408965006232265,-0.5493268137941865,1.105252720898288,3,2018-03-29,2024-07-26,2,67,2024-07-29,2024-08-23
2024-08-14,-1.6442996840218158,0.7921466275541429,1.0021754371519551,1,2018-03-29,2024-07-26,0,67,2024-07-29,2024-08-23
2024-08-15,-0.3770997171747957,-0.48934191341828637,1.5670551272330184,1,2018-03-29,2024-07-26,0,67,2024-07-29,2024-08-23
2024-08-16,-1.8691136690539913,1.0160481168258624,0.6598963352695345,1,2018-03-29,2024-07-26,0,67,2024-07-29,2024-08-23
2024-08-19,-1.3199239727623417,0.15416407999352397,1.5142336806643322,1,2018-03-29,2024-07-26,0,67,2024-07-29,2024-08-23
2024-08-20,-0.19967016960487483,-0.06169911251913529,-0.13523027642183746,1,2018-03-29,2024-07-26,0,67,2024-07-29,2024-08-23
2024-08-21,-2.108270877943189,1.2715880926287901,0.43793680709992516,1,2018-03-29,2024-07-26,0,67,2024-07-29,2024-08-23
2024-08-22,-0.41860137179052154,0.1934574969506453,-0.46380801235442126,1,2018-03-29,2024-07-26,0,67,2024-07-29,2024-08-23
2024-08-23,-1.1750046086291754,-0.20351736475557095,1.4472821182642766,1,2018-03-29,2024-07-26,0,67,2024-07-29,2024-08-23
2024-08-26,-1.0084068818570593,0.19962086951426508,0.534686272252301,0,2018-03-29,2024-08-23,0,68,2024-08-26,2024-09-23
2024-08-27,-1.8580881506014522,1.0304014292583148,-0.04747155183063842,0,2018-03-29,2024-08-23,0,68,2024-08-26,2024-09-23
2024-08-28,-1.6625122460643615,1.1305460233887148,-0.7798789772416258,0,2018-03-29,2024-08-23,0,68,2024-08-26,2024-09-23
2024-08-29,-0.5043214656883243,-0.41488431674997867,1.1132814371349666,0,2018-03-29,2024-08-23,0,68,2024-08-26,2024-09-23
2024-08-30,-1.8647094382654985,0.4505672632700091,1.342386995038969,0,2018-03-29,2024-08-23,0,68,2024-08-26,2024-09-23
2024-09-03,2.0598353700342096,-1.0528583093881438,-1.91859375436651,3,2018-03-29,2024-08-23,2,68,2024-08-26,2024-09-23
2024-09-04,-1.4734495022199188,0.3719454658416472,-0.5556709755827692,0,2018-03-29,2024-08-23,0,68,2024-08-26,2024-09-23
2024-09-05,-0.9650656431395326,0.042628305824735674,-0.8970667015395692,1,2018-03-29,2024-08-23,1,68,2024-08-26,2024-09-23
2024-09-06,0.06898636489106891,-0.19353834167077266,-1.890199225662371,1,2018-03-29,2024-08-23,1,68,2024-08-26,2024-09-23
2024-09-09,-0.5306138991814755,-0.4925419689798672,0.8962352338422571,0,2018-03-29,2024-08-23,0,68,2024-08-26,2024-09-23
2024-09-10,1.418988330716758,-0.9171854280292615,-0.544019770128075,3,2018-03-29,2024-08-23,2,68,2024-08-26,2024-09-23
2024-09-11,1.561613328208733,-1.1208295829893413,0.09891277977063505,3,2018-03-29,2024-08-23,2,68,2024-08-26,2024-09-23
2024-09-12,-1.3876495587489255,0.3326067662791698,0.9444885260759218,0,2018-03-29,2024-08-23,0,68,2024-08-26,2024-09-23
2024-09-13,-1.9249333612938664,0.4388285079797114,0.5169382856658055,0,2018-03-29,2024-08-23,0,68,2024-08-26,2024-09-23
2024-09-16,-0.41566548610489584,-0.4770757205656349,0.7738135579034559,0,2018-03-29,2024-08-23,0,68,2024-08-26,2024-09-23
2024-09-17,-0.5795349039468004,-0.4412461776907383,0.49722777945394786,0,2018-03-29,2024-08-23,0,68,2024-08-26,2024-09-23
2024-09-18,-1.7878171130217626,0.24121954626937386,-0.4715487189528001,0,2018-03-29,2024-08-23,0,68,2024-08-26,2024-09-23
2024-09-19,1.3610876360413564,-1.3918822259898673,1.1438488034846832,3,2018-03-29,2024-08-23,2,68,2024-08-26,2024-09-23
2024-09-20,0.17708410466448926,-0.7476056235968103,-1.4880220186814828,1,2018-03-29,2024-08-23,1,68,2024-08-26,2024-09-23
2024-09-23,-1.4911808767490273,0.2051793663231468,0.11160559016764361,0,2018-03-29,2024-08-23,0,68,2024-08-26,2024-09-23
2024-09-24,-0.586729195085643,-0.6612562045779419,0.08841620227408409,1,2018-03-29,2024-09-23,0,69,2024-09-24,2024-10-21
2024-09-25,-0.1769224921005914,-0.4680252066854636,-0.8556849216030655,0,2018-03-29,2024-09-23,1,69,2024-09-24,2024-10-21
2024-09-26,0.27243533086812116,-0.7744361590731362,-0.6104990588206666,0,2018-03-29,2024-09-23,1,69,2024-09-24,2024-10-21
2024-09-27,-0.3747081477343422,-0.4347908097623271,0.5555770272681928,1,2018-03-29,2024-09-23,0,69,2024-09-24,2024-10-21
2024-09-30,-2.0616793687405903,0.3407403604136455,0.8422438339951299,1,2018-03-29,2024-09-23,0,69,2024-09-24,2024-10-21
2024-10-01,1.1377581891408308,-1.1303939882041376,-0.4691386165135164,3,2018-03-29,2024-09-23,2,69,2024-09-24,2024-10-21
2024-10-02,-1.3958004708658827,-0.2601816220617077,-0.12726752563548543,1,2018-03-29,2024-09-23,0,69,2024-09-24,2024-10-21
2024-10-03,-0.9382885462921075,-0.3749482145961433,-0.7355148757018809,1,2018-03-29,2024-09-23,0,69,2024-09-24,2024-10-21
2024-10-04,-0.6192748731944622,-0.9590296453568539,0.6053507235909115,1,2018-03-29,2024-09-23,0,69,2024-09-24,2024-10-21
2024-10-07,-0.6819046983813971,-0.5146160024889372,-1.4070804705218942,0,2018-03-29,2024-09-23,1,69,2024-09-24,2024-10-21
2024-10-08,0.874516989622546,-1.2897882158065919,0.39767676310193756,3,2018-03-29,2024-09-23,2,69,2024-09-24,2024-10-21
2024-10-09,-1.0503603970553086,-0.5196414840883746,1.2708414844344722,1,2018-03-29,2024-09-23,0,69,2024-09-24,2024-10-21
2024-10-10,-1.7850764067025173,-0.014019721222635164,-0.5778683575975831,1,2018-03-29,2024-09-23,0,69,2024-09-24,2024-10-21
2024-10-11,0.3392653147950925,-1.3270379279311066,1.1008436846460539,3,2018-03-29,2024-09-23,2,69,2024-09-24,2024-10-21
2024-10-14,-1.3059807273256177,-0.6790656595691791,0.346148705656667,1,2018-03-29,2024-09-23,0,69,2024-09-24,2024-10-21
2024-10-15,1.2769601932589674,-1.6160396114402145,-0.9948920021750353,3,2018-03-29,2024-09-23,2,69,2024-09-24,2024-10-21
2024-10-16,-1.1771527075010744,-0.6466917465542905,0.13118833402423166,1,2018-03-29,2024-09-23,0,69,2024-09-24,2024-10-21
2024-10-17,-1.68672625416764,-0.41829912446630474,-0.2310042117956627,1,2018-03-29,2024-09-23,0,69,2024-09-24,2024-10-21
2024-10-18,0.5584464241491446,-1.5815265591341903,0.8317560274417172,3,2018-03-29,2024-09-23,2,69,2024-09-24,2024-10-21
2024-10-21,-0.20812496440028547,-1.083104756179611,-0.8478812199582879,0,2018-03-29,2024-09-23,1,69,2024-09-24,2024-10-21
2024-10-22,-2.1689632317526875,-0.287980771435414,0.13461254656600363,0,2018-03-29,2024-10-21,0,70,2024-10-22,2024-11-18
2024-10-23,-0.07884679171355646,-0.9453924080665586,-1.751213832312911,2,2018-03-29,2024-10-21,1,70,2024-10-22,2024-11-18
2024-10-24,-0.8639564361774443,-0.945894337311751,-0.05884807417726209,0,2018-03-29,2024-10-21,0,70,2024-10-22,2024-11-18
2024-10-25,-0.7227210143640677,-0.7050818944117889,-0.7232765970560202,0,2018-03-29,2024-10-21,0,70,2024-10-22,2024-11-18
2024-10-28,-1.1751298311727953,-0.7235088697420913,0.26187397244112726,0,2018-03-29,2024-10-21,0,70,2024-10-22,2024-11-18
2024-10-29,-0.436206163721224,-1.0762461590279073,-0.7968874539645339,0,2018-03-29,2024-10-21,0,70,2024-10-22,2024-11-18
2024-10-30,-1.3724416966157562,-0.743509241201568,-0.6692154712247067,0,2018-03-29,2024-10-21,0,70,2024-10-22,2024-11-18
2024-10-31,2.2901440326314058,-1.945982622899059,-0.8895331557434816,3,2018-03-29,2024-10-21,2,70,2024-10-22,2024-11-18
2024-11-01,-0.5593187089349735,-1.1369222746302345,0.20690382666405907,0,2018-03-29,2024-10-21,0,70,2024-10-22,2024-11-18
2024-11-04,-0.7626775127196962,-0.619876425199095,-0.9152817351894329,0,2018-03-29,2024-10-21,0,70,2024-10-22,2024-11-18
2024-11-05,-1.7253407978620596,-0.5685303251531991,1.4302869665655273,0,2018-03-29,2024-10-21,0,70,2024-10-22,2024-11-18
2024-11-06,7.813120284743993,-3.824623281319971,1.581646206410782,3,2018-03-29,2024-10-21,2,70,2024-10-22,2024-11-18
2024-11-07,1.440462816120626,-1.628025916587494,0.3981084739029902,3,2018-03-29,2024-10-21,2,70,2024-10-22,2024-11-18
2024-11-08,-0.36374944267953674,-0.8398111518223539,-0.24855683741325765,0,2018-03-29,2024-10-21,0,70,2024-10-22,2024-11-18
2024-11-11,-0.2131054886927197,-0.8507268890826999,-0.41593794793319117,0,2018-03-29,2024-10-21,0,70,2024-10-22,2024-11-18
2024-11-12,-0.3611052808659269,-0.693989658030434,-0.5204615802502353,0,2018-03-29,2024-10-21,0,70,2024-10-22,2024-11-18
2024-11-13,-0.9872556582227263,-0.7209855966475502,0.12979401078947322,0,2018-03-29,2024-10-21,0,70,2024-10-22,2024-11-18
2024-11-14,-1.0390881921282533,-0.3909828577603845,-0.46887181021334684,0,2018-03-29,2024-10-21,0,70,2024-10-22,2024-11-18
2024-11-15,0.7955097637725187,-1.0924528278111367,-1.323028009977808,2,2018-03-29,2024-10-21,1,70,2024-10-22,2024-11-18
2024-11-18,-1.2191537097366505,-0.30651689145720856,0.18017375253760112,0,2018-03-29,2024-10-21,0,70,2024-10-22,2024-11-18
2024-11-19,0.2232658193738912,-0.9021527983199765,-0.2716641981955822,0,2018-03-29,2024-11-18,0,71,2024-11-19,2024-12-17
2024-11-20,-0.6851425561773746,-0.6744426175057705,0.05490046633838181,0,2018-03-29,2024-11-18,0,71,2024-11-19,2024-12-17
2024-11-21,-0.05599423995132584,-1.155246204573401,0.10585839913317095,0,2018-03-29,2024-11-18,0,71,2024-11-19,2024-12-17
2024-11-22,-0.05056444666855731,-1.1611428225042288,0.12553609423962636,0,2018-03-29,2024-11-18,0,71,2024-11-19,2024-12-17
2024-11-25,1.6627053394576936,-1.887456570973818,0.21626144473896805,1,2018-03-29,2024-11-18,2,71,2024-11-19,2024-12-17
2024-11-26,-1.3245036737798745,-0.7435952006282492,0.8210788064398645,0,2018-03-29,2024-11-18,0,71,2024-11-19,2024-12-17
2024-11-27,-2.000158746099956,0.23461655168946885,-0.36853330652224914,0,2018-03-29,2024-11-18,0,71,2024-11-19,2024-12-17
2024-11-29,-2.05694469955093,-0.17457936133134389,0.699967576827766,0,2018-03-29,2024-11-18,0,71,2024-11-19,2024-12-17
2024-12-02,-0.4397281711092415,-1.1366426287802256,-0.47292918449886606,0,2018-03-29,2024-11-18,0,71,2024-11-19,2024-12-17
2024-12-03,-0.24699603350568872,-1.3095218530897463,-0.5114728254997338,0,2018-03-29,2024-11-18,0,71,2024-11-19,2024-12-17
2024-12-04,0.44437563852885503,-1.632561725350379,-0.37634098353323203,1,2018-03-29,2024-11-18,2,71,2024-11-19,2024-12-17
2024-12-05,-1.0725256206947644,-1.507462155863789,0.1535544596276566,0,2018-03-29,2024-11-18,0,71,2024-11-19,2024-12-17
2024-12-06,0.12659245862920707,-1.8056281429339962,-0.2989369757294288,1,2018-03-29,2024-11-18,2,71,2024-11-19,2024-12-17
2024-12-09,-0.570526929129256,-1.592015077801583,-0.6282404438245622,0,2018-03-29,2024-11-18,0,71,2024-11-19,2024-12-17
2024-12-10,-0.11583156428097605,-1.633929581577985,-0.6435764309204643,0,2018-03-29,2024-11-18,0,71,2024-11-19,2024-12-17
2024-12-11,1.8875526784238483,-2.284742253708944,-0.3081661504352093,1,2018-03-29,2024-11-18,2,71,2024-11-19,2024-12-17
2024-12-12,-1.532028768877527,-1.0123617879324356,-1.3391809315519407,0,2018-03-29,2024-11-18,0,71,2024-11-19,2024-12-17
2024-12-13,-1.6532444539688125,-0.6306457550611627,-0.9253572038454375,0,2018-03-29,2024-11-18,0,71,2024-11-19,2024-12-17
2024-12-16,0.6097173236300135,-1.7157411638789104,-0.498584810581259,1,2018-03-29,2024-11-18,2,71,2024-11-19,2024-12-17
2024-12-17,-1.3430392745819717,-0.9128881386987614,-1.5085426757823903,3,2018-03-29,2024-11-18,1,71,2024-11-19,2024-12-17
2024-12-18,0.722138876162752,-0.9231908640271879,-2.9545168065528813,2,2018-03-29,2024-12-17,1,72,2024-12-18,2025-01-17
2024-12-19,-0.9299619118509741,-0.5500226010754913,-0.7639619880447067,1,2018-03-29,2024-12-17,0,72,2024-12-18,2025-01-17
2024-12-20,0.14289040935260572,-1.4094455492839801,0.19737378531213423,0,2018-03-29,2024-12-17,2,72,2024-12-18,2025-01-17
2024-12-23,-0.9741640047842691,-0.53796648985016,0.5566769170981813,1,2018-03-29,2024-12-17,0,72,2024-12-18,2025-01-17
2024-12-24,-2.1403151074935485,0.25113589041177214,1.8690626017661534,1,2018-03-29,2024-12-17,0,72,2024-12-18,2025-01-17
2024-12-26,-2.3789036220577873,0.6195579075939316,-0.016834598782840413,1,2018-03-29,2024-12-17,0,72,2024-12-18,2025-01-17
2024-12-27,-1.6831225046083924,0.5049209931305456,-1.6620522334081969,2,2018-03-29,2024-12-17,1,72,2024-12-18,2025-01-17
2024-12-30,-2.2947258031578093,1.1297107484885165,-1.8320846025239232,2,2018-03-29,2024-12-17,1,72,2024-12-18,2025-01-17
2024-12-31,-0.7309391999707457,-0.12056257947981594,-0.16667910794088994,1,2018-03-29,2024-12-17,0,72,2024-12-18,2025-01-17
2025-01-02,-1.1465645842921262,-0.2849792995372444,-0.448697507896883,1,2018-03-29,2024-12-17,0,72,2024-12-18,2025-01-17
2025-01-03,-1.5255253211689528,-0.0839295977709523,1.0343324408727834,1,2018-03-29,2024-12-17,0,72,2024-12-18,2025-01-17
2025-01-06,0.28666719019957265,-0.797458116912014,0.33910357518218054,0,2018-03-29,2024-12-17,2,72,2024-12-18,2025-01-17
2025-01-07,0.8778997531901969,-0.8582457076062515,-0.4048649399329755,0,2018-03-29,2024-12-17,2,72,2024-12-18,2025-01-17
2025-01-08,-1.179773084538808,0.012989029543317439,-0.3510332614221077,1,2018-03-29,2024-12-17,0,72,2024-12-18,2025-01-17
2025-01-10,0.2873397286819342,-0.35720829935476867,-1.7763731611906648,2,2018-03-29,2024-12-17,1,72,2024-12-18,2025-01-17
2025-01-13,0.3333435868954253,-0.5054739586330328,0.6173083216296396,1,2018-03-29,2024-12-17,0,72,2024-12-18,2025-01-17
2025-01-14,-0.38176933103802857,-0.12736578398522294,-0.044117212922130784,1,2018-03-29,2024-12-17,0,72,2024-12-18,2025-01-17
2025-01-15,0.6707723077624913,-0.905847771040424,1.592715370269167,0,2018-03-29,2024-12-17,2,72,2024-12-18,2025-01-17
2025-01-16,0.5400743881182719,-0.4909581903537424,-0.18534014896012826,0,2018-03-29,2024-12-17,2,72,2024-12-18,2025-01-17
2025-01-17,-0.48277862444331315,-0.21094418785105373,0.8369978868824405,1,2018-03-29,2024-12-17,0,72,2024-12-18,2025-01-17
2025-01-21,0.47160196919130454,-1.017382818578173,0.6438703792124845,1,2018-03-29,2025-01-17,2,73,2025-01-21,2025-02-18
2025-01-22,2.175037759473622,-1.5474897506863032,-0.20765259387904622,1,2018-03-29,2025-01-17,2,73,2025-01-21,2025-02-18
2025-01-23,-1.8465054485272836,0.12489158983102662,1.4636466532115848,3,2018-03-29,2025-01-17,0,73,2025-01-21,2025-02-18
2025-01-24,-0.9642767708194764,-0.3301163169385604,-0.6817885719246944,3,2018-03-29,2025-01-17,0,73,2025-01-21,2025-02-18
2025-01-27,6.222018292550365,-3.5378374246344837,-0.14502308718993076,1,2018-03-29,2025-01-17,2,73,2025-01-21,2025-02-18
2025-01-28,3.2613564793911665,-2.1606617735129765,-0.8368595286838002,1,2018-03-29,2025-01-17,2,73,2025-01-21,2025-02-18
2025-01-29,-1.0623988854510227,-0.5417628021701847,-0.39289128862365674,3,2018-03-29,2025-01-17,0,73,2025-01-21,2025-02-18
2025-01-30,4.099620277788229,-2.527107057983668,-0.037845883259020975,1,2018-03-29,2025-01-17,2,73,2025-01-21,2025-02-18
2025-01-31,0.6700441866604104,-1.1050403108781226,-1.8400363172324616,0,2018-03-29,2025-01-17,1,73,2025-01-21,2025-02-18
2025-02-03,0.12566140874612525,-0.800945552264348,-0.8669319534665099,0,2018-03-29,2025-01-17,1,73,2025-01-21,2025-02-18
2025-02-04,1.9194501842604208,-1.7850753399132833,0.7099496336063125,1,2018-03-29,2025-01-17,2,73,2025-01-21,2025-02-18
2025-02-05,0.7646472936219876,-1.0299993291405378,-0.07760746025332907,1,2018-03-29,2025-01-17,2,73,2025-01-21,2025-02-18
2025-02-06,0.5207584234080725,-1.0126024104219646,0.24848766565197808,1,2018-03-29,2025-01-17,2,73,2025-01-21,2025-02-18
2025-02-07,-1.0397157163499915,0.039800725158507785,-1.5104229734844115,0,2018-03-29,2025-01-17,1,73,2025-01-21,2025-02-18
2025-02-10,0.2245323069342486,-0.7353523582579197,1.0213878900665005,3,2018-03-29,2025-01-17,0,73,2025-01-21,2025-02-18
2025-02-11,-0.6686057402626296,-0.4552825591755103,0.4212055803513192,3,2018-03-29,2025-01-17,0,73,2025-01-21,2025-02-18
2025-02-12,0.3811978311790709,-0.5838652078034716,-1.1205145587775902,0,2018-03-29,2025-01-17,1,73,2025-01-21,2025-02-18
2025-02-13,-1.337852892771824,-0.24106248204651745,1.1867441534388163,3,2018-03-29,2025-01-17,0,73,2025-01-21,2025-02-18
2025-02-14,0.21537809386520354,-0.8887838517934971,-0.5090422440865865,3,2018-03-29,2025-01-17,0,73,2025-01-21,2025-02-18
2025-02-18,0.13874371238541525,-0.9157128808129918,-0.06015247856468674,3,2018-03-29,2025-01-17,0,73,2025-01-21,2025-02-18
2025-02-19,-0.48140076248781455,-0.5791128578138538,0.341589646669363,1,2018-03-29,2025-02-18,0,74,2025-02-19,2025-03-18
2025-02-20,1.5165340764620021,-1.2628925212349829,-0.4285570542481677,3,2018-03-29,2025-02-18,2,74,2025-02-19,2025-03-18
2025-02-21,0.41330119686218036,-0.8070648838946866,-1.844645897363631,2,2018-03-29,2025-02-18,1,74,2025-02-19,2025-03-18
2025-02-24,-0.6492936617013488,-0.24982094232237265,-1.0368902873492836,2,2018-03-29,2025-02-18,1,74,2025-02-19,2025-03-18
2025-02-25,1.0305578963378248,-0.8531476284303326,-0.1932146888942867,3,2018-03-29,2025-02-18,2,74,2025-02-19,2025-03-18
2025-02-26,-0.2023486953608417,-0.3403047506734004,-0.9733487525971878,2,2018-03-29,2025-02-18,1,74,2025-02-19,2025-03-18
2025-02-27,1.8730532241052342,-1.0625786256864236,-0.39171481753828014,3,2018-03-29,2025-02-18,2,74,2025-02-19,2025-03-18
2025-02-28,-0.6981005209750214,-0.21209217501372885,1.6970110136421193,1,2018-03-29,2025-02-18,0,74,2025-02-19,2025-03-18
2025-03-03,2.205881651801704,-0.6334138129230649,-1.9768733462210037,3,2018-03-29,2025-02-18,2,74,2025-02-19,2025-03-18
2025-03-04,2.0446270271400073,-0.46699797167669066,-1.886414795949707,2,2018-03-29,2025-02-18,1,74,2025-02-19,2025-03-18
2025-03-05,0.42908358413196723,-0.09435520712289887,0.7782947479699293,1,2018-03-29,2025-02-18,0,74,2025-02-19,2025-03-18
2025-03-06,3.0408030073687233,-0.807683760020097,-0.8784072942660508,3,2018-03-29,2025-02-18,2,74,2025-02-19,2025-03-18
2025-03-07,0.36367052832903185,-0.11352334418098022,0.3567049922960457,1,2018-03-29,2025-02-18,0,74,2025-02-19,2025-03-18
2025-03-10,3.604366497497812,-0.7975821570130043,-2.0908044627822795,3,2018-03-29,2025-02-18,2,74,2025-02-19,2025-03-18
2025-03-11,0.919517325213606,0.11780411217266189,-1.2834939965212198,2,2018-03-29,2025-02-18,1,74,2025-02-19,2025-03-18
2025-03-12,1.8388183803589848,-0.23585427781123308,-0.6041703112866335,3,2018-03-29,2025-02-18,2,74,2025-02-19,2025-03-18
2025-03-13,0.9300023321655155,0.4516462583881629,-1.5223095943578178,2,2018-03-29,2025-02-18,1,74,2025-02-19,2025-03-18
2025-03-14,0.1784030048277219,0.37893962061905884,1.8945317119347844,1,2018-03-29,2025-02-18,0,74,2025-02-19,2025-03-18
2025-03-17,-0.7220955388598385,0.834351580092342,1.1434183710953802,1,2018-03-29,2025-02-18,0,74,2025-02-19,2025-03-18
2025-03-18,0.41264598230126365,0.7275484810507948,-0.8949001988535058,2,2018-03-29,2025-02-18,1,74,2025-02-19,2025-03-18
2025-03-19,-0.5978106321216685,0.9312153512117575,0.8858387624993921,0,2018-03-29,2025-03-18,0,75,2025-03-19,2025-04-15
2025-03-20,-1.8816084040347203,2.0982522169664395,0.12102559630459915,0,2018-03-29,2025-03-18,0,75,2025-03-19,2025-04-15
2025-03-21,-0.43747865986284284,0.5317871371968934,-0.7618129619765146,2,2018-03-29,2025-03-18,1,75,2025-03-19,2025-04-15
2025-03-24,-0.1829212561823439,0.4693852524588111,1.5498235026813512,0,2018-03-29,2025-03-18,0,75,2025-03-19,2025-04-15
2025-03-25,1.0310896035763824,0.06625559194981252,0.28239165875604644,3,2018-03-29,2025-03-18,2,75,2025-03-19,2025-04-15
2025-03-26,1.4695485002724762,-0.10203570043789918,-0.14304549662426316,3,2018-03-29,2025-03-18,2,75,2025-03-19,2025-04-15
2025-03-27,-0.8641262077633565,1.1749810241408272,-0.5336820469262328,0,2018-03-29,2025-03-18,0,75,2025-03-19,2025-04-15
2025-03-28,1.5029293176210787,0.1965862010658679,-1.872381768618143,2,2018-03-29,2025-03-18,1,75,2025-03-19,2025-04-15
2025-03-31,-0.746673656351707,0.7214861989238295,1.0034784166592192,0,2018-03-29,2025-03-18,0,75,2025-03-19,2025-04-15
2025-04-01,1.2126148134238572,-0.14801280392331836,0.5572901135138953,3,2018-03-29,2025-03-18,2,75,2025-03-19,2025-04-15
2025-04-02,-1.2120468964745654,0.9910393242045059,0.40289756602703136,0,2018-03-29,2025-03-18,0,75,2025-03-19,2025-04-15
2025-04-03,8.221744366237687,-1.356192232022261,-2.9541508995893992,1,2018-03-29,2025-03-18,3,75,2025-03-19,2025-04-15
2025-04-04,2.7768855447518246,1.1417205719145969,-4.758793110017669,2,2018-03-29,2025-03-18,1,75,2025-03-19,2025-04-15
2025-04-07,1.8585567041228448,1.274502208640899,-0.9118508434271625,2,2018-03-29,2025-03-18,1,75,2025-03-19,2025-04-15
2025-04-08,1.6983812477592632,1.4331192528494752,-1.930312905523119,2,2018-03-29,2025-03-18,1,75,2025-03-19,2025-04-15
2025-04-09,8.454303503495225,-0.6046161638719506,6.198779487450509,1,2018-03-29,2025-03-18,3,75,2025-03-19,2025-04-15
2025-04-10,5.689144938647719,0.8529040256949735,-2.6511761768974504,1,2018-03-29,2025-03-18,3,75,2025-03-19,2025-04-15
2025-04-11,0.3465420998536232,3.2526477556801723,1.8305000786670915,0,2018-03-29,2025-03-18,0,75,2025-03-19,2025-04-15
2025-04-14,-0.04845199533219023,3.4260689308620678,0.6338266058769899,0,2018-03-29,2025-03-18,0,75,2025-03-19,2025-04-15
2025-04-15,0.8669538367965415,2.9546297437601767,-1.2170283286523897,2,2018-03-29,2025-03-18,1,75,2025-03-19,2025-04-15
2025-04-16,2.464666226643285,2.7618554294121713,-1.6157214676939649,1,2018-03-29,2025-04-15,1,76,2025-04-16,2025-05-14
2025-04-17,6.944474072731122,0.5448908391820557,1.1934213252961308,0,2018-03-29,2025-04-15,3,76,2025-04-16,2025-05-14
2025-04-21,0.1882376410860896,3.931784194248977,-2.1509834320958743,1,2018-03-29,2025-04-15,1,76,2025-04-16,2025-05-14
2025-04-22,0.2890816258623992,4.26250449782228,2.7449886482181047,3,2018-03-29,2025-04-15,0,76,2025-04-16,2025-05-14
2025-04-23,1.558040646051839,3.10009384765037,0.9404012645598252,2,2018-03-29,2025-04-15,2,76,2025-04-16,2025-05-14
2025-04-24,1.9635490713052832,2.8351217250267626,1.7780562114979013,2,2018-03-29,2025-04-15,2,76,2025-04-16,2025-05-14
2025-04-25,0.6923209245063793,3.6279128352429413,0.04000872936575932,1,2018-03-29,2025-04-15,1,76,2025-04-16,2025-05-14
2025-04-28,-1.1908289803776506,6.361449715245835,0.5255965836032633,3,2018-03-29,2025-04-15,0,76,2025-04-16,2025-05-14
2025-04-29,0.01594039072348346,3.699695911235099,0.7870784027453781,3,2018-03-29,2025-04-15,0,76,2025-04-16,2025-05-14
2025-04-30,0.7496955492833014,3.775744631113535,-0.27144723539962257,1,2018-03-29,2025-04-15,1,76,2025-04-16,2025-05-14
2025-05-01,2.8055954820251783,2.063230027565509,0.935263874559878,2,2018-03-29,2025-04-15,2,76,2025-04-16,2025-05-14
2025-05-02,0.3292828068020488,2.8753918118200814,1.6041898081616364,3,2018-03-29,2025-04-15,0,76,2025-04-16,2025-05-14
2025-05-05,0.23779103241513685,2.7985695453702077,-0.45928866886817116,1,2018-03-29,2025-04-15,1,76,2025-04-16,2025-05-14
2025-05-06,0.062374392888134574,3.0960948200047334,-0.8352820505572734,1,2018-03-29,2025-04-15,1,76,2025-04-16,2025-05-14
2025-05-07,0.30465797006448225,2.1010133413246352,1.034868206025794,3,2018-03-29,2025-04-15,0,76,2025-04-16,2025-05-14
2025-05-08,0.24349216190549788,1.2979783145341248,0.635021264274666,3,2018-03-29,2025-04-15,0,76,2025-04-16,2025-05-14
2025-05-09,-1.2505566038700335,2.1628399582743176,-0.5433976464305691,3,2018-03-29,2025-04-15,0,76,2025-04-16,2025-05-14
2025-05-12,2.002360069166084,-0.24138851628430918,2.535174566666383,2,2018-03-29,2025-04-15,2,76,2025-04-16,2025-05-14
2025-05-13,7.0347876717111095,-1.3878413180409002,0.4208072280094678,0,2018-03-29,2025-04-15,3,76,2025-04-16,2025-05-14
2025-05-14,1.0644645247258429,0.37539403437061314,-0.34077397715280355,2,2018-03-29,2025-04-15,2,76,2025-04-16,2025-05-14
2025-05-15,1.8521491831610337,-0.35114666970303615,0.447782397820123,0,2018-03-29,2025-05-14,2,77,2025-05-15,2025-06-12
2025-05-16,0.02059986278773021,0.6422302918593712,1.1169570218296283,1,2018-03-29,2025-05-14,0,77,2025-05-15,2025-06-12
2025-05-19,1.462563348738994,-0.4345232542143505,0.11073512959929474,0,2018-03-29,2025-05-14,2,77,2025-05-15,2025-06-12
2025-05-20,-0.9929593105426493,0.7568839325866501,-1.0858520471881532,2,2018-03-29,2025-05-14,1,77,2025-05-15,2025-06-12
2025-05-21,0.45943111820336024,-0.03738792407654069,-1.968389324570729,2,2018-03-29,2025-05-14,1,77,2025-05-15,2025-06-12
2025-05-22,-1.2595378455187696,0.7251334687951022,-0.4346915943680397,1,2018-03-29,2025-05-14,0,77,2025-05-15,2025-06-12
2025-05-23,-0.8751633221858593,0.6518187599918296,-0.8650720928380354,2,2018-03-29,2025-05-14,1,77,2025-05-15,2025-06-12
2025-05-27,-0.5304899360309433,0.5382510709347668,1.8066276138889485,1,2018-03-29,2025-05-14,0,77,2025-05-15,2025-06-12
2025-05-28,-1.8868773504103251,1.7491178687148548,-1.7161292682967297,2,2018-03-29,2025-05-14,1,77,2025-05-15,2025-06-12
2025-05-29,-1.409133283029799,0.8619002823674975,0.7307029589859022,1,2018-03-29,2025-05-14,0,77,2025-05-15,2025-06-12
2025-05-30,-0.5483915045454666,0.14535123816871376,-0.5308460766717579,1,2018-03-29,2025-05-14,0,77,2025-05-15,2025-06-12
2025-06-02,-1.2481477732907578,0.39693519506121605,0.22121736518957882,1,2018-03-29,2025-05-14,0,77,2025-05-15,2025-06-12
2025-06-03,-0.8339133444516711,0.21686279372581113,0.27798352276294497,1,2018-03-29,2025-05-14,0,77,2025-05-15,2025-06-12
2025-06-04,-0.11147449303654533,-0.1871561081031131,-0.30559207100619595,1,2018-03-29,2025-05-14,0,77,2025-05-15,2025-06-12
2025-06-05,-1.4155445810971543,0.34304129883777057,-1.1758849790424362,2,2018-03-29,2025-05-14,1,77,2025-05-15,2025-06-12
2025-06-06,-1.1524941870741408,0.11443524528766498,1.4577776155209192,1,2018-03-29,2025-05-14,0,77,2025-05-15,2025-06-12
2025-06-09,-1.882918850638566,0.32794024955776224,-0.14601368944376406,1,2018-03-29,2025-05-14,0,77,2025-05-15,2025-06-12
2025-06-10,-0.7991814508290211,-0.48478212520344377,1.135947525983544,1,2018-03-29,2025-05-14,0,77,2025-05-15,2025-06-12
2025-06-11,-0.3814362032756412,-0.6351187267012169,-0.5011595530020708,1,2018-03-29,2025-05-14,0,77,2025-05-15,2025-06-12
2025-06-12,-1.3484782622003864,-0.03527551107692568,0.6860638678285733,1,2018-03-29,2025-05-14,0,77,2025-05-15,2025-06-12
2025-06-13,-0.1651428567656754,-0.5555858451013831,-1.5079094170863978,0,2018-03-29,2025-06-12,1,78,2025-06-13,2025-07-14
2025-06-16,-0.462840596562968,-0.5835781592770106,0.5620450697573692,2,2018-03-29,2025-06-12,0,78,2025-06-13,2025-07-14
2025-06-17,-0.6472139360347479,-0.22513582206365393,-1.3946162378662916,0,2018-03-29,2025-06-12,1,78,2025-06-13,2025-07-14
2025-06-18,-0.5772250937840596,-0.2605113151257322,-0.39402761801278763,2,2018-03-29,2025-06-12,0,78,2025-06-13,2025-07-14
2025-06-20,0.09640189598567626,-1.0805695497917644,-0.5115114533376638,1,2018-03-29,2025-06-12,2,78,2025-06-13,2025-07-14
2025-06-23,0.5563448464758387,-1.0573008221517606,0.7616139260286213,1,2018-03-29,2025-06-12,2,78,2025-06-13,2025-07-14
2025-06-24,0.7322684310430672,-1.2065774453070477,0.7033247695168938,1,2018-03-29,2025-06-12,2,78,2025-06-13,2025-07-14
2025-06-25,-0.5107332547416029,-0.9705531454533649,-0.3365344414134955,2,2018-03-29,2025-06-12,0,78,2025-06-13,2025-07-14
2025-06-26,-0.2912417104922834,-1.153466884851832,0.9090233478876705,2,2018-03-29,2025-06-12,0,78,2025-06-13,2025-07-14
2025-06-27,-0.2320885981532643,-1.33913672353697,0.5202071034833935,2,2018-03-29,2025-06-12,0,78,2025-06-13,2025-07-14
2025-06-30,-1.3348965137870543,-0.5529917338833891,0.5239333443827716,2,2018-03-29,2025-06-12,0,78,2025-06-13,2025-07-14
2025-07-01,1.444100321708426,-2.0631436997171986,1.1829161221256026,1,2018-03-29,2025-06-12,2,78,2025-06-13,2025-07-14
2025-07-02,-0.018708243547490646,-1.9593216190425782,0.4577629843308126,1,2018-03-29,2025-06-12,2,78,2025-06-13,2025-07-14
2025-07-03,-2.048248316244298,-1.0755252769971486,0.7821682117187507,2,2018-03-29,2025-06-12,0,78,2025-06-13,2025-07-14
2025-07-07,-1.8425845154231881,-1.094566559267137,-1.6498083803418058,0,2018-03-29,2025-06-12,1,78,2025-06-13,2025-07-14
2025-07-08,1.8736144776160384,-2.160592165720294,-0.09894881523777402,1,2018-03-29,2025-06-12,2,78,2025-06-13,2025-07-14
2025-07-09,-1.1897503643584983,-1.385732866088907,0.14829263963088596,2,2018-03-29,2025-06-12,0,78,2025-06-13,2025-07-14
2025-07-10,-1.1409750302412665,-1.3088320269640752,0.6073964388264895,2,2018-03-29,2025-06-12,0,78,2025-06-13,2025-07-14
2025-07-11,-2.0198867426523623,-0.7199297428375604,-0.42728291042946404,2,2018-03-29,2025-06-12,0,78,2025-06-13,2025-07-14
2025-07-14,-0.8786470400029072,-1.3533831603809958,-0.27331054167582175,2,2018-03-29,2025-06-12,0,78,2025-06-13,2025-07-14
2025-07-15,-0.27556928787886115,-1.4701588333612852,-1.1177452187175916,1,2018-03-29,2025-07-14,1,79,2025-07-15,2025-08-11
2025-07-16,-0.1823354786660777,-1.7710301681588958,-0.1178194801980834,2,2018-03-29,2025-07-14,0,79,2025-07-15,2025-08-11
2025-07-17,-1.4592086850156858,-1.3633379228315206,0.5353637921236143,2,2018-03-29,2025-07-14,0,79,2025-07-15,2025-08-11
2025-07-18,-0.7754263361238873,-1.4885638761921107,-0.7236371831629653,2,2018-03-29,2025-07-14,0,79,2025-07-15,2025-08-11
2025-07-21,-1.57293508008818,-0.6919879871990494,0.23433054168598463,2,2018-03-29,2025-07-14,0,79,2025-07-15,2025-08-11
2025-07-22,-0.22036068083723265,-1.453616751048971,0.8285793841324707,2,2018-03-29,2025-07-14,0,79,2025-07-15,2025-08-11
2025-07-23,-0.9716043977998681,-1.137044320929947,1.1072435776764866,2,2018-03-29,2025-07-14,0,79,2025-07-15,2025-08-11
2025-07-24,0.24293094277012495,-1.7638497243289468,0.2365740449519165,0,2018-03-29,2025-07-14,2,79,2025-07-15,2025-08-11
2025-07-25,-2.393300471934518,-0.2177848580730796,0.30504764193532347,2,2018-03-29,2025-07-14,0,79,2025-07-15,2025-08-11
2025-07-28,-1.6484485534642312,-0.824062678262684,0.06120146652006416,2,2018-03-29,2025-07-14,0,79,2025-07-15,2025-08-11
2025-07-29,1.9717602468115993,-2.0468103098984627,-0.3769888803075178,0,2018-03-29,2025-07-14,2,79,2025-07-15,2025-08-11
2025-07-30,-1.0366543513498483,-1.0582703253826318,-0.5289157971272226,2,2018-03-29,2025-07-14,0,79,2025-07-15,2025-08-11
2025-07-31,2.836205083375598,-2.303991323489105,-0.927568984073786,0,2018-03-29,2025-07-14,2,79,2025-07-15,2025-08-11
2025-08-01,0.9046558957934453,-1.8360105123251838,-1.7286668533394427,1,2018-03-29,2025-07-14,1,79,2025-07-15,2025-08-11
2025-08-04,-0.2363389800035596,-1.2386479510464994,1.4749078913802298,2,2018-03-29,2025-07-14,0,79,2025-07-15,2025-08-11
2025-08-05,-0.48662427495540533,-0.9809712826679152,-0.26265941845520435,2,2018-03-29,2025-07-14,0,79,2025-07-15,2025-08-11
2025-08-06,0.5103391174814914,-1.410835746687771,0.4329992240709403,0,2018-03-29,2025-07-14,2,79,2025-07-15,2025-08-11
2025-08-07,-1.0492557082974312,-0.5828623475097521,-0.18090883079354317,2,2018-03-29,2025-07-14,0,79,2025-07-15,2025-08-11
2025-08-08,-0.9567104078300976,-0.7095158085941048,1.1728458141492581,2,2018-03-29,2025-07-14,0,79,2025-07-15,2025-08-11
2025-08-11,-2.0502768252573325,0.3073581914736949,-0.6208322963421378,2,2018-03-29,2025-07-14,0,79,2025-07-15,2025-08-11
2025-08-12,-0.8279168373987142,-0.8007681182054363,1.3077749633376856,0,2018-03-29,2025-08-11,0,80,2025-08-12,2025-09-09
2025-08-13,0.32589846971952874,-1.089462953137404,0.592178688709931,3,2018-03-29,2025-08-11,2,80,2025-08-12,2025-09-09
2025-08-14,-1.3700314712541835,-0.4440277486979418,0.17999165828527913,0,2018-03-29,2025-08-11,0,80,2025-08-12,2025-09-09
2025-08-15,2.493471382841102,-1.803807398401438,0.34447020766592157,3,2018-03-29,2025-08-11,2,80,2025-08-12,2025-09-09
2025-08-18,-1.7173481314612637,-0.5003387559983761,-0.17093132954493623,0,2018-03-29,2025-08-11,0,80,2025-08-12,2025-09-09
2025-08-19,-0.10289403264041919,-1.2439986518255588,-0.15405093207360618,3,2018-03-29,2025-08-11,2,80,2025-08-12,2025-09-09
2025-08-20,-1.2401994280123962,-0.8567087839648336,-0.18650960452197074,0,2018-03-29,2025-08-11,0,80,2025-08-12,2025-09-09
2025-08-21,-0.9335189038616537,-0.7586052892652089,-0.6437005226870609,0,2018-03-29,2025-08-11,0,80,2025-08-12,2025-09-09
2025-08-22,0.2792114500657639,-1.4344671679827343,1.6565146059404297,3,2018-03-29,2025-08-11,2,80,2025-08-12,2025-09-09
2025-08-25,-1.2184653773237677,-0.44482934141761504,-1.013154118688601,0,2018-03-29,2025-08-11,0,80,2025-08-12,2025-09-09
2025-08-26,-1.453016242701097,-0.32679208340275284,-0.4627122749794864,0,2018-03-29,2025-08-11,0,80,2025-08-12,2025-09-09
2025-08-27,-2.242959881320312,0.20119742578613714,0.6584240463389903,0,2018-03-29,2025-08-11,0,80,2025-08-12,2025-09-09
2025-08-28,-1.7982371203969794,-0.20308018043597093,0.3936681948737141,0,2018-03-29,2025-08-11,0,80,2025-08-12,2025-09-09
2025-08-29,-0.4308504146127012,-1.2110062605878387,0.17787644982893863,0,2018-03-29,2025-08-11,0,80,2025-08-12,2025-09-09
2025-09-02,-1.2287756582330154,-0.9993186326751957,-0.5210477255496343,0,2018-03-29,2025-08-11,0,80,2025-08-12,2025-09-09
2025-09-03,2.232113321067357,-2.0043907312692344,0.113914841964493,3,2018-03-29,2025-08-11,2,80,2025-08-12,2025-09-09
2025-09-04,-1.327785445503975,-0.9967836358760757,1.274656836580191,0,2018-03-29,2025-08-11,0,80,2025-08-12,2025-09-09
2025-09-05,0.31350671096441973,-1.3997629767269522,-0.9985472369691971,1,2018-03-29,2025-08-11,1,80,2025-08-12,2025-09-09
2025-09-08,-2.0717356102463897,-0.6224944351044606,-0.44514654329893905,0,2018-03-29,2025-08-11,0,80,2025-08-12,2025-09-09
2025-09-09,0.35797897357486663,-1.5474692463674604,1.1287730957982336,3,2018-03-29,2025-08-11,2,80,2025-08-12,2025-09-09
2025-09-10,0.4274822014411168,-1.523191701279128,-0.6471573605775723,1,2018-03-29,2025-09-09,2,81,2025-09-10,2025-10-07
2025-09-11,-0.7672204900611633,-1.1190796042370217,0.9394721114779596,0,2018-03-29,2025-09-09,0,81,2025-09-10,2025-10-07
2025-09-12,-1.1372921002232186,-0.9060885101862131,-0.6411914624846378,0,2018-03-29,2025-09-09,0,81,2025-09-10,2025-10-07
2025-09-15,-0.8123620333061069,-1.0668496802877159,0.49805585068972213,0,2018-03-29,2025-09-09,0,81,2025-09-10,2025-10-07
2025-09-16,-0.7630629687902422,-1.1438986090450838,0.24147424144107102,0,2018-03-29,2025-09-09,0,81,2025-09-10,2025-10-07
2025-09-17,-1.2110481480244712,-1.082013969046055,0.49496901239414043,0,2018-03-29,2025-09-09,0,81,2025-09-10,2025-10-07
2025-09-18,-0.5106795746476233,-1.2306349831069425,-0.34370501719097624,0,2018-03-29,2025-09-09,0,81,2025-09-10,2025-10-07
2025-09-19,0.4001390619358587,-1.9692538298763984,-0.7889173075463997,1,2018-03-29,2025-09-09,2,81,2025-09-10,2025-10-07
2025-09-22,-0.2393007825013124,-1.3865751214586854,-0.25686765337392253,0,2018-03-29,2025-09-09,0,81,2025-09-10,2025-10-07
2025-09-23,-0.5016126428190141,-1.347995152419834,-0.4144392971116956,0,2018-03-29,2025-09-09,0,81,2025-09-10,2025-10-07
2025-09-24,-1.4621745558713026,-0.8276030030808474,-0.4166000755316187,0,2018-03-29,2025-09-09,0,81,2025-09-10,2025-10-07
2025-09-25,-0.9042591322239913,-1.071582966784812,-0.5470426097364889,0,2018-03-29,2025-09-09,0,81,2025-09-10,2025-10-07
2025-09-26,-2.2611249223398753,-0.3537234355933568,0.8676373654839361,0,2018-03-29,2025-09-09,0,81,2025-09-10,2025-10-07
2025-09-29,-0.25688413776727204,-1.1572351742898674,-0.06520437943317357,0,2018-03-29,2025-09-09,0,81,2025-09-10,2025-10-07
2025-09-30,0.5964002791321846,-1.618096205412236,-0.14252542620190006,1,2018-03-29,2025-09-09,2,81,2025-09-10,2025-10-07
2025-10-01,0.8142265508264546,-1.6537898430200437,-0.06887433666354599,1,2018-03-29,2025-09-09,2,81,2025-09-10,2025-10-07
2025-10-02,-1.0275475608619402,-1.0673103787864127,-0.572924032485782,0,2018-03-29,2025-09-09,0,81,2025-09-10,2025-10-07
2025-10-03,-1.3576849502850932,-1.0607113503896963,0.5795394717734735,0,2018-03-29,2025-09-09,0,81,2025-09-10,2025-10-07
2025-10-06,-1.3282696688526787,-1.0778217889760477,-0.30514160034641197,0,2018-03-29,2025-09-09,0,81,2025-09-10,2025-10-07
2025-10-07,-1.497384469931058,-1.169681969303304,-0.35688863494044815,0,2018-03-29,2025-09-09,0,81,2025-09-10,2025-10-07
2025-10-08,-0.7087481234067521,-1.5040021925996119,-0.23950027926404077,1,2018-03-29,2025-10-07,0,82,2025-10-08,2025-11-04
2025-10-09,-0.9629637925814963,-1.470226771944551,-0.6582322027394055,1,2018-03-29,2025-10-07,0,82,2025-10-08,2025-11-04
2025-10-10,0.5915499580682914,-1.5096012021238663,-2.464987818711742,2,2018-03-29,2025-10-07,1,82,2025-10-08,2025-11-04
2025-10-13,-0.8191212842722013,-1.063883218374181,1.308004484117819,1,2018-03-29,2025-10-07,0,82,2025-10-08,2025-11-04
2025-10-14,1.29746511159589,-1.81142752401065,0.23915309608975038,0,2018-03-29,2025-10-07,2,82,2025-10-08,2025-11-04
2025-10-15,-0.6885311420310839,-1.1018432573143149,-0.10689060329523639,1,2018-03-29,2025-10-07,0,82,2025-10-08,2025-11-04
2025-10-16,-0.020350975548913845,-1.111922541631764,-0.8226419099901764,2,2018-03-29,2025-10-07,1,82,2025-10-08,2025-11-04
2025-10-17,-1.6498397438510706,-0.3920183863936552,0.8522724002948668,1,2018-03-29,2025-10-07,0,82,2025-10-08,2025-11-04
2025-10-20,-0.9890614587316587,-0.7281238599352478,1.239253434301748,1,2018-03-29,2025-10-07,0,82,2025-10-08,2025-11-04
2025-10-21,-0.7797068858197281,-0.850771550165917,-0.12019635569370879,1,2018-03-29,2025-10-07,0,82,2025-10-08,2025-11-04
2025-10-22,1.2946876824551972,-1.5112097714243335,-0.6859119528930416,0,2018-03-29,2025-10-07,2,82,2025-10-08,2025-11-04
2025-10-23,0.04983298274491797,-1.1782513170362667,0.5326287882875095,0,2018-03-29,2025-10-07,2,82,2025-10-08,2025-11-04
2025-10-24,0.39173084050676504,-1.4157975799852436,0.34260805285199786,0,2018-03-29,2025-10-07,2,82,2025-10-08,2025-11-04
2025-10-27,-0.9047219770560722,-0.8872007776724042,0.9839613368895538,1,2018-03-29,2025-10-07,0,82,2025-10-08,2025-11-04
2025-10-28,0.6279624618620212,-1.4161355219095637,0.25856795172390934,0,2018-03-29,2025-10-07,2,82,2025-10-08,2025-11-04
2025-10-29,2.2664414089519327,-1.9004903998053815,0.2541291410209833,0,2018-03-29,2025-10-07,2,82,2025-10-08,2025-11-04
2025-10-30,1.3883198595022614,-1.5801839307635106,-0.5733984616884548,0,2018-03-29,2025-10-07,2,82,2025-10-08,2025-11-04
2025-10-31,0.8110373567653819,-1.5484258839941059,-0.16447621518198852,0,2018-03-29,2025-10-07,2,82,2025-10-08,2025-11-04
2025-11-03,0.2832509987503039,-0.9418089474990367,-1.3040700393240998,2,2018-03-29,2025-10-07,1,82,2025-10-08,2025-11-04
2025-11-04,-0.3172709777009762,-0.8044480259814887,-0.8985566504482596,2,2018-03-29,2025-10-07,1,82,2025-10-08,2025-11-04
2025-11-05,-0.3547672299419314,-0.6766061828866013,-0.32376284609400513,3,2018-03-29,2025-11-04,0,83,2025-11-05,2025-12-03
2025-11-06,-0.15106885044599688,-0.6061896782330571,-0.48455004262026974,3,2018-03-29,2025-11-04,0,83,2025-11-05,2025-12-03
2025-11-07,-1.1596780788645413,-0.35711505924071496,0.5027902731151872,3,2018-03-29,2025-11-04,0,83,2025-11-05,2025-12-03
2025-11-10,0.026195697978066437,-1.0036765519585964,0.9735136535420353,1,2018-03-29,2025-11-04,2,83,2025-11-05,2025-12-03
2025-11-11,-0.4213129665533686,-0.7217132179050211,1.6673279745549356,3,2018-03-29,2025-11-04,0,83,2025-11-05,2025-12-03
2025-11-12,0.1816114549575666,-0.9674791609920286,0.18875437684913665,1,2018-03-29,2025-11-04,2,83,2025-11-05,2025-12-03
2025-11-13,0.4748548534128518,-0.9501321862811672,-1.21119875442912,0,2018-03-29,2025-11-04,1,83,2025-11-05,2025-12-03
2025-11-14,0.04654396144325242,-0.8817860130136499,-0.5883733528068705,0,2018-03-29,2025-11-04,1,83,2025-11-05,2025-12-03
2025-11-17,-0.4335877729418878,-0.5754463222009838,-1.8361123166274202,0,2018-03-29,2025-11-04,1,83,2025-11-05,2025-12-03
2025-11-18,1.6980126008751186,-1.3929554951948895,-0.7879128974702977,1,2018-03-29,2025-11-04,2,83,2025-11-05,2025-12-03
2025-11-19,-0.29421224632656573,-0.6416895685883504,-0.7018613853522386,0,2018-03-29,2025-11-04,1,83,2025-11-05,2025-12-03
2025-11-20,1.262258326949553,-1.0565699144708718,-1.2182646864496909,1,2018-03-29,2025-11-04,2,83,2025-11-05,2025-12-03
2025-11-21,-0.13076148904792617,-0.716251822316374,0.8682642915255943,3,2018-03-29,2025-11-04,0,83,2025-11-05,2025-12-03
2025-11-24,2.1095163209625025,-1.6261795813974929,0.12664032260359206,1,2018-03-29,2025-11-04,2,83,2025-11-05,2025-12-03
2025-11-25,0.838430003340455,-1.126066127567552,1.2395375644880195,1,2018-03-29,2025-11-04,2,83,2025-11-05,2025-12-03
2025-11-26,-1.8026126056362246,0.2619347653393313,0.8289259373030059,3,2018-03-29,2025-11-04,0,83,2025-11-05,2025-12-03
2025-11-28,-1.8523628902367444,0.35884326038014963,1.248963938930475,3,2018-03-29,2025-11-04,0,83,2025-11-05,2025-12-03
2025-12-01,-0.36296022833669384,-0.46567186314048853,-0.686900857479232,0,2018-03-29,2025-11-04,1,83,2025-11-05,2025-12-03
2025-12-02,-0.5752378491634217,-0.45967207016409306,-0.04174690917668117,3,2018-03-29,2025-11-04,0,83,2025-11-05,2025-12-03
2025-12-03,0.8082692138415875,-1.1031870354677193,0.9404164240369793,1,2018-03-29,2025-11-04,2,83,2025-11-05,2025-12-03
2025-12-04,-0.5822092148839566,-0.5663781831324378,-0.38022351386509623,0,2018-03-29,2025-12-03,0,84,2025-12-04,2026-01-02
2025-12-05,-1.272815501979253,-0.25529539818524694,-0.3976186537562638,0,2018-03-29,2025-12-03,0,84,2025-12-04,2026-01-02
2025-12-08,-0.06659944359627008,-0.5604861505509132,-1.0768500254377764,2,2018-03-29,2025-12-03,1,84,2025-12-04,2026-01-02
2025-12-09,-0.5364440325785816,-0.5964656845064473,-0.6339842609210191,0,2018-03-29,2025-12-03,0,84,2025-12-04,2026-01-02
2025-12-10,1.1707404899994491,-1.3588440023597637,0.9109539753514089,3,2018-03-29,2025-12-03,2,84,2025-12-04,2026-01-02
2025-12-11,-0.5486472468980946,-0.6246988616779178,0.4405775361092579,0,2018-03-29,2025-12-03,0,84,2025-12-04,2026-01-02
2025-12-12,0.13993580995332613,-0.9728336027399749,-0.12731251521929368,0,2018-03-29,2025-12-03,0,84,2025-12-04,2026-01-02
2025-12-15,-1.3820707826096879,-0.257891189939629,-0.3126698202990469,0,2018-03-29,2025-12-03,0,84,2025-12-04,2026-01-02
2025-12-16,0.053595256496283744,-0.6822429823223173,-0.9619837226741416,2,2018-03-29,2025-12-03,1,84,2025-12-04,2026-01-02
2025-12-17,1.0804581725816256,-1.1521195150562473,0.15656914273185454,3,2018-03-29,2025-12-03,2,84,2025-12-04,2026-01-02
2025-12-18,-0.3029729533968209,-0.7422839696702186,-0.24461963589606775,0,2018-03-29,2025-12-03,0,84,2025-12-04,2026-01-02
2025-12-19,0.3391436781896795,-1.3955162100735463,-0.2226643461422123,3,2018-03-29,2025-12-03,2,84,2025-12-04,2026-01-02
2025-12-22,-0.9434829296303634,-0.6291284615089592,0.5516186301771889,0,2018-03-29,2025-12-03,0,84,2025-12-04,2026-01-02
2025-12-23,-1.5765138388742628,-0.3353519694149554,0.39385720497101473,0,2018-03-29,2025-12-03,0,84,2025-12-04,2026-01-02
2025-12-24,-2.444268523101376,0.41366763947485985,0.9932690890519288,0,2018-03-29,2025-12-03,0,84,2025-12-04,2026-01-02
2025-12-26,-2.5994229121503203,0.26268374932774247,-0.5230130039605384,0,2018-03-29,2025-12-03,0,84,2025-12-04,2026-01-02
2025-12-29,-0.83290992162682,-0.9459176859409125,-1.2497032299520199,2,2018-03-29,2025-12-03,1,84,2025-12-04,2026-01-02
2025-12-30,-2.1393962425150814,-0.14241224091604096,-0.6595678621639536,0,2018-03-29,2025-12-03,0,84,2025-12-04,2026-01-02
2025-12-31,-3.144510336272118,1.529434089793655,-1.6479304316324475,2,2018-03-29,2025-12-03,1,84,2025-12-04,2026-01-02
2026-01-02,0.6769383848740109,-1.4054863327324159,0.8627239176433978,3,2018-03-29,2025-12-03,2,84,2025-12-04,2026-01-02
2026-01-05,1.0573431580769839,-1.6619705976366088,0.7382525792810727,1,2018-03-29,2026-01-02,2,85,2026-01-05,2026-02-02
2026-01-06,1.4478106076194865,-1.6541630243586032,0.48796379687673014,1,2018-03-29,2026-01-02,2,85,2026-01-05,2026-02-02
2026-01-07,0.07360998392918053,-1.4034571043926627,-1.1901652520385744,0,2018-03-29,2026-01-02,1,85,2026-01-05,2026-02-02
2026-01-08,0.9906824124550593,-1.4672900101579647,1.3114474408705519,1,2018-03-29,2026-01-02,2,85,2026-01-05,2026-02-02
2026-01-09,-1.1969813323971576,-0.7843045871976988,0.5094822834761988,3,2018-03-29,2026-01-02,0,85,2026-01-05,2026-02-02
2026-01-12,-0.9162595344258774,-0.9902827844248699,-0.2830340296114301,3,2018-03-29,2026-01-02,0,85,2026-01-05,2026-02-02
2026-01-13,-0.009906336678674441,-1.3135211002111735,0.2823421113786861,1,2018-03-29,2026-01-02,2,85,2026-01-05,2026-02-02
2026-01-14,1.4888596404125791,-1.7663044138641082,-0.20756556562809422,1,2018-03-29,2026-01-02,2,85,2026-01-05,2026-02-02
2026-01-15,-0.3804199825219063,-1.19633131214842,0.04604591143070481,3,2018-03-29,2026-01-02,0,85,2026-01-05,2026-02-02
2026-01-16,-1.274258109367503,-0.818055505412224,-0.8216669312638216,3,2018-03-29,2026-01-02,0,85,2026-01-05,2026-02-02
2026-01-20,0.9630896202675767,-1.4031434998979675,-1.7338743941593167,0,2018-03-29,2026-01-02,1,85,2026-01-05,2026-02-02
2026-01-21,-1.0792597583712351,-0.6017003729953407,1.2219515754124415,3,2018-03-29,2026-01-02,0,85,2026-01-05,2026-02-02
2026-01-22,-0.8891649326881165,-0.9878820494412843,0.5100628235844199,3,2018-03-29,2026-01-02,0,85,2026-01-05,2026-02-02
2026-01-23,1.0085665745149082,-1.429142167794043,0.09789166330687187,1,2018-03-29,2026-01-02,2,85,2026-01-05,2026-02-02
2026-01-26,-0.4368114933168099,-1.226839698135567,-0.5608737854025678,3,2018-03-29,2026-01-02,0,85,2026-01-05,2026-02-02
2026-01-27,4.9993241983055325,-2.6353195913721117,0.19136500410695279,1,2018-03-29,2026-01-02,2,85,2026-01-05,2026-02-02
2026-01-28,-0.11921674615004454,-0.9945574645292193,-0.4056493081898217,1,2018-03-29,2026-01-02,2,85,2026-01-05,2026-02-02
2026-01-29,3.7153520461441625,-2.4332263772901155,1.0079612105267635,1,2018-03-29,2026-01-02,2,85,2026-01-05,2026-02-02
2026-01-30,0.2575746068756484,-1.5291123988485558,-0.5050797073428392,1,2018-03-29,2026-01-02,2,85,2026-01-05,2026-02-02
2026-02-02,1.545751176089052,-1.7827990268378933,0.7901517472245663,1,2018-03-29,2026-01-02,2,85,2026-01-05,2026-02-02
2026-02-03,1.6838523717553,-1.7528644130465085,0.6030435344524419,1,2018-03-29,2026-02-02,2,86,2026-02-03,2026-03-03
2026-02-04,0.9012876919171893,-1.8000736405021662,0.5719039416192484,1,2018-03-29,2026-02-02,2,86,2026-02-03,2026-03-03
2026-02-05,-0.012731852441696978,-1.166119614835899,-1.4068441720028133,3,2018-03-29,2026-02-02,1,86,2026-02-03,2026-03-03
2026-02-06,2.0693278463144797,-1.969095781244852,2.035277614881377,1,2018-03-29,2026-02-02,2,86,2026-02-03,2026-03-03
2026-02-09,0.03780261399843958,-1.1458776299799625,-0.2045539376771885,1,2018-03-29,2026-02-02,2,86,2026-02-03,2026-03-03
2026-02-10,-1.3693392855797915,-0.5013810452489843,-0.7534719410758162,0,2018-03-29,2026-02-02,0,86,2026-02-03,2026-03-03
2026-02-11,1.3360070878132668,-1.5647948030579495,0.4443302691328452,1,2018-03-29,2026-02-02,2,86,2026-02-03,2026-03-03
2026-02-12,1.7996215638343536,-1.5057502401703668,-1.3434783237728474,1,2018-03-29,2026-02-02,2,86,2026-02-03,2026-03-03
2026-02-13,-0.38627128824624146,-0.8502316057046804,-0.1525913049577731,0,2018-03-29,2026-02-02,0,86,2026-02-03,2026-03-03
2026-02-17,-0.4457322448279855,-0.896933572697406,-0.3898379639640983,0,2018-03-29,2026-02-02,0,86,2026-02-03,2026-03-03
2026-02-18,-0.4403877178722999,-0.9089428805476912,1.017782459648799,0,2018-03-29,2026-02-02,0,86,2026-02-03,2026-03-03
2026-02-19,-1.7785802904453898,-0.3786117307989391,-0.48029952660273495,0,2018-03-29,2026-02-02,0,86,2026-02-03,2026-03-03
2026-02-20,-0.13441130942863763,-1.1231975476782443,0.9531962013344493,1,2018-03-29,2026-02-02,2,86,2026-02-03,2026-03-03
2026-02-23,1.7958963158721268,-1.595035864736874,-0.5726815352000209,1,2018-03-29,2026-02-02,2,86,2026-02-03,2026-03-03
2026-02-24,-1.0856074895024315,-0.7085768763650746,0.7526468351945482,0,2018-03-29,2026-02-02,0,86,2026-02-03,2026-03-03
2026-02-25,0.752219758267996,-1.3336122553507246,0.18417948790410554,1,2018-03-29,2026-02-02,2,86,2026-02-03,2026-03-03
2026-02-26,-0.20683320343481762,-0.9905850386539227,-0.3419157805810466,0,2018-03-29,2026-02-02,0,86,2026-02-03,2026-03-03
2026-02-27,5.704191811316454,-2.74565095831368,0.9220541234492902,1,2018-03-29,2026-02-02,2,86,2026-02-03,2026-03-03
2026-03-02,0.49997596298122304,-1.1889620804116663,0.15701295716895305,1,2018-03-29,2026-02-02,2,86,2026-02-03,2026-03-03
2026-03-03,-0.6771972565892769,-0.6108658407478935,-0.8885461249604276,0,2018-03-29,2026-02-02,0,86,2026-02-03,2026-03-03
2026-03-04,-0.4055895048294788,-0.7635082611825923,0.029056845198864128,2,2018-03-29,2026-03-03,0,87,2026-03-04,2026-03-31
2026-03-05,1.5308151580982061,-1.0487719090185934,-1.3131298959754785,3,2018-03-29,2026-03-03,2,87,2026-03-04,2026-03-31
2026-03-06,-0.8323714637943405,-0.2328252437022347,-1.2616983183619954,1,2018-03-29,2026-03-03,1,87,2026-03-04,2026-03-31
2026-03-09,-1.1769042307984967,-0.7628015454646122,0.5600132139786341,2,2018-03-29,2026-03-03,0,87,2026-03-04,2026-03-31
2026-03-10,-0.5804668962190769,-0.6041215549208981,0.1912813196551668,2,2018-03-29,2026-03-03,0,87,2026-03-04,2026-03-31
2026-03-11,0.010032140685828054,-0.660722280641968,-0.7445010797771224,1,2018-03-29,2026-03-03,1,87,2026-03-04,2026-03-31
2026-03-12,1.4133263568143986,-1.0210860330662306,-1.6778308832443576,3,2018-03-29,2026-03-03,2,87,2026-03-04,2026-03-31
2026-03-13,-0.6560551519317844,-0.42837779044678925,-0.32116546827119563,2,2018-03-29,2026-03-03,0,87,2026-03-04,2026-03-31
2026-03-16,-2.174939198554138,0.2716870875010194,1.3570007289127806,2,2018-03-29,2026-03-03,0,87,2026-03-04,2026-03-31
2026-03-17,-1.7100196806760388,-0.09469633667033886,0.04366117635976831,2,2018-03-29,2026-03-03,0,87,2026-03-04,2026-03-31
2026-03-18,-0.38016749969741825,-0.2538161367476416,-1.7669820993108818,1,2018-03-29,2026-03-03,1,87,2026-03-04,2026-03-31
2026-03-19,-0.6948779531152178,-0.08761252981346324,-1.0089627642515129,1,2018-03-29,2026-03-03,1,87,2026-03-04,2026-03-31
2026-03-20,0.4891211355455221,-1.023803074037051,-2.2773589698956305,1,2018-03-29,2026-03-03,1,87,2026-03-04,2026-03-31
2026-03-23,-0.9868802931507498,-0.20999042980965585,1.4448493226053423,2,2018-03-29,2026-03-03,0,87,2026-03-04,2026-03-31
2026-03-24,0.7315319687546352,-0.648300742960672,-0.00849692307618122,3,2018-03-29,2026-03-03,2,87,2026-03-04,2026-03-31
2026-03-25,-1.2464701657117703,0.024360463085509192,0.9383945173952776,2,2018-03-29,2026-03-03,0,87,2026-03-04,2026-03-31
2026-03-26,1.5900493573041428,-0.7588594171239924,-1.4067844612791047,3,2018-03-29,2026-03-03,2,87,2026-03-04,2026-03-31
2026-03-27,1.0955495980087617,-0.4455115368433032,-0.9094504182287119,3,2018-03-29,2026-03-03,2,87,2026-03-04,2026-03-31
2026-03-30,-0.9396832594968161,0.04988427849283445,0.3362614220802962,2,2018-03-29,2026-03-03,0,87,2026-03-04,2026-03-31
2026-03-31,2.5441523958034087,-1.1005095339604472,2.2923056538560354,3,2018-03-29,2026-03-03,2,87,2026-03-04,2026-03-31
2026-04-01,1.7520813417822028,-0.6050815522250672,0.46047111905599664,3,2018-03-29,2026-03-31,2,88,2026-04-01,2026-04-29
2026-04-02,-1.3017367111712443,0.4200955115481384,0.2608844067227823,0,2018-03-29,2026-03-31,0,88,2026-04-01,2026-04-29
2026-04-06,-1.8421362313500527,0.8078156296219816,0.6942780539786828,0,2018-03-29,2026-03-31,0,88,2026-04-01,2026-04-29
2026-04-07,1.2105722132892582,-0.6663357144616899,0.06977180635125937,3,2018-03-29,2026-03-31,2,88,2026-04-01,2026-04-29
2026-04-08,4.780846663441053,-1.6631857623579165,2.3671364351883417,3,2018-03-29,2026-03-31,2,88,2026-04-01,2026-04-29
2026-04-09,0.1234596511113526,-0.19801073949270348,1.1919117591804251,0,2018-03-29,2026-03-31,0,88,2026-04-01,2026-04-29
2026-04-10,-1.216397658304317,0.5502902002026923,-0.784594730084437,0,2018-03-29,2026-03-31,0,88,2026-04-01,2026-04-29
2026-04-13,-0.5382899146932771,-0.08941830487127499,0.38153388471081645,0,2018-03-29,2026-03-31,0,88,2026-04-01,2026-04-29
2026-04-14,2.3146076008665744,-1.0682974488855974,0.6392445095748477,3,2018-03-29,2026-03-31,2,88,2026-04-01,2026-04-29
2026-04-15,0.7345749982486334,-0.5961274633829129,-0.2954966675556684,3,2018-03-29,2026-03-31,2,88,2026-04-01,2026-04-29
2026-04-16,-0.5732011825878556,-0.2530743328846955,0.22904443313331968,0,2018-03-29,2026-03-31,0,88,2026-04-01,2026-04-29
2026-04-17,3.0109743073951996,-1.717933067906551,1.1167278320085834,3,2018-03-29,2026-03-31,2,88,2026-04-01,2026-04-29
2026-04-20,-0.4865359564124743,-0.055869092040062684,-0.2106350902123767,0,2018-03-29,2026-03-31,0,88,2026-04-01,2026-04-29
2026-04-21,0.6082650237077647,-0.7888086325769658,-0.777004563591455,3,2018-03-29,2026-03-31,2,88,2026-04-01,2026-04-29
2026-04-22,-1.0035412207177492,-0.015076196089567433,0.847088765139856,0,2018-03-29,2026-03-31,0,88,2026-04-01,2026-04-29
2026-04-23,0.5203859885493695,-0.7878264234413809,0.28353439723543034,3,2018-03-29,2026-03-31,2,88,2026-04-01,2026-04-29
2026-04-24,0.43464270931204896,-0.8645874956366127,-0.594099588437898,3,2018-03-29,2026-03-31,2,88,2026-04-01,2026-04-29
2026-04-27,-0.21095241822371852,-0.6074882031168382,-0.5967126523355729,0,2018-03-29,2026-03-31,0,88,2026-04-01,2026-04-29
2026-04-28,0.3220224922117526,-0.8464365930453563,0.19517751686501386,3,2018-03-29,2026-03-31,2,88,2026-04-01,2026-04-29
2026-04-29,0.09967287884066511,-0.8982057271438617,-0.14251380043131526,3,2018-03-29,2026-03-31,2,88,2026-04-01,2026-04-29
2026-04-30,4.070750317070684,-2.20070892068754,0.8659771359230171,1,2018-03-29,2026-04-29,2,89,2026-04-30,2026-05-28
2026-05-01,-0.3134858011281231,-0.6964475903812204,-1.108930747444845,0,2018-03-29,2026-04-29,1,89,2026-04-30,2026-05-28
2026-05-04,2.109928820384277,-1.393062953482783,-1.2907436209449081,1,2018-03-29,2026-04-29,2,89,2026-04-30,2026-05-28
2026-05-05,-0.3674978490816379,-0.5917422539873863,0.586777588953054,2,2018-03-29,2026-04-29,0,89,2026-04-30,2026-05-28
2026-05-06,2.335155554493645,-1.5228568336600525,1.1874384819346417,1,2018-03-29,2026-04-29,2,89,2026-04-30,2026-05-28
2026-05-07,-0.06944895480474855,-0.7175217382164752,-1.3615016498611783,0,2018-03-29,2026-04-29,1,89,2026-04-30,2026-05-28
2026-05-08,-0.5943033808123076,-0.6709074567333136,-0.7397755973315749,2,2018-03-29,2026-04-29,0,89,2026-04-30,2026-05-28
2026-05-11,1.3663381825351417,-1.2649377717980095,-0.4053035562070641,1,2018-03-29,2026-04-29,2,89,2026-04-30,2026-05-28
2026-05-12,-0.4429066372013652,-0.8221427700108773,0.6928577378820805,2,2018-03-29,2026-04-29,0,89,2026-04-30,2026-05-28
2026-05-13,-0.2796640144938455,-0.937753840985169,0.42694481726350014,2,2018-03-29,2026-04-29,0,89,2026-04-30,2026-05-28
2026-05-14,-1.1065229023100946,-0.5990186112135578,0.19397955753926216,2,2018-03-29,2026-04-29,0,89,2026-04-30,2026-05-28
2026-05-15,1.221620508530599,-1.2609664877524434,-0.667841429476469,1,2018-03-29,2026-04-29,2,89,2026-04-30,2026-05-28
2026-05-18,-0.3879872389786301,-0.8907990562193655,0.6997311360544121,2,2018-03-29,2026-04-29,0,89,2026-04-30,2026-05-28
2026-05-19,-0.6723896736548248,-0.7590985924550758,-0.5301947122862712,2,2018-03-29,2026-04-29,0,89,2026-04-30,2026-05-28
2026-05-20,2.2301749897754335,-1.7801420997913124,0.11170408577567736,1,2018-03-29,2026-04-29,2,89,2026-04-30,2026-05-28
2026-05-21,0.4973502217724283,-1.191350758801343,-0.023588020330802168,1,2018-03-29,2026-04-29,2,89,2026-04-30,2026-05-28
2026-05-22,0.1518956083018302,-1.0827897945924412,0.3772819901383861,1,2018-03-29,2026-04-29,2,89,2026-04-30,2026-05-28
2026-05-26,1.3408518432329943,-1.1292498379281755,-1.1219371362221253,1,2018-03-29,2026-04-29,2,89,2026-04-30,2026-05-28
2026-05-27,0.26358738227793954,-0.9976426702921254,0.15665058805733756,1,2018-03-29,2026-04-29,2,89,2026-04-30,2026-05-28
2026-05-28,-0.7826944881456127,-0.7228712155330963,-0.30027393273049835,2,2018-03-29,2026-04-29,0,89,2026-04-30,2026-05-28
2026-05-29,0.6204264698747857,-1.1738170949875646,-1.125060487565039,0,2018-03-29,2026-05-28,2,90,2026-05-29,2026-06-26
2026-06-01,1.8830372927739272,-1.6150969340508796,-0.9475566103901837,0,2018-03-29,2026-05-28,2,90,2026-05-29,2026-06-26
2026-06-02,0.7581492322861334,-1.461598043366661,-0.13753415209229644,0,2018-03-29,2026-05-28,2,90,2026-05-29,2026-06-26
2026-06-03,1.3329696340319626,-1.5881298068500542,-0.8082833083415041,0,2018-03-29,2026-05-28,2,90,2026-05-29,2026-06-26
2026-06-04,1.5099618202069338,-1.7571607392331776,1.256228392928312,0,2018-03-29,2026-05-28,2,90,2026-05-29,2026-06-26
2026-06-05,2.768082035970685,-1.8522807908586587,-0.8146437352194678,0,2018-03-29,2026-05-28,2,90,2026-05-29,2026-06-26
2026-06-08,-1.2142252855561895,-0.7979632123222901,-0.5715070734693937,2,2018-03-29,2026-05-28,0,90,2026-05-29,2026-06-26
2026-06-09,0.5711142428681095,-1.45255179215407,-0.14662843189569078,0,2018-03-29,2026-05-28,2,90,2026-05-29,2026-06-26
2026-06-10,2.7266158823220956,-1.6814222814782855,-0.657309446438465,0,2018-03-29,2026-05-28,2,90,2026-05-29,2026-06-26
2026-06-11,3.5623374171604496,-1.9980090669980717,0.5773920044598878,0,2018-03-29,2026-05-28,2,90,2026-05-29,2026-06-26
2026-06-12,-0.9395698628192601,-0.8542008872272243,0.7275109209222418,2,2018-03-29,2026-05-28,0,90,2026-05-29,2026-06-26
2026-06-15,2.8231828634993343,-1.9633394708493432,0.7358496579907503,0,2018-03-29,2026-05-28,2,90,2026-05-29,2026-06-26
2026-06-16,-0.29301986456263923,-1.3000965508911615,0.4445986007811555,2,2018-03-29,2026-05-28,0,90,2026-05-29,2026-06-26
2026-06-17,0.3716320330882925,-0.9932337070625606,-1.9337900500891727,1,2018-03-29,2026-05-28,1,90,2026-05-29,2026-06-26
2026-06-18,0.9903575139000041,-1.4814269664076432,-0.5627292900233523,0,2018-03-29,2026-05-28,2,90,2026-05-29,2026-06-26
2026-06-22,2.996213609205208,-1.7072873378203333,-0.30250615243478207,0,2018-03-29,2026-05-28,2,90,2026-05-29,2026-06-26
2026-06-23,1.3637715427860766,-1.4872666451752343,0.13735359739391453,0,2018-03-29,2026-05-28,2,90,2026-05-29,2026-06-26
2026-06-24,0.8870967942789955,-1.353082222282812,-0.41041486417390904,0,2018-03-29,2026-05-28,2,90,2026-05-29,2026-06-26
2026-06-25,3.479323881717042,-2.0036008780997383,-0.22847971165939643,0,2018-03-29,2026-05-28,2,90,2026-05-29,2026-06-26
2026-06-26,2.8220272811133227,-1.9849178323003112,0.1386504588107848,0,2018-03-29,2026-05-28,2,90,2026-05-29,2026-06-26
2026-06-29,0.46137424796978205,-1.06313464949388,-0.054901707938230425,1,2018-03-29,2026-06-26,2,91,2026-06-29,2026-07-01
2026-06-30,0.27616319388970995,-0.9794067127503626,-0.6784959467167712,1,2018-03-29,2026-06-26,2,91,2026-06-29,2026-07-01
2026-07-01,2.9392155320435758,-1.6669105148301868,0.6281189120289032,1,2018-03-29,2026-06-26,2,91,2026-06-29,2026-07-01
