raw_regime,market_return,cross_sectional_dispersion,breadth,realized_volatility_20d,trend_60d,liquidity_stress,sector_dispersion,sector_return_max_minus_min,market_move_to_dispersion,stress_score,regime,mapping_method,match_distance,regime_model_id,fit_start_date,fit_end_date
0,-0.0009820773718298207,0.011617372964074738,0.47737803993850714,0.015861647502425847,-0.06548779519134265,0.04306722000807453,0.007960265477241373,0.023541893887735747,1.1045134935880827,2.198564470558198,2,canonical_stress_order,0.0,0,2018-03-29,2019-03-29
1,0.010017324356628433,0.017520934318333018,0.76169259008392,0.011802354880137249,0.007697857000645233,-0.112208103335653,0.012836998127601714,0.03914917303947596,0.5422068875548436,1.4308413151408474,1,canonical_stress_order,0.0,0,2018-03-29,2019-03-29
2,-0.015541799773422196,0.022830157780757143,0.1519233997836104,0.01362774885444956,-0.04331196345970138,-0.4081993806959127,0.01725468084240225,0.05211645831959015,0.43411841505656723,7.766460066307426,3,canonical_stress_order,0.0,0,2018-03-29,2019-03-29
3,0.000802426824399288,0.009733618531782685,0.5289670984422669,0.0066660360331270135,0.06221569442876067,0.0013520268725628407,0.006987186854642354,0.02094582009715838,0.574972875888886,-2.6344049113240238,0,canonical_stress_order,0.0,0,2018-03-29,2019-03-29
0,0.009548564831980898,0.01762758310365968,0.753747712800946,0.011354809442280098,0.016095850101699033,-0.11155193954332107,0.012901812183037448,0.039398166485683714,0.5155120829105944,1.5069354124689534,1,sequential_centroid_match,0.06127205475901096,1,2018-03-29,2019-04-29
1,0.0008448975278444546,0.009800355548556435,0.5313642143392413,0.00662456645975148,0.0679311485580708,-0.0006985243093955568,0.007013971425898544,0.021059825732741247,0.570936052917222,-2.5211083572381896,0,sequential_centroid_match,0.02878507877996071,1,2018-03-29,2019-04-29
2,-0.01554124121069748,0.022911030997996622,0.15102434615195043,0.01358981794100022,-0.043368658607467886,-0.4035165555151047,0.017232540507691973,0.05215770868953247,0.43567265732147165,8.061222068440689,3,sequential_centroid_match,0.007796933202980046,1,2018-03-29,2019-04-29
3,-0.0009700816546597309,0.011576739766478042,0.47712099714803924,0.015876522110686683,-0.06568673312077719,0.042885551521670666,0.007973810628757464,0.023575116426423095,1.1036521189686794,2.375221590142087,2,sequential_centroid_match,0.003373417103463694,1,2018-03-29,2019-04-29
0,0.0023233881518125933,0.0126072239195494,0.5613444743865974,0.016141623360850836,-0.06485276424900216,0.0483047576165961,0.008788680152579213,0.026193620952122965,1.070394430849454,2.63524834238158,2,sequential_centroid_match,0.19524762200029197,2,2018-03-29,2019-05-28
1,0.0013682897269391915,0.008819878025146914,0.5389180523324687,0.006871734293647064,0.06301042137514724,0.028185804092393366,0.006221887675929692,0.018610478914720237,0.6308516529359607,-2.8503422908655023,0,sequential_centroid_match,0.13355830754084166,2,2018-03-29,2019-05-28
2,0.0012414808605718324,0.015158317391097553,0.5500448700547627,0.007542012380031261,0.05755937546650236,-0.13910261977968016,0.01121655555228754,0.034116590616662515,0.3825845636129264,0.12048338971700889,1,sequential_centroid_match,0.5763111762147687,2,2018-03-29,2019-05-28
3,-0.011574913162701535,0.023282936927524416,0.2438658471683967,0.013923729159078807,-0.043181216516257365,-0.3736208460510392,0.017501690838493043,0.05304210765822204,0.4377774012221334,8.059537241206405,3,sequential_centroid_match,0.1837406555571833,2,2018-03-29,2019-05-28
0,0.0003112035325032039,0.009775389288537339,0.5159992918909496,0.006962097963626367,0.06059961239560885,-0.005778702351058172,0.006987443068161586,0.02094014574477732,0.5960227916528211,-2.2412967014934653,0,sequential_centroid_match,0.1274208356978702,3,2018-03-29,2019-06-25
1,0.009426989678262155,0.017279623063504713,0.7612022947421739,0.011034921532169215,0.018190318845505142,-0.0947357634234996,0.01274363768002811,0.0389064380685541,0.5153860740877438,1.5063957945589368,1,sequential_centroid_match,0.5600287670159556,3,2018-03-29,2019-06-25
2,-0.0004803740479922069,0.011603395305195682,0.49093748812210575,0.016202492856914826,-0.07063212379054969,0.056207599483604376,0.00801368872712756,0.023682622727978137,1.1255385680152583,2.7628287354143497,2,sequential_centroid_match,0.18243405019031642,3,2018-03-29,2019-06-25
3,-0.015070691268076435,0.022803305599286394,0.1565359110890096,0.013219130414904225,-0.03897813260557814,-0.378509240584729,0.017259999135112853,0.05217015524794594,0.41798123912448937,8.212718335722947,3,sequential_centroid_match,0.17524691954643715,3,2018-03-29,2019-06-25
0,0.002575639223907065,0.01506651743206961,0.5881362293230049,0.007490548371432,0.05452185276654191,-0.12051062618698956,0.011073868547942914,0.033711622341984236,0.39338777735620806,0.03747802138869205,1,sequential_centroid_match,0.5256225919905528,4,2018-03-29,2019-07-24
1,-0.011597256749004447,0.02306542598183855,0.24339278897713407,0.013531082549153823,-0.04081123611203145,-0.35942456085468627,0.017368505586575888,0.05261813288105462,0.42997987725616515,8.195216622390175,3,sequential_centroid_match,0.16433384739248671,4,2018-03-29,2019-07-24
2,0.002276929244718056,0.012567186216979066,0.5636198663204414,0.016094704400648776,-0.06542085888656768,0.04616292616838921,0.008807067771299205,0.026226252247408162,1.071664296798062,2.896842778781592,2,sequential_centroid_match,0.18360019034868882,4,2018-03-29,2019-07-24
3,0.000987719844573633,0.008815293643375062,0.5302617590346174,0.006974810505496402,0.05669384124214758,0.030538706635154664,0.006163973939149188,0.01840185409697137,0.6444527995104986,-2.6274740302841826,0,sequential_centroid_match,0.1348078190787583,4,2018-03-29,2019-07-24
0,0.0010031473232025626,0.008904019714983504,0.5303230681258451,0.007058073763104201,0.055603447307538106,0.024381019283387984,0.006226260480508809,0.018612768896028888,0.6472375917819941,-2.6043942317161917,0,sequential_centroid_match,0.014425723257779388,5,2018-03-29,2019-08-21
1,0.0027638798143717882,0.015380573280875113,0.5920655409969225,0.007825197098529826,0.04959568403131755,-0.12858451102252838,0.011303552317354134,0.03444908870139557,0.4004206446594792,0.3279964534713046,1,sequential_centroid_match,0.05113255327434135,5,2018-03-29,2019-08-21
2,-0.015052119059465088,0.022404016074841777,0.15301431052215203,0.013182096456887907,-0.04082565646529769,-0.39391694452544557,0.016908947766810442,0.05131317963152806,0.43047985340473105,8.260623601744363,3,sequential_centroid_match,0.18352537138282685,5,2018-03-29,2019-08-21
3,0.0020968421139581053,0.012439026441881792,0.5629369592259821,0.01604648303205834,-0.06234559858288147,0.04319501078946432,0.00875937374024371,0.02609245776683505,1.0776430832751684,2.866414852384904,2,sequential_centroid_match,0.021020612076310254,5,2018-03-29,2019-08-21
0,-0.014847396810095587,0.022161905874993653,0.14951737601364196,0.012677298279413034,-0.03465428522464314,-0.4017111783328029,0.016771903975560724,0.05094494602112559,0.39211779308129274,7.943061021056328,3,sequential_centroid_match,0.06883831101469141,6,2018-03-29,2019-09-19
1,0.00047282339792058454,0.009823006320853861,0.5212038391254371,0.0069063111932232465,0.06014594178716187,-0.006839178012859354,0.0069745671110456355,0.020937237950865228,0.6019073827537466,-2.2453933033172486,0,sequential_centroid_match,0.12700167789895062,6,2018-03-29,2019-09-19
2,0.009013239827214256,0.017148950421917847,0.7527379199581173,0.010728062342158303,0.02036035100882863,-0.09790471845374263,0.012597763324989356,0.03841957746812783,0.5107213187009821,1.5647680747967467,1,sequential_centroid_match,0.4537923125242471,6,2018-03-29,2019-09-19
3,-0.0011298546567773374,0.010891568340142113,0.4835714994722047,0.01540332239724156,-0.04899315896946407,0.05294557196546818,0.007633112160259258,0.02255168731324619,1.1355654269242725,2.246379167735988,2,sequential_centroid_match,0.24735015481797126,6,2018-03-29,2019-09-19
0,0.005825922580879004,0.009556630494497292,0.6590922078571537,0.007537678201722475,0.0557943552922984,0.05101501951450564,0.006693991976659243,0.020083162472530947,0.6609019622987455,-2.7781518704822794,0,sequential_centroid_match,0.26861640865741876,7,2018-03-29,2019-10-17
1,-0.0012545963414444083,0.02071691022936737,0.4953296389330764,0.012021877607052556,-0.010424558049824544,-0.2762568890224103,0.015487978994036804,0.04718897658878081,0.4192219194172924,5.2395552465482655,3,sequential_centroid_match,0.676666877898583,7,2018-03-29,2019-10-17
2,-0.0069865045440407935,0.011703306125157143,0.3309925546909567,0.006946555710456515,0.0472710127362946,-0.12065160516122782,0.008558191002734864,0.02574396610988235,0.5088632196896785,-0.30924878948507073,1,sequential_centroid_match,1.0164470629103894,7,2018-03-29,2019-10-17
3,0.0023637939091994318,0.011282337095325223,0.5737205512286239,0.015741450017817803,-0.05179960606159584,0.07703383550688106,0.007899795176314898,0.023398839155275686,1.1436746843316066,2.2204127015259707,2,sequential_centroid_match,0.17147843815220934,7,2018-03-29,2019-10-17
0,0.008363010917751436,0.01680687835880092,0.7379516857983072,0.010336489667870501,0.02304747120869156,-0.1153188963507196,0.012368569309973971,0.037617149216207346,0.5025162091279654,1.4330168994923456,1,sequential_centroid_match,0.969580993522844,8,2018-03-29,2019-11-14
1,0.0015990299836637623,0.010413569648212044,0.5526193149369162,0.015938397669181478,-0.05541256205359037,0.09862814324297876,0.0071979749681399105,0.021223176597186016,1.1999536931828385,2.1140127728878073,2,sequential_centroid_match,0.12747657559008846,8,2018-03-29,2019-11-14
2,-0.014477892293823569,0.019453692947178053,0.1502174985508093,0.012243830373409231,-0.02921634584981733,-0.33761461436402324,0.014626019369112217,0.04427383659936354,0.4951270029313418,6.7393817201050705,3,sequential_centroid_match,0.6470384744235017,8,2018-03-29,2019-11-14
3,0.00038696908815933414,0.009691206256967027,0.5158490636038023,0.007028309960560025,0.05597516332737654,-0.005048335568291679,0.006882509699026963,0.020662445738792876,0.6191116653603392,-2.1506227433684706,0,sequential_centroid_match,0.2676714946525019,8,2018-03-29,2019-11-14
0,-0.014423857439422393,0.022331256196507367,0.15670502921738289,0.013113595868008365,-0.039573267163591164,-0.4104538453162141,0.016880675239374796,0.051256672340901595,0.4149937977434432,8.633345410761061,3,sequential_centroid_match,0.36586995185539106,9,2018-03-29,2019-12-13
1,0.0008738153841916392,0.008933109507613992,0.5270997159404244,0.0070790507156706615,0.05501939664207926,0.023248699953384327,0.006284459608264514,0.018774940549748657,0.6586344999238647,-2.3786554737179704,0,sequential_centroid_match,0.10475188052628409,9,2018-03-29,2019-12-13
2,0.001979976956551348,0.011929587538116522,0.5643495502788167,0.015770145436782693,-0.05298519458191267,0.05350179837561182,0.0084015697368524,0.024976012576881913,1.1156414657840181,2.8256322061599173,2,sequential_centroid_match,0.2056627122356575,9,2018-03-29,2019-12-13
3,0.002892409205850163,0.015397703775597179,0.5948331720031104,0.007893710775759122,0.04701341293270811,-0.14537513066759428,0.01137932887324554,0.034589508686493166,0.39835471077405177,0.6085111078531786,1,sequential_centroid_match,0.395638254470157,9,2018-03-29,2019-12-13
0,0.0038657330945123733,0.014947588252921591,0.6210449584708168,0.007789959659299782,0.050389816682928065,-0.1381933093767288,0.011019884198176205,0.03349414719546723,0.411871552936648,0.36118945325215723,1,sequential_centroid_match,0.07601177357552093,10,2018-03-29,2020-01-14
1,0.004801772386925127,0.011443466700691853,0.6391566277385388,0.015726217939816822,-0.04917091431304844,0.100860946545058,0.008003622935249328,0.023769649364504382,1.1409504488258002,2.4129023860266763,2,sequential_centroid_match,0.15918967344040094,10,2018-03-29,2020-01-14
2,-0.013655643660712697,0.019555133637303088,0.16582960678009795,0.01298162802243719,-0.0381323373627095,-0.3167581386359644,0.01468585584075059,0.04446323536233113,0.5361661818421328,7.46800934753676,3,sequential_centroid_match,0.3660529515689217,10,2018-03-29,2020-01-14
3,0.00048445787689585155,0.008675487540508595,0.5163585887420261,0.006877991472663927,0.06023583892505929,0.01373262360821563,0.006073542921483871,0.018132050144208357,0.664207487263731,-2.39366105264451,0,sequential_centroid_match,0.05054177675067873,10,2018-03-29,2020-01-14
0,0.004272661414888224,0.01142996239098206,0.6259880005622094,0.015754665412454148,-0.0504673189316685,0.11610749912244177,0.008015483639812948,0.023813049278173307,1.1416226623388137,2.6136346717351095,2,sequential_centroid_match,0.03013660315467544,11,2018-03-29,2020-02-12
1,0.0002637513672755951,0.008781861985940309,0.5106706868319261,0.00687001627715131,0.06152655005834054,-0.01225068836958202,0.0061473931793796475,0.018336211695665544,0.6581113241169827,-2.361678841778792,0,sequential_centroid_match,0.0314240804977171,11,2018-03-29,2020-02-12
2,-0.01229537860714274,0.018969547577494965,0.19847376967551722,0.012075633246373053,-0.023608770766057177,-0.330759520953719,0.014207967979378549,0.04302405076217014,0.5079851927927299,6.660514798218647,3,sequential_centroid_match,0.14581842576209975,11,2018-03-29,2020-02-12
3,0.005386330589037046,0.015015206964381776,0.6620279251197693,0.007693894443415979,0.054907265675004834,-0.1312333268004707,0.011036205314008184,0.033545338177206806,0.4052802384498915,0.1792305436378725,1,sequential_centroid_match,0.07958994615425548,11,2018-03-29,2020-02-12
0,0.0008901416121085263,0.008822533614393321,0.5121542771061836,0.006920613467143382,0.05967531917374705,0.015200573911993642,0.006112419280716195,0.018340532533826753,0.6595147770520449,-2.3206962679023238,0,sequential_centroid_match,0.03485990321343887,12,2018-03-29,2020-03-12
1,-0.01982348478632815,0.02254978607965282,0.16009996976009755,0.01476042957594146,-0.04140333614243678,-0.5749045231294184,0.017238280744226123,0.05178979292412586,0.4777581772870622,8.349796915773734,3,sequential_centroid_match,0.6050841359834455,12,2018-03-29,2020-03-12
2,0.0009269648134259184,0.012093732107693498,0.5732061430642167,0.016431095791278806,-0.05019210296790028,-0.027487506104949586,0.00853204873297187,0.025172000701345596,1.1181083938965284,2.621233238728838,2,sequential_centroid_match,0.20898080485769907,12,2018-03-29,2020-03-12
3,0.003479535020880465,0.015116079956073707,0.603777390432007,0.00788775818713366,0.051783819715899196,-0.1431793279238326,0.011258273295701726,0.03409431259263017,0.41464427796547343,0.3489881647118349,1,sequential_centroid_match,0.10700153880756193,12,2018-03-29,2020-03-12
0,-0.009263497071176702,0.04962375369994219,0.33205631424266113,0.0506874513550825,-0.2420371632665751,-1.2146632817219283,0.039150248713710645,0.11797273658698962,0.8035284244191004,19.306166267486358,3,sequential_centroid_match,4.0869720686831545,13,2018-03-29,2020-04-09
1,0.003560429789591345,0.009998490942806127,0.5767082027792398,0.008437918034864223,0.04421741349618403,0.022326130032597008,0.00703361528397381,0.021116341207859858,0.7035414998926248,-1.641941816036164,0,sequential_centroid_match,0.218356817150235,13,2018-03-29,2020-04-09
2,-0.009331396934648852,0.01722772420036575,0.3599081689101059,0.012033415122091383,0.009346001412302409,-0.33625927293533986,0.012917635421499554,0.038811416321061804,0.5201974078703455,2.078120729374103,1,sequential_centroid_match,0.6601751382215633,13,2018-03-29,2020-04-09
3,0.01696375198446118,0.02483358594636033,0.7668177687487218,0.04688284746617806,-0.19596465554742154,-0.011571529878491263,0.018857772239306583,0.0565256727600334,1.8707754947949655,9.968130164813285,2,sequential_centroid_match,2.8035944723137325,13,2018-03-29,2020-04-09
0,-0.009283499421957738,0.017118697285883475,0.35749181374256755,0.012633828276785978,0.007213390464728384,-0.30909419216333167,0.01286627005501777,0.038570518345457286,0.5539728466246714,1.8835572431780714,1,sequential_centroid_match,0.0420953964254594,14,2018-03-29,2020-05-08
1,0.0037978439513231743,0.009998723256590111,0.581449675688734,0.00834874919267992,0.045180628846273156,0.030091644307429125,0.00704708122596376,0.02113089562886751,0.7009256004591466,-1.87939849397059,0,sequential_centroid_match,0.011293758405887283,14,2018-03-29,2020-05-08
2,0.011964945815214767,0.023156258778121115,0.6829383961005023,0.040743512969335205,-0.15130757361896918,0.09286031014924645,0.01778983647637663,0.05283109331573626,1.6507856100779872,8.316738180772685,2,sequential_centroid_match,0.39110577436605665,14,2018-03-29,2020-05-08
3,-0.0053689528244599705,0.04914994588130913,0.37820205625387804,0.049776747308652516,-0.21947905851264848,-1.01858755955844,0.03923888499133463,0.11746682282390625,0.7709807766030364,18.12154119763293,3,sequential_centroid_match,0.21407091594003885,14,2018-03-29,2020-05-08
0,-0.019675210239101775,0.014324901214517894,0.1816138990626151,0.013831706183511613,-0.011984064848212038,-0.2412609253148552,0.010456864709343646,0.03113287550514641,0.7627793520786593,2.2349632903501058,1,sequential_centroid_match,0.43040556796777396,15,2018-03-29,2020-06-08
1,0.004896258136921826,0.03413966252533847,0.549975889053506,0.048721048011431005,-0.20434215881787038,-0.27106266200773416,0.02700900626485326,0.08033072391264963,1.5030017604250014,13.44591263519609,3,sequential_centroid_match,1.4738520324185422,15,2018-03-29,2020-06-08
2,0.003004161332729748,0.009545604860805256,0.5686693660080029,0.0078636168987699,0.049785210269569995,0.038406171982087706,0.0066944598278569824,0.020046711100984792,0.7044535731543452,-2.1031489396135914,0,sequential_centroid_match,0.048717062413450335,15,2018-03-29,2020-06-08
3,0.009287668633182738,0.018389558926775473,0.6638979295050693,0.013800549939172011,0.022882767649622673,-0.18686746464484533,0.014172896590611198,0.0425269160580979,0.551195920302514,0.9744352034529471,2,sequential_centroid_match,1.490855367894398,15,2018-03-29,2020-06-08
0,0.01193502381710316,0.01800411531765701,0.7101329079252642,0.013761014081257572,0.03836433453799071,-0.14354067026495512,0.013930252516115602,0.041808590349650204,0.5696180424188431,0.5996445637247719,2,sequential_centroid_match,0.11249978168783956,16,2018-03-29,2020-07-07
1,0.0027143971128631935,0.009524801234469877,0.5655452582459318,0.008459655633615393,0.054119643390301064,0.04373875613172108,0.006664344611348571,0.019925686396353205,0.7381164197153801,-2.030156031942337,0,sequential_centroid_match,0.03898338467331728,16,2018-03-29,2020-07-07
2,-0.018113929107097693,0.015817812900051506,0.2082279769360535,0.013479770039272743,0.0005160444914058329,-0.2826071608190604,0.01185452355109482,0.0353330575095679,0.6670549282346296,2.3503964882471102,1,sequential_centroid_match,0.1686311585445546,16,2018-03-29,2020-07-07
3,0.004555762840954934,0.03426279902942265,0.5448306397366023,0.04931606740435735,-0.19733681133781847,-0.255647355276672,0.027209701306645524,0.08097593107818536,1.5289446135235245,13.479538779110127,3,sequential_centroid_match,0.046958288495117066,16,2018-03-29,2020-07-07
0,0.003264709617625174,0.009726432760000053,0.5745775051792299,0.008654160087338063,0.05684874336320714,0.04677124053750814,0.00685157203883957,0.02042792352105948,0.7394054517188452,-2.0252870426719247,0,sequential_centroid_match,0.025867543756579795,17,2018-03-29,2020-08-04
1,0.008780507530491028,0.019053238591036473,0.6556203005165175,0.014031730041216692,0.040334266451466455,-0.17705236895164583,0.014782239720593879,0.04433291348611576,0.5406916994914616,1.1559014385030917,2,sequential_centroid_match,0.1285276529135315,17,2018-03-29,2020-08-04
2,0.004410530680366049,0.0343544965549427,0.542337775494786,0.04945290672361269,-0.19305176809981903,-0.2462683859821286,0.027284929270371006,0.08124268859959945,1.5387211816301574,13.534870174477565,3,sequential_centroid_match,0.021883032071718534,17,2018-03-29,2020-08-04
3,-0.019892683657060657,0.014589327123599028,0.17809397980967356,0.01302472574807749,0.002109449526200964,-0.2523667720267676,0.010776471745549574,0.03203161916637746,0.7110129078610201,2.0413265459391723,1,sequential_centroid_match,0.12195098640887232,17,2018-03-29,2020-08-04
0,0.008142651673945787,0.01886617469377422,0.6446441266804646,0.012935072679687003,0.051131529191718386,-0.1704474545139208,0.014684065550484692,0.04417014985280851,0.5050085478876843,0.986482177371369,2,sequential_centroid_match,0.064794856929251,18,2018-03-29,2020-09-01
1,-0.02006914151518204,0.014590860844693434,0.1731917048949717,0.013250073404235903,0.0011436803616769534,-0.2531139336622768,0.010776126464611667,0.03202964495484304,0.7231357567356593,2.138992581657428,1,sequential_centroid_match,0.014609114075394159,18,2018-03-29,2020-09-01
2,0.003213324911757128,0.00972922230316018,0.573490828181255,0.008715586167686517,0.05841224969622991,0.05111438637801213,0.006858915525617805,0.02044641648609421,0.7446397846477775,-1.9917879055045853,0,sequential_centroid_match,0.008514202769122977,18,2018-03-29,2020-09-01
3,0.004459517834310655,0.0343343327121889,0.5437527149733943,0.04941715964466531,-0.19473696380363914,-0.2537770199952552,0.027269042255481823,0.08124814000828047,1.5396921426961427,13.576989422353714,3,sequential_centroid_match,0.009214497673557509,18,2018-03-29,2020-09-01
0,0.004393482214471193,0.03432011347052863,0.5433177541395758,0.04944635952746268,-0.19348340567626737,-0.25231204203056606,0.027306416122532824,0.08137996059966017,1.5431524576720874,13.699303070034004,3,sequential_centroid_match,0.006676011120419522,19,2018-03-29,2020-09-30
1,0.0038150478543176256,0.009874353388048509,0.5843031855795093,0.00897696617054375,0.05888555937262509,0.051512051324230215,0.0069942874118772095,0.020862386928081608,0.7511225153332484,-1.990726466121861,0,sequential_centroid_match,0.02442550642677263,19,2018-03-29,2020-09-30
2,-0.01939715441340421,0.014643659810970613,0.18160712215508656,0.012852907249455679,0.008427803982027925,-0.25814265223131067,0.010916598390133557,0.032473617761234225,0.7022788734830854,1.9991670432845825,1,sequential_centroid_match,0.040568617191290714,19,2018-03-29,2020-09-30
3,0.007505480351270042,0.01928959802153811,0.6340344894092435,0.012926802200079622,0.05409590366296473,-0.18841475215114115,0.01510888027281834,0.045480982274526,0.48525835031297027,1.150962112200792,2,sequential_centroid_match,0.0491688520101405,19,2018-03-29,2020-09-30
0,0.004330466224043325,0.03432642104704524,0.5434525346138724,0.049460300008379025,-0.19300987181058382,-0.24770691085040647,0.02732378762478905,0.08143053832813671,1.544537251325858,13.870157492310414,3,sequential_centroid_match,0.004754346768740458,20,2018-03-29,2020-10-28
1,-0.017127852596578657,0.013355190750025406,0.220195262044119,0.012063397666220717,0.016014182043270982,-0.19240273483949522,0.009785424877384614,0.02906273268668314,0.7300212235156557,1.293568735342548,1,sequential_centroid_match,0.14340776214251674,20,2018-03-29,2020-10-28
2,0.006251392696853401,0.019845714031392077,0.6133356039698056,0.013094581606553872,0.05280164160484484,-0.2100976329078978,0.015582267308304648,0.04691556811522781,0.46663850732816253,1.453175529147051,2,sequential_centroid_match,0.06287713220252605,20,2018-03-29,2020-10-28
3,0.00536870833357047,0.010108492547824928,0.6111215418477189,0.009099158733282715,0.06176264976596102,0.06370395000145836,0.007186475377109329,0.021471497566684802,0.7491471183649292,-2.0523498217335514,0,sequential_centroid_match,0.052491301002591195,20,2018-03-29,2020-10-28
0,0.00528759271672116,0.010214381730612057,0.6105221926060255,0.009179586636054992,0.06219951683789249,0.05456849041867798,0.007280589775909832,0.021859552129302733,0.7435039992787157,-2.0120104310770524,0,sequential_centroid_match,0.013924384610510637,21,2018-03-29,2020-11-25
1,-0.017065170364548923,0.013284185854753619,0.2193419427723427,0.012215588912764894,0.015849762814498815,-0.19240414613297768,0.009675968036047465,0.02878701563144597,0.7417458437836542,1.2363968170286754,1,sequential_centroid_match,0.014067070411941782,21,2018-03-29,2020-11-25
2,0.00690226291070995,0.02044460365375934,0.6189128391374473,0.013353802321192935,0.05039162923201168,-0.21650541541884338,0.016294327302008367,0.04845788813490521,0.48869791607968793,1.508633503016818,2,sequential_centroid_match,0.062170259073815515,21,2018-03-29,2020-11-25
3,0.0051565104659068725,0.03559242062261596,0.5476298335796707,0.04833856505524732,-0.18604125974979704,-0.30869050237583423,0.028721295445208236,0.08471223453615677,1.492712247633074,13.517735123373877,3,sequential_centroid_match,0.14068627088661154,21,2018-03-29,2020-11-25
0,-0.01697158647825753,0.013274298255512892,0.2190726431695641,0.012101826879345814,0.018249586981806325,-0.19351352376093117,0.009703779932215054,0.028916249209433486,0.7374017637455145,1.2453670481949533,1,sequential_centroid_match,0.011190540629629913,22,2018-03-29,2020-12-24
1,0.005241293073509307,0.010234740855018487,0.6089202804993268,0.009188078380925458,0.0633889428525032,0.05532688535135433,0.0073097320708987185,0.021978923509262574,0.7432788916301964,-1.998044639667613,0,sequential_centroid_match,0.0057976319007185745,22,2018-03-29,2020-12-24
2,0.006512225439748543,0.020423551715808543,0.6112764289963076,0.013225894100108352,0.052391117915621704,-0.2205104783165991,0.01632979257688122,0.04864131149856626,0.4842114402188077,1.5521306873234417,2,sequential_centroid_match,0.016569913779311475,22,2018-03-29,2020-12-24
3,0.005140725441940669,0.035564198071924805,0.548608853883208,0.04827134258202066,-0.1868613516609818,-0.3108247691921512,0.028730442491234,0.08477615260714552,1.4933344960630188,13.647436870893506,3,sequential_centroid_match,0.0047910937243960325,22,2018-03-29,2020-12-24
0,0.005220861290915694,0.010244920872371898,0.6077946744621645,0.009205410603053448,0.06389149534098561,0.05438659891289975,0.007318432057037144,0.022000495825790715,0.7415093165628308,-1.98252808847056,0,sequential_centroid_match,0.0031107877702601793,23,2018-03-29,2021-01-26
1,-0.016774141028823533,0.01327330054662852,0.22085372466199865,0.012218972654532471,0.018764324364700522,-0.19314988917079695,0.009701003337025388,0.028907997639488068,0.7408099931753167,1.280437404929294,1,sequential_centroid_match,0.0071567912720832,23,2018-03-29,2021-01-26
2,0.006158435538222797,0.020479724665033262,0.6034251672412966,0.012392472073337962,0.05938186900615072,-0.22662238946739052,0.016455496566272602,0.049085173994426225,0.4497056261830142,1.4565216804004812,2,sequential_centroid_match,0.05164533035369185,23,2018-03-29,2021-01-26
3,0.005065221034573673,0.03557924396901274,0.5486168401011162,0.04808968522082633,-0.1880702365459589,-0.3047426914628547,0.028764928102689394,0.08493337857424343,1.4948774420733133,13.681349899245976,3,sequential_centroid_match,0.010007584078070224,23,2018-03-29,2021-01-26
0,0.005213340405282348,0.010292457875477841,0.6084871498230342,0.009238293572695865,0.06510121161510257,0.053686206133484654,0.007341281774541461,0.022053321029348375,0.7393735237096134,-1.9735168813100938,0,sequential_centroid_match,0.005861020637820764,24,2018-03-29,2021-02-24
1,-0.016820184628663106,0.013300743932774157,0.21900772118235196,0.012124503258070025,0.02094521468594374,-0.2015643653301738,0.009709976803155756,0.02895060087975838,0.7337558856947368,1.275473519700753,1,sequential_centroid_match,0.013193504887064311,24,2018-03-29,2021-02-24
2,0.006215314558384833,0.020461794405587614,0.6048397795655792,0.012419085788698781,0.06078408458124192,-0.22306380137345275,0.01643664401154562,0.049036231230463134,0.4501369469385993,1.4873419215336703,2,sequential_centroid_match,0.006784287593825024,24,2018-03-29,2021-02-24
3,0.0050477844490016775,0.035562099375470405,0.5477106661822408,0.048039630331812876,-0.1885573336554549,-0.2986964997468786,0.028797754170956952,0.08504960003511644,1.4943733280025047,13.869238679144189,3,sequential_centroid_match,0.0063308749413724785,24,2018-03-29,2021-02-24
0,0.005563277889862421,0.020012476690268375,0.5941883742074996,0.0118697537365063,0.06406178502743512,-0.22942496475926144,0.016116231188032574,0.048031056894215655,0.44423540796312544,1.2992767037144886,2,sequential_centroid_match,0.04411898385637749,25,2018-03-29,2021-03-24
1,0.005038834622297302,0.03555412035934429,0.5478012711913883,0.0480190939176163,-0.18871094310558736,-0.2965477301773793,0.028823805353434227,0.08507977524224782,1.494569073712706,14.000302357528057,3,sequential_centroid_match,0.0025011297510982126,25,2018-03-29,2021-03-24
2,0.005257041089060523,0.010204055130748967,0.6094654750808466,0.009297100911207258,0.06486004184323084,0.05326429346143442,0.007277874674679506,0.021857746999517536,0.7455288078294384,-2.0148118926923884,0,sequential_centroid_match,0.008565938752010576,25,2018-03-29,2021-03-24
3,-0.016805707221505543,0.013270251873377778,0.217869444162046,0.012151740433861604,0.02126354928480969,-0.20257612141441256,0.00971486309882105,0.028949430246938513,0.7370580476718588,1.2928097336726019,1,sequential_centroid_match,0.00390313688264039,25,2018-03-29,2021-03-24
0,-0.016710954820150392,0.01321283953456651,0.21791043029894924,0.012090264969558676,0.022170688449905086,-0.19887120889085497,0.009675512296473949,0.028837118132122905,0.7355488382424944,1.3077860913468038,1,sequential_centroid_match,0.0068795234224394985,26,2018-03-29,2021-04-22
1,0.005120072299475902,0.035522760117350415,0.5500640324484641,0.047983411334198076,-0.1894250874164318,-0.3117073087620633,0.028788552719521826,0.08497237573326433,1.4968524140354136,14.095710518828252,3,sequential_centroid_match,0.013600369057328171,26,2018-03-29,2021-04-22
2,0.005214546045484603,0.010213234229738405,0.6092322543853342,0.009220193556087344,0.06602263827854482,0.05911952730493769,0.007298385722450876,0.021920170007072515,0.7394000065595604,-1.9964312705063894,0,sequential_centroid_match,0.009075467219093488,26,2018-03-29,2021-04-22
3,0.005467606659590167,0.01990560227514015,0.5942184120338745,0.011694167123684828,0.06568946692077285,-0.21881742792166,0.016047505782814435,0.0478514365492773,0.43892486281422777,1.3069305765010766,2,sequential_centroid_match,0.014984585709381808,26,2018-03-29,2021-04-22
0,-0.016049805481037634,0.013144572851485925,0.22801673694085095,0.0118416390185416,0.025475416091264802,-0.19486554366595388,0.00966130169359299,0.028815764371873928,0.7269553913148952,1.2189418904288272,1,sequential_centroid_match,0.026664969530858763,27,2018-03-29,2021-05-20
1,0.005409862271899512,0.019790499425952155,0.5944760803134252,0.011485628129806186,0.06807969561463507,-0.2129341545029289,0.015964019389432257,0.047607861035168585,0.4344062900729239,1.2876726826851828,2,sequential_centroid_match,0.015799609794515924,27,2018-03-29,2021-05-20
2,0.0051936301209805375,0.035521277141627075,0.5501016462984002,0.04796674139888946,-0.190122703153437,-0.3151339545026552,0.028773165767689506,0.08493006850747267,1.4961049861597435,14.24454408152717,3,sequential_centroid_match,0.004493555271697941,27,2018-03-29,2021-05-20
3,0.005437668612463522,0.010185995042525648,0.614562485260662,0.009187803015603941,0.06726321249974765,0.06251327602048508,0.007294430089546936,0.021906968709446188,0.7392951753524073,-2.0172706548649377,0,sequential_centroid_match,0.010283841671726624,27,2018-03-29,2021-05-20
0,0.005258631635394918,0.010168486765588614,0.6111243698568533,0.009109797589348434,0.06849343079361392,0.06030394884213407,0.007305190665327895,0.021929209164699492,0.7367425904679082,-1.9975100637355472,0,sequential_centroid_match,0.008761683250093895,28,2018-03-29,2021-06-18
1,0.005455912860026655,0.019775661712218135,0.595033884885592,0.011472188998696505,0.06847668399438828,-0.21048659241245832,0.015985516767944928,0.047644112753717494,0.4328669860430287,1.3389354326974388,2,sequential_centroid_match,0.003517624120515318,28,2018-03-29,2021-06-18
2,-0.015923199217184977,0.013137578128787077,0.2278747774313899,0.011725981979031972,0.02704539052016162,-0.1980214679383786,0.009683489164826564,0.02886886127211337,0.7205133623409693,1.2306641378779535,1,sequential_centroid_match,0.010269058845270827,28,2018-03-29,2021-06-18
3,0.005133733061843677,0.035537381343723445,0.551601869852801,0.047919253387871175,-0.19077334094358198,-0.3148217363033522,0.028760903168538722,0.08491596293599482,1.4960490891399152,14.387075716393932,3,sequential_centroid_match,0.004022116700781939,28,2018-03-29,2021-06-18
0,0.005208175093104582,0.010126969856008243,0.6109348215421334,0.008998395724213225,0.06888920145689126,0.061083209882972334,0.007288640467718256,0.021875880990798572,0.7295564248234088,-2.002832419065767,0,sequential_centroid_match,0.008105497394339627,29,2018-03-29,2021-07-19
1,0.005318674541592198,0.019655470953229934,0.5935957904983051,0.011379957729462655,0.06848880774377152,-0.20609540004907165,0.01589171717206545,0.04737610381836756,0.431100401889277,1.3539170046497637,2,sequential_centroid_match,0.01090657020847297,29,2018-03-29,2021-07-19
2,-0.0159073531157415,0.0131087023665021,0.22566656020906461,0.011704021997495175,0.026949034334885002,-0.19084604812526873,0.009662535999864668,0.028793528183258383,0.7189614536370019,1.282634330388534,1,sequential_centroid_match,0.007145716242452588,29,2018-03-29,2021-07-19
3,0.0051641795710546555,0.03555013658802705,0.5518714395372274,0.047894029666023616,-0.19032462425353805,-0.31857340058090877,0.02875220493286068,0.08491107626137297,1.4989762239880136,14.53596716550931,3,sequential_centroid_match,0.004643928184624635,29,2018-03-29,2021-07-19
0,0.005150585287243401,0.01012307887716652,0.6113623758950698,0.008949112860865072,0.06839103093471627,0.0639059692878372,0.00729955488626576,0.021915339223033597,0.7265716440874608,-1.9842217020557502,0,sequential_centroid_match,0.004774315847360921,30,2018-03-29,2021-08-16
1,0.005421908614911758,0.019641546718922827,0.5963893905385114,0.011380709270277477,0.06803205726706921,-0.2001757346675458,0.015885246200888666,0.047366835112567146,0.43077852388767823,1.3973433529326533,2,sequential_centroid_match,0.006860377181346933,30,2018-03-29,2021-08-16
2,-0.015722159539068244,0.01313846711488202,0.22787713352487876,0.011579415755215728,0.02782687338558042,-0.1899959032082817,0.009697414429262302,0.028912409677056647,0.7117195033964535,1.2960632014102897,1,sequential_centroid_match,0.010534850262805916,30,2018-03-29,2021-08-16
3,0.005198595125053973,0.03555082096844481,0.55186875899676,0.04790485729875233,-0.19017213555979362,-0.32200607961156297,0.02874463525280198,0.08488990406912661,1.4995115525136404,14.691238892785165,3,sequential_centroid_match,0.0031558398738658145,30,2018-03-29,2021-08-16
0,-0.015499857194528874,0.013007355180375333,0.228912612984993,0.011386861192011051,0.02840817210236157,-0.1884741985319041,0.009608390316684878,0.02865112890710879,0.706511345324011,1.255444538595152,1,sequential_centroid_match,0.01383742066474515,31,2018-03-29,2021-09-14
1,0.0051092286629312225,0.010118965068849536,0.6099578723789508,0.008870202556051858,0.06807253217642402,0.0616425029173147,0.007319548326490084,0.021976872507851818,0.721152624684557,-1.963394396310011,0,sequential_centroid_match,0.006612852021794986,31,2018-03-29,2021-09-14
2,0.005419608765919891,0.01960799396893618,0.5968371294494712,0.011328847904767519,0.06751995296183466,-0.2022712593860234,0.015872139039019465,0.047331800498729086,0.4284183714528167,1.4292917758603747,2,sequential_centroid_match,0.004399639933002666,31,2018-03-29,2021-09-14
3,0.0051298054843351565,0.035576148304535,0.5526997450590702,0.04791728314755843,-0.189408640609126,-0.32061237836885786,0.02874632750984772,0.08489569460825878,1.501369409499016,14.857037857961204,3,sequential_centroid_match,0.004398385579317153,31,2018-03-29,2021-09-14
0,0.0051839579091772815,0.010102410658695505,0.6113149799671723,0.008870731865248185,0.06721925464514386,0.06064980468992283,0.0073111407043885655,0.021947020181589512,0.7229964440689505,-1.9576745287733894,0,sequential_centroid_match,0.004827588450083123,32,2018-03-29,2021-10-12
1,0.00546631245488311,0.01956481509033197,0.5988455247607091,0.011281299022191332,0.0667210083881023,-0.20465906688646424,0.015839110864439555,0.04721688211806062,0.4268840690622019,1.4336310485111854,2,sequential_centroid_match,0.006315033119562486,32,2018-03-29,2021-10-12
2,0.005118974973421278,0.03557758109539824,0.5533695851357273,0.04790695164189259,-0.1897106689403887,-0.3190142664323507,0.02875344965553036,0.08490283110525396,1.5012614023592348,15.0065137626199,3,sequential_centroid_match,0.0021329865313843015,32,2018-03-29,2021-10-12
3,-0.015265854165292804,0.012967711220803972,0.22976046287710183,0.01121539755535633,0.028937423052253577,-0.19429042044162786,0.00959719686061511,0.028636590851698857,0.7014415159707775,1.215751733710611,1,sequential_centroid_match,0.011207923160639574,32,2018-03-29,2021-10-12
0,0.005357369154848439,0.0196139527096649,0.5979387333355324,0.011187617637457847,0.06704280299755688,-0.20390550268028965,0.015807545060934618,0.0471669522589212,0.42298259782072667,1.4619717919144741,2,sequential_centroid_match,0.006652885530603547,33,2018-03-29,2021-11-09
1,-0.015418093226919744,0.012996001881223934,0.2268729645591202,0.01128510925475441,0.028234420855187268,-0.19547669453486022,0.00960572941788677,0.028665736362681042,0.7041626361752235,1.2927461296439449,1,sequential_centroid_match,0.007180338059231168,33,2018-03-29,2021-11-09
2,0.00512088141712478,0.01015609833749929,0.6117598857933928,0.008819147737824488,0.06742506581949784,0.05985783506774031,0.007316647028597299,0.021969618764739414,0.7188956899478747,-1.9416839123152525,0,sequential_centroid_match,0.0052985505599226195,33,2018-03-29,2021-11-09
3,0.005145655401608589,0.035564462383339726,0.5530099308761866,0.04788733569396723,-0.18988103868254114,-0.3189412641542414,0.028759966538420244,0.0849386241897183,1.5015478148439332,15.14169955980758,3,sequential_centroid_match,0.0016393637149818166,33,2018-03-29,2021-11-09
0,0.005379373462959584,0.019581332616757947,0.5979945346453882,0.011097060115294814,0.06735221413311136,-0.20521056717465713,0.015780882473241425,0.047084348126927064,0.4193656327642461,1.465821070233812,2,sequential_centroid_match,0.005714813691115361,34,2018-03-29,2021-12-08
1,0.005176594397146756,0.01016616681340603,0.6128550007886259,0.008790220143304064,0.06765259789527069,0.058563069493737754,0.007320739697353629,0.021970316637815818,0.7159472756125884,-1.9496141351955631,0,sequential_centroid_match,0.0038185907923669014,34,2018-03-29,2021-12-08
2,-0.015195474505757388,0.012992941687527956,0.22963585815668003,0.011088230010982688,0.029867398384425127,-0.20113728294551353,0.00959279620925945,0.02864799574337923,0.6930596272174523,1.2344589127759544,1,sequential_centroid_match,0.016428617654554303,34,2018-03-29,2021-12-08
3,0.005141737811695831,0.03555048485439327,0.5533616118830575,0.047859705533611796,-0.18998632501989896,-0.3189837411611945,0.02876518981764624,0.08496806995758506,1.5024234590040995,15.281607927246387,3,sequential_centroid_match,0.0017215141252227872,34,2018-03-29,2021-12-08
0,0.005151051421740377,0.010136520132496123,0.613242711646645,0.008835054489244558,0.06822903808516982,0.06217292551786209,0.007306505886259658,0.021919699355394097,0.7243750595206138,-1.9439404376039824,0,sequential_centroid_match,0.009052522013311661,35,2018-03-29,2022-01-06
1,0.005337885370512168,0.019581508289384944,0.5978502255737647,0.011078388389884815,0.06778024541503566,-0.20774015441737104,0.015803024287913425,0.04709844127099569,0.4171236611621336,1.4741443201495947,2,sequential_centroid_match,0.003918622521128081,35,2018-03-29,2022-01-06
2,0.005104997948687746,0.035547691562526317,0.5537373506752836,0.04786103574814604,-0.1900421334093188,-0.3163072666388226,0.028784600362165628,0.08500211161661053,1.5037510330861517,15.378616792714444,3,sequential_centroid_match,0.0030645469754326253,35,2018-03-29,2022-01-06
3,-0.015105948383085328,0.013008449637682273,0.229754923680084,0.011048719951238642,0.030962516120911266,-0.20743429165974814,0.00962171133966134,0.028693892116805987,0.6930663625782892,1.2266304401578596,1,sequential_centroid_match,0.007866738659024887,35,2018-03-29,2022-01-06
0,0.004969770483062642,0.019991327053174957,0.5919983692531825,0.010948526940476613,0.06487184563520901,-0.22546538008168443,0.0160278824794486,0.04781356940775887,0.40769722694113814,1.5039317846830296,2,sequential_centroid_match,0.03676306607192503,36,2018-03-29,2022-02-04
1,0.00508819951757913,0.010200891162482012,0.6111661253287399,0.00887474705084411,0.06823853783502473,0.05346128887461184,0.007370880619816975,0.02207910360897163,0.7192211053059988,-1.9456368472396695,0,sequential_centroid_match,0.010949232417016149,36,2018-03-29,2022-02-04
2,-0.015282780602341547,0.013054004732638158,0.2260649491020082,0.011036474345429322,0.029371832691154388,-0.2097171223342183,0.009622460313608182,0.028744753410066888,0.6957495797368897,1.2507328608927881,1,sequential_centroid_match,0.01018300666816754,36,2018-03-29,2022-02-04
3,0.004345624817849535,0.03607824738216831,0.5425663107912091,0.04670682460966316,-0.18686578724517383,-0.345107685411266,0.029038172765949437,0.08588028988105095,1.453268329079434,15.140866851632179,3,sequential_centroid_match,0.08075930098314608,36,2018-03-29,2022-02-04
0,0.0059395584955916885,0.010304757882711724,0.6268123684130511,0.009003506646084389,0.0678870867252821,0.06002660012030778,0.0074746541579177464,0.022397654494879113,0.7217674890040255,-2.0141870898695187,0,sequential_centroid_match,0.03139453596202488,37,2018-03-29,2022-03-07
1,0.004395890315776527,0.020240926131218744,0.5814308346716174,0.011242450439037816,0.0602555041699533,-0.23029890986893853,0.016273914540752905,0.04852659176341804,0.41213382720336206,1.6643838249338114,2,sequential_centroid_match,0.037830046730999524,37,2018-03-29,2022-03-07
2,-0.014008190161084042,0.012625883023186568,0.24925603048070527,0.010519476934829892,0.0327152615029203,-0.17879495956321573,0.00929982883348062,0.02781246434429448,0.6916443292263592,0.8683794776294516,1,sequential_centroid_match,0.06425792955588917,37,2018-03-29,2022-03-07
3,0.004315358452387558,0.03602927456730866,0.5414320649800952,0.046465555835387154,-0.19032419789918673,-0.32146893187049885,0.029123357314323098,0.08612993574682307,1.4489094644593719,15.170108512481972,3,sequential_centroid_match,0.027459814036765475,37,2018-03-29,2022-03-07
0,0.005933651279656377,0.010313842267976214,0.6272897091260591,0.009006750256715273,0.06700816604579335,0.062189818792439164,0.007497104059142338,0.02245693279262645,0.7222379181449761,-2.0416472265370738,0,sequential_centroid_match,0.004590495095383837,38,2018-03-29,2022-04-04
1,0.004311484660950508,0.035947199820577716,0.5408838114828761,0.0461968160586661,-0.19444393614423383,-0.3090432907819976,0.029168499408980315,0.08629597559625679,1.4452618031235407,15.184306948806496,3,sequential_centroid_match,0.023968429873090155,38,2018-03-29,2022-04-04
2,-0.013934034965594285,0.012682909111511645,0.24931481750983447,0.010595104843770844,0.031783557162688575,-0.17789946649503052,0.009357463080372467,0.0279793197180675,0.6931676337975139,0.8681638613124408,1,sequential_centroid_match,0.007555405435773638,38,2018-03-29,2022-04-04
3,0.00455993990237046,0.02029502869069002,0.5841315656243803,0.011362534126108414,0.056749235988196436,-0.22517081199088562,0.016361105510731534,0.04878831503110266,0.4179199895204194,1.687579708348756,2,sequential_centroid_match,0.019427965944767516,38,2018-03-29,2022-04-04
0,0.00410093732817014,0.037024295788135195,0.5438456083666382,0.0450705669674759,-0.1915685865627007,-0.3117498824157299,0.029992434247104287,0.08881871122728939,1.3839704285548524,15.070128329035668,3,sequential_centroid_match,0.10986856744995013,39,2018-03-29,2022-05-03
1,0.004234967683619352,0.02075154701377252,0.5816211855907218,0.011486388317515972,0.05267665948366026,-0.21775334954873632,0.016676045882763134,0.049762447775530155,0.4233418776005895,1.7919062440014644,2,sequential_centroid_match,0.039287458472713366,39,2018-03-29,2022-05-03
2,0.005343989350372416,0.010402376504729211,0.6147841568156496,0.00889744171828981,0.06668591077123137,0.04915982190125402,0.007610980628663616,0.022795785266431952,0.7086312704917853,-2.015477285189835,0,sequential_centroid_match,0.029227495369574107,39,2018-03-29,2022-05-03
3,-0.015199093821040966,0.013149643851241146,0.22374881415788045,0.01116433836702927,0.024634417008302975,-0.1911211755831745,0.009758170179673174,0.02911720953697992,0.7000696270107227,1.2254678067382294,1,sequential_centroid_match,0.07104278921022267,39,2018-03-29,2022-05-03
0,0.004126404797904312,0.020834201515879683,0.5810843668626443,0.01184687118717475,0.0487644322024784,-0.21316888085296964,0.01675260540589691,0.04998553856274364,0.43685242226242893,1.847703304761563,2,sequential_centroid_match,0.026750368211653705,40,2018-03-29,2022-06-01
1,-0.015400119087074808,0.013245514390634712,0.2216189224927037,0.011395206082206216,0.02266581619856012,-0.18642131758017144,0.009871335389462728,0.02941332053457937,0.7067867141423385,1.2581846110172443,1,sequential_centroid_match,0.01802452523347207,40,2018-03-29,2022-06-01
2,0.0054208918124312964,0.010446549493378051,0.6158518447072251,0.009005744608418097,0.06548979140444056,0.04748836064279857,0.007647619657179392,0.022897830361424367,0.7115681246193382,-2.055049986811616,0,sequential_centroid_match,0.008428801727265008,40,2018-03-29,2022-06-01
3,0.0038389184297357437,0.036955268503417335,0.5467449690101034,0.044887806194551315,-0.1950704912738933,-0.2936040326581176,0.030041892782361634,0.08893001141974438,1.3756829946506244,14.99914410093578,3,sequential_centroid_match,0.025364786154235004,40,2018-03-29,2022-06-01
0,-0.015430044856574312,0.013408274698877459,0.2211936293803476,0.011600758639078206,0.019022103634189415,-0.17741841058367097,0.010059422082283982,0.029911546681254862,0.7111871849442021,1.3141234903303394,1,sequential_centroid_match,0.02485227811073211,41,2018-03-29,2022-06-30
1,0.005425116181774981,0.010482213007910057,0.6154186474111129,0.008963083268128476,0.06531926852878003,0.046380101702473225,0.007682680831744184,0.023024053038893176,0.708590357612439,-2.1297813658102167,0,sequential_centroid_match,0.0048345665900859395,41,2018-03-29,2022-06-30
2,0.003810934803360078,0.0367988949455758,0.5465522453653957,0.044472112616824634,-0.20373363166441844,-0.2619920528819546,0.03010686211310397,0.0892424824592346,1.3642274804173953,14.943707306531335,3,sequential_centroid_match,0.05059223720611194,41,2018-03-29,2022-06-30
3,0.00423854089752768,0.021075041301917355,0.5831359864353163,0.012344020582062756,0.041959249639980614,-0.2101792202265913,0.016989763339177427,0.0507225500162747,0.4500686055904036,1.9772719007479143,2,sequential_centroid_match,0.04313307060345938,41,2018-03-29,2022-06-30
0,-0.015006614465722379,0.01343542139666352,0.22855477927901885,0.011829860634178013,0.01665397169639945,-0.16914481340430135,0.01007396577613938,0.02999986624904592,0.7247019330165375,1.3083562038293008,1,sequential_centroid_match,0.024151270404124868,42,2018-03-29,2022-07-29
1,0.005482989243014259,0.010474954435078614,0.6165396962316158,0.008887032875321077,0.06430586431527083,0.048840241969886,0.007674802045422629,0.02300818076296246,0.707234159084132,-2.1881976174489024,0,sequential_centroid_match,0.006099672104755535,42,2018-03-29,2022-07-29
2,0.0037961474724344016,0.03679744227591063,0.5442205727823073,0.044106120409846364,-0.20995266350384284,-0.24304541770533802,0.030121162831989165,0.08941762005883763,1.3567115082116072,14.92892932023483,3,sequential_centroid_match,0.034721511576436576,42,2018-03-29,2022-07-29
3,0.004591716692929342,0.02112588627205022,0.5895107586849895,0.012542917996778195,0.03878460714597417,-0.19888159609591155,0.017030908230216812,0.05088408385665894,0.45529601289773425,1.9887130423824408,2,sequential_centroid_match,0.022529482249414628,42,2018-03-29,2022-07-29
0,-0.015139746500922379,0.013511113127636247,0.22526269793132864,0.011688085224076647,0.01808298157643247,-0.16986393265611377,0.010162926792020226,0.030280467158457704,0.7143773655114877,1.3107770640878538,1,sequential_centroid_match,0.015626806693819377,43,2018-03-29,2022-08-26
1,0.005453346661523228,0.010470571089013277,0.6164459036272323,0.008982738891835361,0.06372405958295072,0.049984302969391825,0.007681050115040559,0.023027994120675226,0.7124774805726037,-2.181983006373536,0,sequential_centroid_match,0.006753529742736268,43,2018-03-29,2022-08-26
2,0.0037929989137929685,0.03677569876264728,0.5441498610308557,0.044100260278814585,-0.2099770720102065,-0.24067887751817735,0.030136002831122367,0.08948318855257349,1.3569187450259985,15.033490812233644,3,sequential_centroid_match,0.0026572211602396483,43,2018-03-29,2022-08-26
3,0.004607243926167584,0.02105551459458649,0.5897172868625864,0.01258652543404948,0.038579026794614744,-0.1948807381074621,0.016990553052228186,0.05077190255682805,0.4601012604496768,1.9924830911901932,2,sequential_centroid_match,0.0073415279502552465,43,2018-03-29,2022-08-26
0,0.005392101048688577,0.01046126881368118,0.6148901681304224,0.008890209122809675,0.06447679197952057,0.04765764475014432,0.007677976203658522,0.023027372474512947,0.7086779259796293,-2.227828184909109,0,sequential_centroid_match,0.006813983728282777,44,2018-03-29,2022-09-26
1,-0.014952231268762788,0.013596575542097502,0.22582871585886594,0.012159466660508697,0.01460524149951346,-0.17050180486943622,0.010250144337721924,0.030530961895110224,0.7344518978494659,1.4221123607102983,1,sequential_centroid_match,0.03158289726035016,44,2018-03-29,2022-09-26
2,0.004720283556114211,0.02102455645178472,0.5928463536409104,0.01252230589238725,0.03946582221281232,-0.19219327043293266,0.016976219606040295,0.05072412578968485,0.4576612346190004,1.9546625152018156,2,sequential_centroid_match,0.0075603567718386415,44,2018-03-29,2022-09-26
3,0.003829507678118969,0.03675582799266444,0.5439944151643675,0.044113975778773726,-0.20987432997404085,-0.24159273330421394,0.030145880195752685,0.08951203125457706,1.357832591306343,15.10506780979225,3,sequential_centroid_match,0.0019995087816590718,44,2018-03-29,2022-09-26
0,0.005391408377161205,0.01044301742417593,0.6144510572276388,0.008897955479630897,0.0640966785625732,0.04596228651787501,0.0076629493594800365,0.022967522677416807,0.711455841944027,-2.266328367952719,0,sequential_centroid_match,0.0037677645173365467,45,2018-03-29,2022-10-24
1,0.005146285410224423,0.020959726720712158,0.6003904123807497,0.012685188719662711,0.03849002797899382,-0.18614286050193074,0.016910740370890215,0.05049579356841796,0.46698132615932436,1.9176088416698551,2,sequential_centroid_match,0.019915880860848615,45,2018-03-29,2022-10-24
2,0.003926880042063024,0.03676680284660276,0.5430768254773694,0.04402587020029942,-0.21033543071934982,-0.24439381416028239,0.030157649445539003,0.08947521821272901,1.3588337644686201,15.114990624355945,3,sequential_centroid_match,0.005580226308012654,45,2018-03-29,2022-10-24
3,-0.01490070841520593,0.01361061908893111,0.22552822463611977,0.012378965253860293,0.013103322592215097,-0.1636352559359518,0.010268228574724448,0.030587264367323314,0.74895605713043,1.4595220477674342,1,sequential_centroid_match,0.01845942542295426,45,2018-03-29,2022-10-24
0,-0.014796125043600521,0.013668213763079227,0.22841671917260764,0.012473380135429719,0.012642984196407393,-0.16396578664233047,0.01031356217285596,0.030713279131885245,0.7507429899341987,1.4401381880362019,1,sequential_centroid_match,0.007691953201713385,46,2018-03-29,2022-11-21
1,0.0053499452584528165,0.021119305354969174,0.6043369305420487,0.012782669994109985,0.0375561799424094,-0.18033828300116223,0.016967978122714722,0.050730055042061586,0.47169218918789885,1.8958330196234887,2,sequential_centroid_match,0.014330937557822956,46,2018-03-29,2022-11-21
2,0.005400579452190312,0.010455881993888434,0.6149997031841272,0.008953521932304502,0.0636741805628228,0.0445987485707615,0.007670477916666107,0.022964280028805885,0.7135298584769338,-2.2831042118519367,0,sequential_centroid_match,0.0037982076879890833,46,2018-03-29,2022-11-21
3,0.003858087770980453,0.037238140283304355,0.5440414198425221,0.04320621748206468,-0.20506709270870035,-0.25525199429640916,0.030403809979840088,0.09036312586580196,1.3159255085335064,14.909193386104468,3,sequential_centroid_match,0.06475818615942035,46,2018-03-29,2022-11-21
0,0.00539325105935458,0.010462418698342945,0.6152327332609888,0.009058644897193619,0.06402534137336917,0.04515014868079227,0.0076822018898608825,0.022998132026296792,0.7178238132247203,-2.27146726742419,0,sequential_centroid_match,0.006169786357399166,47,2018-03-29,2022-12-20
1,0.005486125318811346,0.02114272875637585,0.606675332287211,0.012817672733606414,0.03810328665196643,-0.1824103355387812,0.017003941685280233,0.05082474068690848,0.47158245578386093,1.906824831039982,2,sequential_centroid_match,0.006112257001919676,47,2018-03-29,2022-12-20
2,-0.014800787804860188,0.013700369364342942,0.22691842231759324,0.012487880671712397,0.014073589170882233,-0.16456991315433706,0.010352919867559316,0.03084234122450151,0.7488971593865532,1.4516187104292886,1,sequential_centroid_match,0.007410222026834304,47,2018-03-29,2022-12-20
3,0.0038532074163189715,0.03722219048169233,0.5438393666171799,0.04325940031894539,-0.20442456318959132,-0.2565721871919361,0.030408989765712102,0.09035348194378444,1.3180767726133598,14.995094178856595,3,sequential_centroid_match,0.004253345712385646,47,2018-03-29,2022-12-20
0,0.005301348319162459,0.021132252288546566,0.6041982429706415,0.01278171079347816,0.039117416376068706,-0.18382625797112362,0.016991600364333302,0.050795772075782925,0.4700589271426455,1.9189389030871444,2,sequential_centroid_match,0.007353220096173558,48,2018-03-29,2023-01-20
1,0.0055193822404909654,0.010493823567987658,0.6185914092664438,0.009132056766192585,0.06494414160260911,0.04777171934707359,0.007705174705252988,0.023067230975917563,0.7214982193023604,-2.267146822886157,0,sequential_centroid_match,0.008546493427290013,48,2018-03-29,2023-01-20
2,0.003874335033444811,0.03721099881843288,0.5443871630390289,0.04329255880391991,-0.20429338562736835,-0.2566056567860989,0.030417351849128964,0.09037675532221173,1.319857526889421,15.08510411533032,3,sequential_centroid_match,0.002513306496205827,48,2018-03-29,2023-01-20
3,-0.014714006429870531,0.01365739705268516,0.22712402581650454,0.012415916360982169,0.015524437503959567,-0.15892576906149217,0.01031503115393709,0.03076966491005689,0.7479607509383445,1.4281061131106754,1,sequential_centroid_match,0.009206068983644195,48,2018-03-29,2023-01-20
0,0.005287397793022038,0.021123554457335738,0.6028436865247611,0.012667417443516316,0.04062959017300405,-0.1817982550727379,0.01696210078446097,0.05075561179195365,0.47229466563560896,1.8668303458346425,2,sequential_centroid_match,0.008798466166293803,49,2018-03-29,2023-02-17
1,0.005521477130304055,0.010493004080526818,0.618756428617399,0.00915728703127927,0.06500786304202247,0.045662655578382325,0.007690139881051829,0.023012834775730715,0.7219716392987137,-2.270422446582715,0,sequential_centroid_match,0.002515837595652198,49,2018-03-29,2023-02-17
2,-0.014673006041918827,0.013651105781690915,0.22729081813433555,0.012379000967144444,0.0160940005422401,-0.15722270653173903,0.010298067282743283,0.030719793651720423,0.745935814309834,1.4184298784919323,1,sequential_centroid_match,0.004077755415199523,49,2018-03-29,2023-02-17
3,0.004218622805987893,0.037692495338994485,0.5490606834315127,0.042404455901984626,-0.1965048876609451,-0.2667664790765702,0.030857070194912725,0.09178951538825927,1.2686152611824637,14.957670257697513,3,sequential_centroid_match,0.08137998700488658,49,2018-03-29,2023-02-17
0,0.005510813095000385,0.010473843010153736,0.6186234136466282,0.009148830246870406,0.06445083380229638,0.04560887487992832,0.007663038038507569,0.022919772098217363,0.7228475574709969,-2.2824300959009385,0,sequential_centroid_match,0.0034719058659129247,50,2018-03-29,2023-03-20
1,0.005401994961957851,0.021088575396155215,0.6063598906124973,0.012605472553795481,0.04047204354289761,-0.1823246196406374,0.016925184173239103,0.05064342482586689,0.4712965723014779,1.8373025486417465,2,sequential_centroid_match,0.0067656391632868315,50,2018-03-29,2023-03-20
2,-0.014607677952753185,0.013667454147884275,0.22726523363944173,0.012321487276301182,0.015999351587498763,-0.16114284508785176,0.010314794486617781,0.03076767795492798,0.743149641668459,1.4105699318942688,1,sequential_centroid_match,0.005371782200263155,50,2018-03-29,2023-03-20
3,0.004211175626372788,0.037681509842176254,0.5506430675309294,0.04238026845021712,-0.19710075685316855,-0.2694691273659083,0.030847848384973203,0.0917655080880912,1.2688520092511975,15.019744457328983,3,sequential_centroid_match,0.004193654003062414,50,2018-03-29,2023-03-20
0,0.005332706406893925,0.021075885196936553,0.6049429538494082,0.01255437974821948,0.04087504896818481,-0.18135504277406866,0.016936146432973746,0.05069177478992011,0.4698075916937705,1.8538390465939871,2,sequential_centroid_match,0.004211021674986232,51,2018-03-29,2023-04-18
1,0.005526481341354092,0.010481672611500525,0.6196203314743999,0.009171736421061937,0.06430702797170523,0.04726703923429386,0.007677887145032865,0.022970899348082722,0.7248990522223792,-2.2725834481217055,0,sequential_centroid_match,0.0032195890607794866,51,2018-03-29,2023-04-18
2,0.004248175375543756,0.03766158838502941,0.5506974911830833,0.042373971486206315,-0.19711583139113525,-0.2717899519840406,0.030852389061418295,0.09178987820956909,1.2693467245957155,15.0966169317132,3,sequential_centroid_match,0.0024781759267283607,51,2018-03-29,2023-04-18
3,-0.014573643864490528,0.013625726279480475,0.2272167846367456,0.01229384284666303,0.016256411344286972,-0.15770253559251057,0.010281540289854611,0.030664883378494486,0.7439769673282071,1.4099824554057072,1,sequential_centroid_match,0.004766770268940899,51,2018-03-29,2023-04-18
0,-0.014370907819014652,0.013637851592113547,0.22934786571369647,0.012160579934573727,0.017002837061396606,-0.1532993867257629,0.01029996533422936,0.030742745237958113,0.7358584225510583,1.3931385584767257,1,sequential_centroid_match,0.01228572872066044,52,2018-03-29,2023-05-16
1,0.004277941879824001,0.03766340095201962,0.5513159434926664,0.04237374626016411,-0.1969048275824241,-0.2749771368362048,0.03084766991814479,0.09178738023141905,1.2705540325561113,15.164946268160302,3,sequential_centroid_match,0.0032945181930568676,52,2018-03-29,2023-05-16
2,0.005395576692255219,0.02110126454485562,0.6058857327925345,0.012529853526523103,0.040724126274083304,-0.1787991175435198,0.01694388496196629,0.050728748511005325,0.46742923359115923,1.8726909439125619,2,sequential_centroid_match,0.004139068978242906,52,2018-03-29,2023-05-16
3,0.005523763931015811,0.010472258216472762,0.6192361781015026,0.009162374036324505,0.06383685663698482,0.04939182411827333,0.007663760016732515,0.02293188547249202,0.7237364852477419,-2.269830710806431,0,sequential_centroid_match,0.0032093258267891426,52,2018-03-29,2023-05-16
0,0.005403921233245218,0.010456211345764093,0.6166810631879224,0.009125824363530429,0.06446207525767828,0.04541228650439507,0.007654585516632972,0.022887143705462458,0.7210410293686137,-2.2639871674209133,0,sequential_centroid_match,0.006965429880113574,53,2018-03-29,2023-06-14
1,-0.01431623223118518,0.01375333909491506,0.22903508031463088,0.012231124583958778,0.01687186584759565,-0.15623459870895814,0.010403227832856887,0.031045618626636153,0.7341049582982346,1.4672647831024197,1,sequential_centroid_match,0.010451677431254478,53,2018-03-29,2023-06-14
2,0.005719744822774426,0.021147946662405385,0.6111397303148339,0.012402083834414502,0.04246573300118668,-0.17769341574319727,0.01695212692463923,0.05075325916011445,0.4639407581457148,1.8266689804483436,2,sequential_centroid_match,0.01450948594593618,53,2018-03-29,2023-06-14
3,0.004258248523497844,0.037727491164242045,0.5502345780813714,0.04228245444928673,-0.19715460294209836,-0.26678937594366586,0.030852661548546885,0.0918527449407788,1.271945940985792,15.214348355289157,3,sequential_centroid_match,0.008996593514755282,53,2018-03-29,2023-06-14
0,0.004249579460544382,0.0377333190764186,0.5501431438047502,0.04224306892859292,-0.19757721382432353,-0.2672497558398462,0.030847102997354218,0.09185016785816219,1.2721727042455928,15.313806118468896,3,sequential_centroid_match,0.0025976119665557657,54,2018-03-29,2023-07-14
1,-0.014294930674893987,0.01361231772443352,0.22837025692888058,0.012126145168162164,0.018088578726731506,-0.1571370316417096,0.010291209104187096,0.030713416228307488,0.7338199971615004,1.4227205104824776,1,sequential_centroid_match,0.012794409912953612,54,2018-03-29,2023-07-14
2,0.005412360376471156,0.021184877149309448,0.6055796627766779,0.012434708162902614,0.04201193374597926,-0.17663432683719477,0.01699466449737489,0.05088381935558932,0.46298025211209426,1.9277677303890572,2,sequential_centroid_match,0.011260256042605714,54,2018-03-29,2023-07-14
3,0.005414341226438339,0.010508192627056021,0.6174928284412665,0.009071905385582188,0.06518879956267472,0.044873655999338964,0.007708233183789466,0.023044376576430207,0.7150274943045232,-2.2460640591497207,0,sequential_centroid_match,0.008456444535795813,54,2018-03-29,2023-07-14
0,0.004251659189896324,0.037706001475542206,0.5496971345792022,0.0421757706449818,-0.19811313255532173,-0.2662009333523172,0.030869599928189925,0.09191600838168601,1.2721502090923507,15.393031379867928,3,sequential_centroid_match,0.004441473150556285,55,2018-03-29,2023-08-11
1,0.005349300553842865,0.021214260424363945,0.6046670208152862,0.012408317615664,0.04257355696395503,-0.17731573408680915,0.016999354351512314,0.05091093785277337,0.4606888043130368,1.9669440313171025,2,sequential_centroid_match,0.00428882782122428,55,2018-03-29,2023-08-11
2,0.005368803888504533,0.010533734698761985,0.6172655380048038,0.008997530966817928,0.06614293323022517,0.04350346060388947,0.0077174461504594255,0.023074682764876057,0.7096772400162121,-2.237828910557434,0,sequential_centroid_match,0.0076698544317842145,55,2018-03-29,2023-08-11
3,-0.014224552308364662,0.013632344006670108,0.22919275468759676,0.01206709991990537,0.019020205423416574,-0.1578413088355958,0.010292518125687499,0.030723141559577692,0.7301092589712239,1.4388734505253253,1,sequential_centroid_match,0.006416844874201439,55,2018-03-29,2023-08-11
0,0.0053452278015899924,0.010516511368644614,0.617216959125132,0.00896531900498222,0.06612072498339375,0.04590565993008886,0.007705503179425992,0.02304165792388123,0.708106679823729,-2.226772131250785,0,sequential_centroid_match,0.0032270497972786334,56,2018-03-29,2023-09-11
1,-0.014122738057366918,0.013604568428776794,0.2300540165208807,0.011968707756478687,0.019827913470923435,-0.1554237359523734,0.010274891615108995,0.03067750670341045,0.7255205836431616,1.4335281983026256,1,sequential_centroid_match,0.008101917086353114,56,2018-03-29,2023-09-11
2,0.004269914777877235,0.037702468288137565,0.5505112438174132,0.04217301166263373,-0.19793328845591415,-0.2725141548967983,0.030861183277812017,0.09188833797353102,1.2733566237226088,15.466928258910281,3,sequential_centroid_match,0.00583920948614954,56,2018-03-29,2023-09-11
3,0.005383406370577924,0.021174808977777914,0.6052049102213135,0.012348655778657935,0.042978459199972834,-0.17550577228281614,0.01696774350259607,0.050819581841423545,0.45878960329167506,1.9740803804035982,2,sequential_centroid_match,0.005090302979388088,56,2018-03-29,2023-09-11
0,0.005306364386681562,0.021111650607453004,0.6042689703319651,0.012297245867639433,0.04247061121044199,-0.1746709614301377,0.016922866281554396,0.050682242280383406,0.4578248111657026,1.9846832297000279,2,sequential_centroid_match,0.006109838758242901,57,2018-03-29,2023-10-09
1,0.0054366609775618165,0.010488934635867512,0.619033450259025,0.008957571795929998,0.06530967185303871,0.04702884150219339,0.007681403914005248,0.022973139098969014,0.708046968451574,-2.229248061347821,0,sequential_centroid_match,0.005405913624007111,57,2018-03-29,2023-10-09
2,0.004239324405460497,0.037701540133652366,0.5512121898478693,0.04220048851565454,-0.1973590024594512,-0.27071483380194356,0.030879878431209592,0.0919438955703167,1.2753171609424303,15.568195089949628,3,sequential_centroid_match,0.0041604576386724094,57,2018-03-29,2023-10-09
3,-0.013898479530207142,0.013505078194011774,0.23254260848865466,0.011729415730963004,0.020841735756182027,-0.15535780198218926,0.010198211973954483,0.0304496834656304,0.716670126761311,1.3471192679591788,1,sequential_centroid_match,0.017329061858767345,57,2018-03-29,2023-10-09
0,-0.013868891165488974,0.013572713495823974,0.2326533482076979,0.01159622748782077,0.020094766042877094,-0.15753654266371117,0.010243456942144838,0.03058843653306908,0.7079717620936559,1.341962125757061,1,sequential_centroid_match,0.011952667951634705,58,2018-03-29,2023-11-06
1,0.005435782816520479,0.010484423162779817,0.6195762016172702,0.008995881744246226,0.06368638447177574,0.04624170548713425,0.00767971233150462,0.022965354850970815,0.7095481975672551,-2.221399805492351,0,sequential_centroid_match,0.007591924306844156,58,2018-03-29,2023-11-06
2,0.0042735677444916305,0.037721805753631266,0.5511349087532903,0.042195507425493425,-0.19863727725379682,-0.2673750397589812,0.030861776335467078,0.09189957665254421,1.2767208539978876,15.627906791194823,3,sequential_centroid_match,0.00676732324454036,58,2018-03-29,2023-11-06
3,0.005153428954084785,0.021104605948829337,0.6009786889350728,0.012161754482724321,0.04105108988551106,-0.17545524510050498,0.016891101784440136,0.050598766803347656,0.45250611711269156,1.9805304377503345,2,sequential_centroid_match,0.011818884910919616,58,2018-03-29,2023-11-06
0,-0.013804183688459891,0.013529759844984295,0.23341755593581692,0.011622973350295478,0.01910916171765682,-0.15480021396353966,0.010208948368092906,0.030475371628466134,0.7113705679595529,1.3717484534815623,1,sequential_centroid_match,0.007239585402857007,59,2018-03-29,2023-12-05
1,0.0053291920827706245,0.010461046496594913,0.6179036069551571,0.008914088288073222,0.06308538241141734,0.045883467030650056,0.007667057416339497,0.02291411428727058,0.7068310837555051,-2.215235323613068,0,sequential_centroid_match,0.006443526683188203,59,2018-03-29,2023-12-05
2,0.005222993531467806,0.021047059711921175,0.602748525972346,0.012181543512156041,0.04057734206563149,-0.17444938713411337,0.016843255466251393,0.05044821667984083,0.4548967647925906,1.989386504915998,2,sequential_centroid_match,0.006400986167969498,59,2018-03-29,2023-12-05
3,0.004259801758932811,0.03773727749087273,0.5509503199566861,0.042215215807915624,-0.19825741966077565,-0.2673460817114591,0.030873451242898566,0.09193666063763543,1.2768205279232847,15.72316513053713,3,sequential_centroid_match,0.002269316754204454,59,2018-03-29,2023-12-05
0,-0.01376718061836879,0.013458206989721954,0.23390954414157145,0.011543044648208534,0.019648056159529102,-0.15608183788718138,0.010153425542095248,0.030305323673682244,0.71017468290737,1.3759247875532488,1,sequential_centroid_match,0.007252012597853026,60,2018-03-29,2024-01-04
1,0.005149069216886284,0.021053044544561222,0.601415851971761,0.012115421006941112,0.040555354125671086,-0.17790796245677082,0.016857005943648043,0.05046908670554712,0.45113058704254816,2.0275674396352863,2,sequential_centroid_match,0.006221953520565642,60,2018-03-29,2024-01-04
2,0.004239460957667565,0.03775913296170192,0.5484382874244798,0.04221301743622487,-0.19790574231228975,-0.2544513470114226,0.030897124014292014,0.09200227235374282,1.276021638736513,15.850685853045169,3,sequential_centroid_match,0.012186560970485392,60,2018-03-29,2024-01-04
3,0.0053335637729689835,0.010430596219557123,0.619348079045642,0.008860465155511154,0.06319895076687755,0.04215758331052612,0.007642962022985199,0.02284038040879606,0.7058266717609601,-2.2115749643406035,0,sequential_centroid_match,0.005183525531490949,60,2018-03-29,2024-01-04
0,0.005307545828904089,0.010431527458545498,0.6191846002407673,0.008811886752001202,0.0639512759397753,0.03991702933441395,0.007638272646395437,0.02282296548762897,0.701920044278736,-2.2056449799921256,0,sequential_centroid_match,0.00591387755329674,61,2018-03-29,2024-02-02
1,0.0052122519108671606,0.021126850208135713,0.6023300208653612,0.012006169931966073,0.04221081621853724,-0.1814827194386645,0.01687011348692303,0.05051700013622813,0.4452916187092011,2.02537524694012,2,sequential_centroid_match,0.011743450646620638,61,2018-03-29,2024-02-02
2,-0.01375024661473293,0.013484121605880257,0.2336831171074551,0.01150950433261009,0.020185694072014752,-0.15340563545632957,0.01017626847607553,0.0303830484901843,0.7066606021997643,1.4193525158512565,1,sequential_centroid_match,0.005529066844715316,61,2018-03-29,2024-02-02
3,0.004266214258197479,0.03779774919201079,0.5473130691067628,0.04212380922743672,-0.19827968279818398,-0.24975735674634741,0.030911572439981917,0.09206307995736383,1.2765778692429202,15.915949134601808,3,sequential_centroid_match,0.006619454463800098,61,2018-03-29,2024-02-02
0,0.004287133892234713,0.037781280130284825,0.5485245801512489,0.04207990184042489,-0.19948378265709366,-0.25588953048096574,0.03089356345926917,0.09201429933955219,1.2767322064179467,15.961693089659573,3,sequential_centroid_match,0.008175574139674055,62,2018-03-29,2024-03-04
1,0.005235693109199452,0.0104324135144533,0.6176987071111678,0.008761561367937258,0.06519141083473642,0.04099477609448056,0.007635530040600669,0.022819104952092318,0.6991430034215098,-2.197077336026385,0,sequential_centroid_match,0.007131128988835256,62,2018-03-29,2024-03-04
2,0.005247043649336344,0.02113569714093355,0.6028866093614014,0.012011970268073663,0.04270714954960182,-0.179550295242131,0.0168582169722265,0.050498861737106215,0.44569809002510646,2.051770721037971,2,sequential_centroid_match,0.0031636691702871754,62,2018-03-29,2024-03-04
3,-0.013732158242431642,0.013477043697066916,0.233151150020818,0.01149552336039507,0.020956968318048923,-0.15254798906294542,0.010170667484582067,0.03037221346342116,0.7057820388279334,1.4398433171122096,1,sequential_centroid_match,0.003797034474941845,62,2018-03-29,2024-03-04
0,-0.013719775841757865,0.013560170022674897,0.2324640624238548,0.01152894190854827,0.021103709151390294,-0.15554512763335593,0.010231947261417896,0.030557769574667187,0.7032961050643003,1.5083580425468148,1,sequential_centroid_match,0.0074009641833486725,63,2018-03-29,2024-04-02
1,0.005371222689599431,0.021134914930910048,0.6052114571079974,0.012044830622237478,0.043006304252405696,-0.17811926311562556,0.01684358746661231,0.05046001456789386,0.4464717153918297,2.090240849996778,2,sequential_centroid_match,0.005136069848559217,63,2018-03-29,2024-04-02
2,0.005109806736334268,0.01045738246560442,0.6154480441234663,0.008657783758270202,0.06640293301882136,0.03768019703246091,0.0076462001569541065,0.0228575005606554,0.6917783640217564,-2.191897052558629,0,sequential_centroid_match,0.011509569470689825,63,2018-03-29,2024-04-02
3,0.004256340221290236,0.0377669508351709,0.5483510254909489,0.041995678976253295,-0.20016435218753836,-0.25175374263851796,0.030918044617020864,0.09208610156537503,1.2767451424028406,16.074249579717474,3,sequential_centroid_match,0.00645944517771773,63,2018-03-29,2024-04-02
0,0.00514872987450467,0.010503337288119502,0.6164748522546089,0.008640130735393518,0.06668608065944163,0.03661812403990583,0.007670166566308201,0.02292857151848785,0.6882585154564617,-2.1819325457130323,0,sequential_centroid_match,0.005092341447622999,64,2018-03-29,2024-04-30
1,-0.013574295845255623,0.013540982916588637,0.23456086408580457,0.011364312090064188,0.022778738048766387,-0.15455111419271406,0.010196735780401442,0.030451576495560156,0.6954307591994505,1.4580564832950034,1,sequential_centroid_match,0.014186587163954283,64,2018-03-29,2024-04-30
2,0.00422632601542718,0.03776169487403652,0.5486989204983993,0.041938909217620904,-0.20034050690392186,-0.2506730245851995,0.030933248658274463,0.09210707963820619,1.2778683799998767,16.13627067665383,3,sequential_centroid_match,0.003330668105246661,64,2018-03-29,2024-04-30
3,0.005374370054872521,0.021263055191468837,0.6060826260490507,0.012052225800325516,0.0429234967223974,-0.17818708072242356,0.01692507622943762,0.05067519290610566,0.4431724153043293,2.148746801558672,2,sequential_centroid_match,0.009203780838301487,64,2018-03-29,2024-04-30
0,0.005198003225034111,0.021142436607350726,0.6021714797064998,0.011943232085519978,0.04336876474333633,-0.17619664587159367,0.016812174264124083,0.05034964169571318,0.44201479503000934,2.1293022644879134,2,sequential_centroid_match,0.013687749788330997,65,2018-03-29,2024-05-29
1,-0.01361345607955774,0.01349646214950573,0.2327581210172625,0.011350896223756646,0.022610782696782718,-0.150862175395459,0.010147209482182042,0.03031530778901293,0.6963517644534488,1.4784197990323271,1,sequential_centroid_match,0.0061025026940509305,65,2018-03-29,2024-05-29
2,0.00510874613071456,0.010476506895211991,0.6157692024041973,0.008606828564697579,0.06668416762934282,0.03886116477272135,0.007640687863565383,0.022846853265422525,0.6872037382037911,-2.180844586257336,0,sequential_centroid_match,0.003976486556605961,65,2018-03-29,2024-05-29
3,0.004253267979511895,0.03774782879621014,0.549490391695024,0.041943227340725635,-0.20021596310354772,-0.25690973526577643,0.030927154629625156,0.09207934597980105,1.2789760260133622,16.198575238327727,3,sequential_centroid_match,0.005876781740333955,65,2018-03-29,2024-05-29
0,0.0042364220947172255,0.037756166644408715,0.5480979752019282,0.041948198802586746,-0.19912984762122174,-0.2526311295153822,0.030950851488574814,0.09216087802735046,1.2820971930053964,16.310756699340583,3,sequential_centroid_match,0.007449546472988908,66,2018-03-29,2024-06-27
1,0.005047774073920246,0.010477389491298719,0.6151224860866972,0.008543565709589746,0.06645579253307975,0.03670250689599413,0.007635436799415233,0.022834085642317318,0.6825332133305744,-2.178263102378932,0,sequential_centroid_match,0.006136158530519984,66,2018-03-29,2024-06-27
2,-0.01358414935250918,0.013552384240232905,0.23324967743166702,0.011349118319761627,0.022266732682046337,-0.1519787214743284,0.010192954392042989,0.03045430743079647,0.6932689773171178,1.5309375003507328,1,sequential_centroid_match,0.005812411827865835,66,2018-03-29,2024-06-27
3,0.005234359171367794,0.021087243157277592,0.603321779918041,0.011836378574843244,0.0435532998271446,-0.17716937263707475,0.01676389874172849,0.050216419999564006,0.43813672162285355,2.1140164645883748,2,sequential_centroid_match,0.00795245618880635,66,2018-03-29,2024-06-27
0,-0.013554689133413194,0.013547870416055402,0.23362006392227352,0.011313492229176514,0.022369645282298782,-0.15018836567630106,0.010182422098620676,0.030417863450255867,0.6915243981075768,1.543819546923131,1,sequential_centroid_match,0.0031733967059623547,67,2018-03-29,2024-07-26
1,0.005027146556629906,0.0104946341531397,0.6147504913805173,0.008486341843770675,0.06653128566842259,0.036793210247690916,0.007641724294081361,0.022853645895269732,0.6779167529939327,-2.1763473339653823,0,sequential_centroid_match,0.005397471605628017,67,2018-03-29,2024-07-26
2,0.004228755047341292,0.03774692407461969,0.5484687741593806,0.04193501932857785,-0.19841566876656397,-0.2570184459330884,0.03096199877070678,0.09217243161380939,1.285284959656833,16.342855284409296,3,sequential_centroid_match,0.006071979399440557,67,2018-03-29,2024-07-26
3,0.005034664331736132,0.021111976855110036,0.5999644475422147,0.011683029419702786,0.044236698180099586,-0.17903892226921986,0.016777691511308368,0.050229286000626074,0.4304549223575703,2.1211307751299344,2,sequential_centroid_match,0.012941255974460077,67,2018-03-29,2024-07-26
0,0.0050209245226475905,0.010519312078472828,0.6154833079235635,0.008518753071047505,0.06599138944326059,0.038859960620344566,0.007644463299942724,0.022850541524611016,0.6786510244518786,-2.156341429245793,0,sequential_centroid_match,0.0038094440345065304,68,2018-03-29,2024-08-23
1,-0.013580946749157718,0.013531600718795745,0.23322821003219235,0.011292454780351378,0.022266120200079995,-0.1550726945474259,0.010159274113600212,0.03035063758829588,0.6920359031298289,1.540645051576076,1,sequential_centroid_match,0.005000450344659546,68,2018-03-29,2024-08-23
2,0.0042513398886351965,0.0377511226096426,0.5492602211319492,0.0419191746985081,-0.1987781936099141,-0.2612373825926803,0.030944018189517253,0.09213041298637267,1.2853931892069854,16.385682208055982,3,sequential_centroid_match,0.004529524483908194,68,2018-03-29,2024-08-23
3,0.004873553608059504,0.0211852448679326,0.5972838322185979,0.011613762000569454,0.04423829713748945,-0.1881732795599962,0.016801888513759917,0.05029706579699708,0.4258895667733862,2.1341080737377895,2,sequential_centroid_match,0.011938338930898297,68,2018-03-29,2024-08-23
0,-0.013534250515532064,0.013516445986654309,0.23372976009204982,0.011235243305403805,0.022567543040486235,-0.15424244670262677,0.010145145919545509,0.030305294846669682,0.6899288087734791,1.540597114623937,1,sequential_centroid_match,0.004187065413080763,69,2018-03-29,2024-09-23
1,0.005017861311712094,0.010507578146008396,0.6159303245435608,0.008522951768780162,0.06568558672503091,0.03908335365180101,0.007627806321597614,0.022802655257760415,0.679074328851023,-2.153785127131589,0,sequential_centroid_match,0.002130071046445025,69,2018-03-29,2024-09-23
2,0.004258252205286273,0.03774719779661823,0.5491389261073989,0.04191672488978521,-0.19875318746895818,-0.2598690899242283,0.030950820655977505,0.09214395701237757,1.285552724027752,16.469351122009368,3,sequential_centroid_match,0.001342882497185509,69,2018-03-29,2024-09-23
3,0.0048069496580200426,0.02117720876636036,0.5962048718141368,0.011581322594705835,0.044129367034901,-0.18935770973177513,0.01679661573325026,0.05027669006975603,0.42440709123311593,2.15136343437212,2,sequential_centroid_match,0.003340276204899219,69,2018-03-29,2024-09-23
0,0.004944168814978461,0.010497813231501318,0.6147343523161499,0.008475227850351878,0.06549313170627089,0.03929569966537399,0.007613958073527462,0.022778101966196125,0.6761873765358396,-2.150520875426887,0,sequential_centroid_match,0.004599102692352867,70,2018-03-29,2024-10-21
1,0.004257063423312328,0.03773807094947861,0.5492238975003898,0.041923236216544,-0.19825261875554628,-0.2629793689781927,0.03095614990934186,0.09215945672038516,1.287613842866111,16.541548089194333,3,sequential_centroid_match,0.004165004701184473,70,2018-03-29,2024-10-21
2,-0.013471117875795408,0.013574342198563774,0.23454314788661218,0.011241098424057357,0.02231606483854535,-0.1546734359581077,0.010189239485275907,0.030448404645220004,0.6874109700891028,1.5812382793852842,1,sequential_centroid_match,0.005716716046701848,70,2018-03-29,2024-10-21
3,0.004821599514228664,0.02114119835415998,0.5968368163826908,0.011499840256466118,0.04437174888563612,-0.1872899384909136,0.01676099894188356,0.050200801458855464,0.4214945926953261,2.1472932893878345,2,sequential_centroid_match,0.00607936177944293,70,2018-03-29,2024-10-21
0,0.004854773015272657,0.010521394175966767,0.613143401283599,0.008440014223786402,0.06567671056087102,0.03752240671244476,0.007621949338062629,0.02279244887986965,0.6720243705644404,-2.134901617728861,0,sequential_centroid_match,0.005865174395003356,71,2018-03-29,2024-11-18
1,0.005065912921595434,0.02123823554407388,0.59996102810286,0.011416075691228328,0.045445865175239825,-0.19308818353105986,0.01685058805052944,0.050545689251836834,0.4162002648345565,2.1327160905638114,2,sequential_centroid_match,0.015551125863573764,71,2018-03-29,2024-11-18
2,0.0043236547024564295,0.03771104150457407,0.5484556423765728,0.04185830472275384,-0.19785656763007753,-0.26773294295321715,0.03097142100923992,0.09231976287021473,1.2920570283354924,16.536970496084802,3,sequential_centroid_match,0.008060450030886634,71,2018-03-29,2024-11-18
3,-0.013367898416271697,0.013699074724557383,0.23612918767362673,0.011296346698462498,0.022047588102968182,-0.1546481904705171,0.010290930767073351,0.030744085086837562,0.6840478200037767,1.6498407877567762,1,sequential_centroid_match,0.011440119120143533,71,2018-03-29,2024-11-18
0,0.004803713859256874,0.021234690027050217,0.5946420015674526,0.011242328763546233,0.04649701401926587,-0.19809704697799912,0.016839266220165874,0.05051161099084833,0.4069394358053909,2.13055018233791,2,sequential_centroid_match,0.017108824104156244,72,2018-03-29,2024-12-17
1,0.004837848501311317,0.01057536883939147,0.6125348587975482,0.0083184062073195,0.06666351214668978,0.0351397264725916,0.00765948342259332,0.02289732458957037,0.6628110909077332,-2.143557604052737,0,sequential_centroid_match,0.012538383816884734,72,2018-03-29,2024-12-17
2,-0.01311807829480476,0.013573514278673615,0.2406347672228505,0.01153149093013101,0.02026937781774347,-0.14545914762885448,0.010176283400067434,0.03038705376506114,0.6993959085119598,1.6850007438322043,1,sequential_centroid_match,0.02624519836428028,72,2018-03-29,2024-12-17
3,0.004306942228142084,0.0376852493425678,0.5495942641576121,0.041825532645859725,-0.19765906453662874,-0.27224640580433174,0.030976967782037595,0.09236634714628489,1.294423144190036,16.590073009112263,3,sequential_centroid_match,0.005415096468106027,72,2018-03-29,2024-12-17
0,-0.013174806778548138,0.01343258584669304,0.2386953436203576,0.01141912296409781,0.020542384632056546,-0.14160876069409908,0.010052461211970183,0.03001757248403154,0.6981097443566925,1.6417438911904565,1,sequential_centroid_match,0.013939877486645198,73,2018-03-29,2025-01-17
1,0.004677233008387022,0.02107379307130213,0.5928190055145588,0.01120628796166249,0.046170727334813345,-0.19653243351032848,0.016699158054666312,0.05008231973311768,0.4098789214389605,2.102740353716655,2,sequential_centroid_match,0.014841075902279472,73,2018-03-29,2025-01-17
2,0.004301055995073081,0.03768605465582976,0.5501468630958049,0.04183981085429987,-0.19720535920154225,-0.27419279403934704,0.030984812261891512,0.09238649465633056,1.2963463582257868,16.66985629371437,3,sequential_centroid_match,0.0035226601960271437,73,2018-03-29,2025-01-17
3,0.004855841066848313,0.010549094121942854,0.6129263521870285,0.008301375412597178,0.06622610577263173,0.03702460821395541,0.007634098984557315,0.02281920933393798,0.661432233293561,-2.1480868616401567,0,sequential_centroid_match,0.003966876259414681,73,2018-03-29,2025-01-17
0,0.004319423657301474,0.037698834713562925,0.5513604531524334,0.041815297726521615,-0.19723086803044182,-0.28351155551991514,0.030956012799270762,0.09230743352462382,1.2995356924191666,16.652451510019837,3,sequential_centroid_match,0.009308543220269883,74,2018-03-29,2025-02-18
1,0.004867519202952549,0.010599098669063702,0.6134332472984109,0.00828991709013213,0.06597784180805483,0.03695638578749591,0.007673023118600511,0.022936721879356897,0.6582688897661556,-2.132872509324547,0,sequential_centroid_match,0.005259461579591999,74,2018-03-29,2025-02-18
2,-0.013055231012598036,0.013513624892388856,0.24054523685675688,0.011420840895426224,0.0204195300490235,-0.14172168279852798,0.010117835604825279,0.030213423681449112,0.6952174669998789,1.6756927331062401,1,sequential_centroid_match,0.008221058641460622,74,2018-03-29,2025-02-18
3,0.0046917395908245875,0.02124631776775619,0.5941433821917042,0.011090306194763925,0.046440758020416945,-0.21211334841786972,0.01680123731861391,0.0503979738321884,0.401820054410569,2.0884558224530942,2,sequential_centroid_match,0.020612161933705186,74,2018-03-29,2025-02-18
0,0.004904066982337306,0.010619223521125381,0.6142743332750685,0.00829101768493616,0.065440046772276,0.03658000345180534,0.007685841654264157,0.02297002974899119,0.6573870152797218,-2.145169203275082,0,sequential_centroid_match,0.0033738172197058333,75,2018-03-29,2025-03-18
1,0.004339989251738346,0.03767379073170217,0.5532000545128432,0.04178677662850716,-0.19858054331125305,-0.2840528973844949,0.030951042918270482,0.09224150485329283,1.300508918457875,16.6692593075126,3,sequential_centroid_match,0.007263525317479407,75,2018-03-29,2025-03-18
2,-0.013010849891583699,0.013544019694737276,0.24179924530163888,0.011351588841657129,0.01967123198376862,-0.14170701543772427,0.010131124126726692,0.030237400833291933,0.6914074121138518,1.6562940659999696,1,sequential_centroid_match,0.006683528274014319,75,2018-03-29,2025-03-18
3,0.004444057731518186,0.021259333492848604,0.5900337111806244,0.011029190270549735,0.04499381030720853,-0.21476242065453652,0.01680832145575222,0.05038626282551543,0.39899444556995156,2.100068411569438,2,sequential_centroid_match,0.01197258869811381,75,2018-03-29,2025-03-18
0,0.004137218430415022,0.037980527432692854,0.5475403992160411,0.04017813354893508,-0.18814072907988913,-0.3274100262089234,0.031138090696248986,0.092907140476995,1.2069884707384722,16.094182984995207,3,sequential_centroid_match,0.13771138965617583,76,2018-03-29,2025-04-15
1,-0.013231233182670627,0.013611222905938608,0.2428851271112374,0.011448587105856632,0.018092515100691445,-0.1386671157606248,0.010181347905977203,0.03036560604201928,0.6925591245158278,1.6727135101207105,1,sequential_centroid_match,0.01213540242346281,76,2018-03-29,2025-04-15
2,0.004323924660482731,0.02126458392947045,0.5864228116283356,0.010931825652927314,0.04494309048473717,-0.21789315709957602,0.01680997929410751,0.050407067150499536,0.39474571567079597,2.027758749517244,2,sequential_centroid_match,0.008972688594295484,76,2018-03-29,2025-04-15
3,0.005007574606025558,0.010647776820687141,0.6153692575193092,0.008387235625701529,0.06453703388484444,0.03611895123811999,0.007704136659871099,0.02301915813780215,0.6607703559730204,-2.135524007761344,0,sequential_centroid_match,0.008025917777625825,76,2018-03-29,2025-04-15
0,0.004484173309313135,0.0205366993884067,0.5912940608332697,0.010669272612698729,0.04670322303971544,-0.19680690359690345,0.01614498809772244,0.04842006324804138,0.40932420230398514,1.6361519986537723,2,sequential_centroid_match,0.06924597357343992,77,2018-03-29,2025-05-14
1,0.004845280196666637,0.010518368551748526,0.612083076175227,0.008430193181763648,0.06381811795812531,0.03838876127229439,0.007586827337093595,0.02266143226648975,0.6666609320404139,-2.190017848085589,0,sequential_centroid_match,0.014736680870836186,77,2018-03-29,2025-05-14
2,-0.013383641543888993,0.01364838947844265,0.23986250657870894,0.011941315775912745,0.01407752270898581,-0.13056175368469497,0.010204215407425915,0.030449906557060487,0.7138147443747452,1.7954406771251075,1,sequential_centroid_match,0.03792704779832212,77,2018-03-29,2025-05-14
3,0.004126023401728362,0.0378963652461279,0.5537478030912666,0.03511295086554644,-0.14918556191921475,-0.3605919153817898,0.030880063373045323,0.09234548804275233,0.960884156880847,14.34113071623674,3,sequential_centroid_match,0.3905125504664223,77,2018-03-29,2025-05-14
0,-0.01333158977467484,0.013827044864147204,0.2397610718662464,0.011657623086548254,0.015951175877190908,-0.13851043458467746,0.010353414882539,0.030918770967401792,0.6934195096070518,1.7838946276611711,1,sequential_centroid_match,0.030289490147284517,78,2018-03-29,2025-06-12
1,0.004817417058516167,0.020286274087729688,0.5988795716348552,0.010415440430201043,0.048763821525155224,-0.19029223067296364,0.01592075058584651,0.047766150252681217,0.4057755521429258,1.4617251105785163,2,sequential_centroid_match,0.029979576334008853,78,2018-03-29,2025-06-12
2,0.004876359214052255,0.010383130367113344,0.6128557535973749,0.008603502285763148,0.06183222212743551,0.04404824894609162,0.007464433118303935,0.022296043600567278,0.6792905234306094,-2.1762114186182453,0,sequential_centroid_match,0.02152641862173365,78,2018-03-29,2025-06-12
3,0.004115999719878546,0.0379088783955185,0.5540843820917621,0.03510990793917575,-0.14940034597392754,-0.36056348439368363,0.030871704597955327,0.09234858634536333,0.9604924666084957,14.402365070379865,3,sequential_centroid_match,0.001415244475693798,78,2018-03-29,2025-06-12
0,0.003951916658782121,0.02084931489142826,0.5809508889376725,0.010793963637616031,0.044708719308803255,-0.21098757197437962,0.01641313667176321,0.04924631342631543,0.40257562596786156,1.8714240768422763,2,sequential_centroid_match,0.0658278164355357,79,2018-03-29,2025-07-14
1,-0.012552702077629757,0.013049986904234546,0.25570805144378944,0.011419954478753937,0.01879899048797275,-0.11496431267829618,0.00969660923321824,0.028949962400926205,0.7100973642071698,1.4220588514726165,1,sequential_centroid_match,0.07693743749770691,79,2018-03-29,2025-07-14
2,0.00551269811209653,0.010679306021695267,0.6254403992027052,0.008436207020910172,0.06409435452087978,0.036117935936908846,0.007724363278492562,0.02307783127891362,0.6598620576800542,-2.1920420905682834,0,sequential_centroid_match,0.04211559148225281,79,2018-03-29,2025-07-14
3,0.005057580612300132,0.03825230513607773,0.5729475464042139,0.03667856834226464,-0.16164400283745345,-0.3406280605818887,0.03117203268205993,0.09324157302928651,1.0257377533798615,14.96907427264542,3,sequential_centroid_match,0.1231370328718647,79,2018-03-29,2025-07-14
0,0.004556248478153208,0.010354550478919793,0.6064220322218827,0.008481454010406342,0.06277311878606479,0.04050504024141617,0.007439590781052563,0.022205268217134495,0.6728895689305484,-2.165936086469002,0,sequential_centroid_match,0.0477243634514738,80,2018-03-29,2025-08-11
1,-0.013471106262290849,0.014146358829036842,0.2353351728862137,0.01195326467812217,0.013762064807528982,-0.14199297861464094,0.01060906972768484,0.03169884224450842,0.6960431789321374,2.044309761721957,1,sequential_centroid_match,0.1060262179013705,80,2018-03-29,2025-08-11
2,0.0040932462140754544,0.037899205285261875,0.5546558599214697,0.03505182436778041,-0.15015617663069844,-0.3630919742498506,0.03086594269797175,0.09237122753126559,0.9610164884534875,14.51518905607342,3,sequential_centroid_match,0.12358526506917883,80,2018-03-29,2025-08-11
3,0.00511996492418834,0.020076970607040907,0.6058690189597773,0.010120603104667747,0.051761944113675275,-0.1884513250784015,0.0157284469349344,0.047194172966395984,0.39917452195270087,1.3127241250389794,2,sequential_centroid_match,0.09404951812218218,80,2018-03-29,2025-08-11
0,0.004863623198508034,0.010599578237331427,0.6126164194145602,0.008304605375590414,0.06477962654431975,0.03423998001794851,0.007645808506015024,0.022823679762731867,0.6545868504381098,-2.1657155968672677,0,sequential_centroid_match,0.032501845736919166,81,2018-03-29,2025-09-09
1,0.004342028541429754,0.020824197695919134,0.5888729799912537,0.010754002760915479,0.04586024403148313,-0.20435844658849978,0.016356223983778773,0.04908799771690843,0.4023286861267724,1.847100078861486,2,sequential_centroid_match,0.08108021050702494,81,2018-03-29,2025-09-09
2,0.0050732727075447044,0.03824083104153812,0.5732182662904413,0.03661253501284721,-0.1620794181817904,-0.3463212003492728,0.031159427283276902,0.09326972659328404,1.0271204719381182,15.04985265772537,3,sequential_centroid_match,0.12293277708715455,81,2018-03-29,2025-09-09
3,-0.01306215864943995,0.013525857290431695,0.2440469509532462,0.01168955097808678,0.016425462591253714,-0.12520377478626066,0.010083296854973525,0.030110459978173226,0.7054873527156229,1.7540368066633225,1,sequential_centroid_match,0.05916739844889681,81,2018-03-29,2025-09-09
0,0.004690566513024267,0.02026207375057195,0.5965345552569401,0.010252754652516405,0.050158296961894305,-0.19287984355268878,0.015879283607386725,0.047665208838724084,0.3972478748839158,1.514922193335138,2,sequential_centroid_match,0.058664476119076735,82,2018-03-29,2025-10-07
1,0.00471697903047494,0.01043431543761056,0.609817456482445,0.008357379429115174,0.06392958649637062,0.03893386312655321,0.007503082834216219,0.022393515742129007,0.6613313322449166,-2.171109609408445,0,sequential_centroid_match,0.01747777349501281,82,2018-03-29,2025-10-07
2,-0.013206135872751134,0.0137963605113654,0.24041035299045105,0.011699615388758853,0.01610205725788721,-0.13269180372089082,0.010313925356705009,0.030813170120613617,0.6950666474789053,1.8923320499442697,1,sequential_centroid_match,0.02646972375667922,82,2018-03-29,2025-10-07
3,0.00409409350524295,0.03790383432492151,0.5544060275532681,0.03500401591409532,-0.14973798017224402,-0.36544641855371784,0.030875005660036217,0.09244194508019375,0.9644163061486775,14.639044770572212,3,sequential_centroid_match,0.12387566439146046,82,2018-03-29,2025-10-07
0,-0.013067450988834623,0.013849742612965123,0.2428953586950795,0.011638851717869233,0.016661208151232544,-0.133473628971786,0.010337238931785401,0.030895506804283764,0.6897934482825465,1.885545438732405,1,sequential_centroid_match,0.00888551497497129,83,2018-03-29,2025-11-04
1,0.00471232324337598,0.020090208050489586,0.597004163705302,0.009995041623552,0.05217420929033216,-0.1896034541965573,0.015691278403062153,0.04711439501167337,0.39050343519707753,1.3876076524322343,2,sequential_centroid_match,0.02410446730513059,83,2018-03-29,2025-11-04
2,0.004093049704132564,0.037912676773655465,0.554408146049798,0.034992125755059715,-0.1493936568856094,-0.36665266469684044,0.03087727960987222,0.09246083942113803,0.965791448995155,14.691511058967818,3,sequential_centroid_match,0.0024930738226531285,83,2018-03-29,2025-11-04
3,0.0047256285784270866,0.010369804701950626,0.6100155156481268,0.008387010350750578,0.06351705671337798,0.04199039768923467,0.0074313973970358055,0.022176890522033695,0.663945051823854,-2.1845422885140042,0,sequential_centroid_match,0.007895983599458391,83,2018-03-29,2025-11-04
0,0.004729460039905186,0.010785216209015203,0.6099876465939122,0.007957309370608227,0.06684742660184355,0.026575360557620012,0.00777319966443967,0.0232053522978311,0.6278662735313987,-2.183762014874066,0,sequential_centroid_match,0.0572201506615594,84,2018-03-29,2025-12-03
1,0.005026754907561725,0.038077141845107534,0.5726664532209925,0.03577321960466841,-0.1547474592059521,-0.35699901914713406,0.03102465102742048,0.09289109718969776,0.9986579732129832,14.947150677459685,3,sequential_centroid_match,0.06777125853515707,84,2018-03-29,2025-12-03
2,-0.012517215648959357,0.013107550269470303,0.2543692418798174,0.012437027725812465,0.01048352531315657,-0.10208370339023592,0.009706573803302006,0.028963073403993955,0.7557336485983172,1.8472232548356535,1,sequential_centroid_match,0.10794941294034922,84,2018-03-29,2025-12-03
3,0.0033530475938672788,0.020742927396700056,0.5683410944752753,0.01042308465377454,0.046805961068223934,-0.21238331328448115,0.01623177578465042,0.04872276174309944,0.3873866373204169,1.8907973083283736,2,sequential_centroid_match,0.0846512788067031,84,2018-03-29,2025-12-03
0,-0.012973475262715188,0.01384615389269943,0.24345218354625692,0.01162027223548127,0.016350640892085752,-0.13327157543086104,0.01032889842750367,0.03085759708034294,0.6891662433899155,1.9179797336641693,1,sequential_centroid_match,0.10766285944769831,85,2018-03-29,2026-01-02
1,0.004421584707088334,0.019549644230424965,0.5923283986921278,0.009367231447772665,0.05615028944477712,-0.18755025487884425,0.015214978400040581,0.04564300077889298,0.37883528067923933,1.0851112508825969,2,sequential_centroid_match,0.13046518949936547,85,2018-03-29,2026-01-02
2,0.005177683250803958,0.035300645214806914,0.5821637677743373,0.03057859301283936,-0.11239697728578685,-0.3463503464289603,0.028655140684439695,0.08582923426428729,0.8450765741183281,12.5028223739171,3,sequential_centroid_match,0.4234349335061996,85,2018-03-29,2026-01-02
3,0.004687389139621997,0.010341805293179173,0.6091798022619888,0.008363637333198276,0.06298156612072787,0.043382820764495705,0.007393761179308513,0.022033623906501695,0.6637692856065446,-2.1797611026130257,0,sequential_centroid_match,0.060158714425330134,85,2018-03-29,2026-01-02
0,0.004328991894880096,0.010394221682519071,0.6017409156759247,0.008130255970034236,0.06432604390615887,0.03458238200051435,0.007429819579283797,0.022138795318137113,0.6494945970784662,-2.1926115681549896,0,sequential_centroid_match,0.02527004333996116,86,2018-03-29,2026-02-02
1,0.00458970522011886,0.01989776235785931,0.5959266467452848,0.009449931034806089,0.055357053444532914,-0.2005125718838727,0.0154736800050379,0.04642140432366889,0.3722037668989563,1.1931209623489671,2,sequential_centroid_match,0.03108798729594472,86,2018-03-29,2026-02-02
2,0.005474778558792727,0.03696741685111751,0.5866480110919525,0.03334281091250661,-0.13450116789166697,-0.35434362710238665,0.030043262464915434,0.0900015784022272,0.9246076741147872,13.877770572973704,3,sequential_centroid_match,0.23248390633339736,86,2018-03-29,2026-02-02
3,-0.012764388176483303,0.014171020629572548,0.24696237608922122,0.012362879513570024,0.010557602215387422,-0.13189326479042923,0.010605537534627002,0.03166247329367282,0.7134432356662834,2.248642744358551,1,sequential_centroid_match,0.05825668610273543,86,2018-03-29,2026-02-02
0,0.00403746660873776,0.037939658934419834,0.5558457173420553,0.034924940773277464,-0.14906151152078334,-0.37080242831955407,0.030874782214409587,0.09245471215020934,0.970017232625272,14.849327068480129,3,sequential_centroid_match,0.151013345816062,87,2018-03-29,2026-03-03
1,-0.012282279443731127,0.013134372173619636,0.2581278467209081,0.011271719960297582,0.019915201845790043,-0.11398805890534162,0.009720219335015766,0.02899934518963787,0.6971007387553274,1.534221619300394,1,sequential_centroid_match,0.11524611214666733,87,2018-03-29,2026-03-03
2,0.005265486336666764,0.010733803698068025,0.620604191518369,0.008169106594390229,0.06529672114391602,0.03333455260842501,0.00771361947177414,0.0229888363530678,0.6391981635131998,-2.181776757538797,0,sequential_centroid_match,0.047370344848383684,87,2018-03-29,2026-03-03
3,0.00382811929082989,0.02067437308532359,0.5795216104458495,0.010160937523457717,0.049067443487982684,-0.21566196916252905,0.01612451608631842,0.0483419761263616,0.3806784092099059,1.7410062910722965,2,sequential_centroid_match,0.08583876297677347,87,2018-03-29,2026-03-03
0,0.0043348055287436935,0.010420266427792821,0.6022645743199943,0.008222428692725192,0.06344904437282678,0.03679152961264183,0.007444052530678941,0.02217900234533759,0.652164680560049,-2.1617516850029084,0,sequential_centroid_match,0.047407648889740174,88,2018-03-29,2026-03-31
1,-0.012961227427022506,0.014287630957381618,0.24242297670017315,0.01182539784690394,0.014538260947170742,-0.14169994102101857,0.010705304535309629,0.031977812398054146,0.6822070547656982,2.1629978041823157,1,sequential_centroid_match,0.11153243730930949,88,2018-03-29,2026-03-31
2,0.004059241977918472,0.03793303519148311,0.555307109779906,0.03491114859568864,-0.14900045570958842,-0.36870122829326035,0.030887138948384255,0.09250479304012846,0.9702222369073163,14.908839898907857,3,sequential_centroid_match,0.0025057500929858588,88,2018-03-29,2026-03-31
3,0.004960880572995035,0.02012296490586335,0.603195597109148,0.00963074970164694,0.054315932529458225,-0.19655876447993342,0.015665579329620146,0.04697981064446276,0.37487490793075096,1.2953276093750485,2,sequential_centroid_match,0.07532297128591373,88,2018-03-29,2026-03-31
0,-0.0127477131587372,0.013952518262725774,0.24697947724385205,0.011491787048749124,0.01739770722678692,-0.13355271393478285,0.010407580645278927,0.031087370341532253,0.6774713139043325,1.930157080388485,1,sequential_centroid_match,0.03788918979639195,89,2018-03-29,2026-04-29
1,0.004601620531531377,0.020242308127320318,0.5956327155547017,0.00970253746356809,0.05318063717198195,-0.19838176262263446,0.01576299891265889,0.047286517528400164,0.3744348551508818,1.3950923682422554,2,sequential_centroid_match,0.018653059542691114,89,2018-03-29,2026-04-29
2,0.004617204985606659,0.010468398328532455,0.6079298844527138,0.008276405336994832,0.06329510328996903,0.04024466476589518,0.007477901446515551,0.022289269076577314,0.6528173802876547,-2.1685067469740935,0,sequential_centroid_match,0.012280019951903406,89,2018-03-29,2026-04-29
3,0.004054501259343016,0.037923755281378646,0.555411626618783,0.03488475739197733,-0.14912380367972322,-0.3680768237312375,0.030891039393735296,0.09253543984541643,0.9705957710538118,14.924013736182216,3,sequential_centroid_match,0.0017428108138907773,89,2018-03-29,2026-04-29
0,0.0047879500172948505,0.020205508684263854,0.5996109572517625,0.009567964308141356,0.05371256735097442,-0.19547267673512703,0.015714065830651838,0.047176855693969066,0.37048053588741725,1.3286900304683282,2,sequential_centroid_match,0.011960275792117323,90,2018-03-29,2026-05-28
1,-0.012918697385007687,0.014257131486081504,0.24263116066951795,0.011815032112931714,0.014283407487527558,-0.13858481916256973,0.01066431207549798,0.03186681592018824,0.6820108794518902,2.1586527773439386,1,sequential_centroid_match,0.034990275879469866,90,2018-03-29,2026-05-28
2,0.004327799621114188,0.010482721528239385,0.601969074623519,0.00818449219887222,0.06336485885043448,0.03750423095111237,0.007484418666082994,0.022308724822415416,0.6472699272326718,-2.1597517903316166,0,sequential_centroid_match,0.013716792259721831,90,2018-03-29,2026-05-28
3,0.004047794839450886,0.03792941442270647,0.555662440855862,0.0348546704040342,-0.14924772075167814,-0.36752296807643364,0.03087879069788637,0.09255735960928746,0.9716095613274189,14.944967383283185,3,sequential_centroid_match,0.002156513957515252,90,2018-03-29,2026-05-28
0,0.004705286033178165,0.010859588866149485,0.6093196114606756,0.007961950879312446,0.06559399105198423,0.02792681998694052,0.0078014231724368365,0.023268143206291492,0.6232498222222626,-2.1617791103268016,0,sequential_centroid_match,0.04573309482206581,91,2018-03-29,2026-06-26
1,0.0036246122247031096,0.021263527220487455,0.5742849945498213,0.010021060936092046,0.04844176612219077,-0.22406487580662776,0.016630317278640713,0.0499210288410121,0.3568304832331183,1.9364280029194765,2,sequential_centroid_match,0.11095260598429924,91,2018-03-29,2026-06-26
2,0.004179604917015862,0.038070109446224756,0.5573987049336876,0.03794785078789267,-0.17464105500616425,-0.3339657417400637,0.031052296248800786,0.0930095680068515,1.119246121570329,15.927342068032315,3,sequential_centroid_match,0.24683245077675148,91,2018-03-29,2026-06-26
3,-0.012282194548899375,0.013513671458295639,0.2563637745033781,0.011880021079770585,0.014311989749321019,-0.11348526771083489,0.01003295457618334,0.02995191807648679,0.7119581824857102,1.8649504190109591,1,sequential_centroid_match,0.07735789227019059,91,2018-03-29,2026-06-26
